message_id,activity,label
18165,Provide URL,0
1616282,Provide URL,0
27879,Provide URL,0
15444,Provide URL,0
21872,Provide URL,0
18683,Provide URL,1
422978,Provide URL,1
234553,Provide URL,0
15443,Provide URL,0
152179,Provide URL,0
1260823,Provide URL,0
1607888,Provide URL,0
71905,Provide URL,0
14298,Provide URL,0
80516,Provide URL,1
86214,Provide URL,0
231306,Provide URL,0
464298,Provide URL,0
436404,Provide URL,0
232826,Provide URL,0
2230333,Provide URL,0
18160,Provide URL,0
17672,Provide URL,1
1545446,Provide URL,1
2559,Provide URL,0
1772321,Provide URL,0
534204,Provide URL,0
15445,Provide URL,1
2490587,Provide URL,0
11036,Provide URL,0
742408,Provide URL,1
583479,Provide URL,0
616,Provide URL,0
2558,Provide URL,0
86213,Provide URL,0
2230334,Provide URL,0
2490588,Provide URL,0
86212,Provide URL,1
535800,Provide URL,0
436399,Provide URL,1
46565,Provide URL,1
27880,Provide URL,0
5805,Provide URL,0
10659,Provide URL,0
1406114,Provide URL,0
45545,Provide URL,1
232825,Provide URL,0
14300,Provide URL,0
583481,Provide URL,1
436403,Provide URL,0
57474,Provide URL,0
46567,Provide URL,0
422977,Provide URL,1
18685,Provide URL,0
1097366,Provide URL,0
231305,Provide URL,0
1745,Provide URL,0
318645,Provide URL,0
1406115,Provide URL,0
21491,Provide URL,0
437336,Provide URL,1
15446,Provide URL,1
225339,Provide URL,0
3733,Provide URL,0
786787,Provide URL,0
16425,Provide URL,1
21861,Provide URL,0
20040,Provide URL,0
2555,Provide URL,0
21859,Provide URL,0
183676,Provide URL,0
534207,Provide URL,0
15447,Provide URL,0
13558,Provide URL,1
1097367,Provide URL,1
5806,Provide URL,0
18161,Provide URL,0
14292,Provide URL,1
2590380,Provide URL,1
233782,Provide URL,1
18165,Request to not send personal details,0
1616282,Request to not send personal details,0
27879,Request to not send personal details,0
15444,Request to not send personal details,0
21872,Request to not send personal details,0
18683,Request to not send personal details,0
422978,Request to not send personal details,0
234553,Request to not send personal details,0
15443,Request to not send personal details,0
152179,Request to not send personal details,0
1260823,Request to not send personal details,0
1607888,Request to not send personal details,0
71905,Request to not send personal details,0
14298,Request to not send personal details,0
80516,Request to not send personal details,0
86214,Request to not send personal details,0
231306,Request to not send personal details,0
464298,Request to not send personal details,0
436404,Request to not send personal details,0
232826,Request to not send personal details,0
2230333,Request to not send personal details,0
18160,Request to not send personal details,0
17672,Request to not send personal details,0
1545446,Request to not send personal details,0
2559,Request to not send personal details,0
1772321,Request to not send personal details,0
534204,Request to not send personal details,0
15445,Request to not send personal details,0
2490587,Request to not send personal details,0
11036,Request to not send personal details,0
742408,Request to not send personal details,0
583479,Request to not send personal details,0
616,Request to not send personal details,0
2558,Request to not send personal details,0
86213,Request to not send personal details,0
2230334,Request to not send personal details,0
2490588,Request to not send personal details,0
86212,Request to not send personal details,0
535800,Request to not send personal details,0
436399,Request to not send personal details,0
46565,Request to not send personal details,0
27880,Request to not send personal details,0
5805,Request to not send personal details,0
10659,Request to not send personal details,0
1406114,Request to not send personal details,0
45545,Request to not send personal details,0
232825,Request to not send personal details,1
14300,Request to not send personal details,0
583481,Request to not send personal details,0
436403,Request to not send personal details,0
57474,Request to not send personal details,0
46567,Request to not send personal details,0
422977,Request to not send personal details,0
18685,Request to not send personal details,0
1097366,Request to not send personal details,0
231305,Request to not send personal details,0
1745,Request to not send personal details,0
318645,Request to not send personal details,0
1406115,Request to not send personal details,0
21491,Request to not send personal details,0
437336,Request to not send personal details,0
15446,Request to not send personal details,0
225339,Request to not send personal details,0
3733,Request to not send personal details,0
786787,Request to not send personal details,0
16425,Request to not send personal details,0
21861,Request to not send personal details,0
20040,Request to not send personal details,0
2555,Request to not send personal details,0
21859,Request to not send personal details,0
183676,Request to not send personal details,0
534207,Request to not send personal details,0
15447,Request to not send personal details,0
13558,Request to not send personal details,0
1097367,Request to not send personal details,0
5806,Request to not send personal details,0
18161,Request to not send personal details,0
14292,Request to not send personal details,0
2590380,Request to not send personal details,0
233782,Request to not send personal details,0
18165,Provide delivery date,0
1616282,Provide delivery date,0
27879,Provide delivery date,0
15444,Provide delivery date,1
21872,Provide delivery date,0
18683,Provide delivery date,0
422978,Provide delivery date,0
234553,Provide delivery date,0
15443,Provide delivery date,0
152179,Provide delivery date,0
1260823,Provide delivery date,0
1607888,Provide delivery date,0
71905,Provide delivery date,0
14298,Provide delivery date,0
80516,Provide delivery date,0
86214,Provide delivery date,0
231306,Provide delivery date,0
464298,Provide delivery date,0
436404,Provide delivery date,0
232826,Provide delivery date,0
2230333,Provide delivery date,0
18160,Provide delivery date,0
17672,Provide delivery date,0
1545446,Provide delivery date,0
2559,Provide delivery date,0
1772321,Provide delivery date,0
534204,Provide delivery date,0
15445,Provide delivery date,0
2490587,Provide delivery date,0
11036,Provide delivery date,0
742408,Provide delivery date,0
583479,Provide delivery date,0
616,Provide delivery date,1
2558,Provide delivery date,0
86213,Provide delivery date,0
2230334,Provide delivery date,0
2490588,Provide delivery date,0
86212,Provide delivery date,0
535800,Provide delivery date,0
436399,Provide delivery date,0
46565,Provide delivery date,0
27880,Provide delivery date,0
5805,Provide delivery date,1
10659,Provide delivery date,0
1406114,Provide delivery date,0
45545,Provide delivery date,0
232825,Provide delivery date,0
14300,Provide delivery date,0
583481,Provide delivery date,0
436403,Provide delivery date,0
57474,Provide delivery date,0
46567,Provide delivery date,0
422977,Provide delivery date,0
18685,Provide delivery date,0
1097366,Provide delivery date,0
231305,Provide delivery date,0
1745,Provide delivery date,0
318645,Provide delivery date,0
1406115,Provide delivery date,0
21491,Provide delivery date,0
437336,Provide delivery date,0
15446,Provide delivery date,0
225339,Provide delivery date,0
3733,Provide delivery date,0
786787,Provide delivery date,0
16425,Provide delivery date,0
21861,Provide delivery date,0
20040,Provide delivery date,0
2555,Provide delivery date,1
21859,Provide delivery date,0
183676,Provide delivery date,0
534207,Provide delivery date,0
15447,Provide delivery date,0
13558,Provide delivery date,0
1097367,Provide delivery date,0
5806,Provide delivery date,1
18161,Provide delivery date,0
14292,Provide delivery date,0
2590380,Provide delivery date,0
233782,Provide delivery date,0
18165,Apologize,0
1616282,Apologize,0
27879,Apologize,0
15444,Apologize,0
21872,Apologize,0
18683,Apologize,0
422978,Apologize,0
234553,Apologize,0
15443,Apologize,0
152179,Apologize,0
1260823,Apologize,0
1607888,Apologize,1
71905,Apologize,0
14298,Apologize,0
80516,Apologize,0
86214,Apologize,0
231306,Apologize,0
464298,Apologize,0
436404,Apologize,0
232826,Apologize,0
2230333,Apologize,1
18160,Apologize,0
17672,Apologize,0
1545446,Apologize,0
2559,Apologize,0
1772321,Apologize,0
534204,Apologize,0
15445,Apologize,0
2490587,Apologize,0
11036,Apologize,0
742408,Apologize,0
583479,Apologize,0
616,Apologize,0
2558,Apologize,0
86213,Apologize,0
2230334,Apologize,0
2490588,Apologize,0
86212,Apologize,0
535800,Apologize,0
436399,Apologize,1
46565,Apologize,0
27880,Apologize,0
5805,Apologize,0
10659,Apologize,0
1406114,Apologize,0
45545,Apologize,1
232825,Apologize,0
14300,Apologize,0
583481,Apologize,0
436403,Apologize,0
57474,Apologize,0
46567,Apologize,1
422977,Apologize,1
18685,Apologize,0
1097366,Apologize,0
231305,Apologize,1
1745,Apologize,0
318645,Apologize,0
1406115,Apologize,0
21491,Apologize,0
437336,Apologize,1
15446,Apologize,1
225339,Apologize,0
3733,Apologize,0
786787,Apologize,0
16425,Apologize,0
21861,Apologize,0
20040,Apologize,0
2555,Apologize,0
21859,Apologize,1
183676,Apologize,0
534207,Apologize,0
15447,Apologize,0
13558,Apologize,0
1097367,Apologize,0
5806,Apologize,0
18161,Apologize,0
14292,Apologize,1
2590380,Apologize,1
233782,Apologize,1
18165,Refer to specialist team,0
1616282,Refer to specialist team,0
27879,Refer to specialist team,0
15444,Refer to specialist team,0
21872,Refer to specialist team,0
18683,Refer to specialist team,0
422978,Refer to specialist team,0
234553,Refer to specialist team,0
15443,Refer to specialist team,0
152179,Refer to specialist team,0
1260823,Refer to specialist team,0
1607888,Refer to specialist team,0
71905,Refer to specialist team,0
14298,Refer to specialist team,0
80516,Refer to specialist team,0
86214,Refer to specialist team,0
231306,Refer to specialist team,0
464298,Refer to specialist team,0
436404,Refer to specialist team,0
232826,Refer to specialist team,0
2230333,Refer to specialist team,0
18160,Refer to specialist team,1
17672,Refer to specialist team,0
1545446,Refer to specialist team,0
2559,Refer to specialist team,0
1772321,Refer to specialist team,0
534204,Refer to specialist team,0
15445,Refer to specialist team,0
2490587,Refer to specialist team,0
11036,Refer to specialist team,0
742408,Refer to specialist team,0
583479,Refer to specialist team,0
616,Refer to specialist team,0
2558,Refer to specialist team,0
86213,Refer to specialist team,0
2230334,Refer to specialist team,0
2490588,Refer to specialist team,0
86212,Refer to specialist team,0
535800,Refer to specialist team,0
436399,Refer to specialist team,0
46565,Refer to specialist team,0
27880,Refer to specialist team,0
5805,Refer to specialist team,0
10659,Refer to specialist team,0
1406114,Refer to specialist team,0
45545,Refer to specialist team,0
232825,Refer to specialist team,0
14300,Refer to specialist team,0
583481,Refer to specialist team,0
436403,Refer to specialist team,0
57474,Refer to specialist team,0
46567,Refer to specialist team,0
422977,Refer to specialist team,0
18685,Refer to specialist team,0
1097366,Refer to specialist team,0
231305,Refer to specialist team,0
1745,Refer to specialist team,0
318645,Refer to specialist team,0
1406115,Refer to specialist team,0
21491,Refer to specialist team,0
437336,Refer to specialist team,0
15446,Refer to specialist team,0
225339,Refer to specialist team,0
3733,Refer to specialist team,0
786787,Refer to specialist team,0
16425,Refer to specialist team,0
21861,Refer to specialist team,0
20040,Refer to specialist team,0
2555,Refer to specialist team,0
21859,Refer to specialist team,0
183676,Refer to specialist team,0
534207,Refer to specialist team,0
15447,Refer to specialist team,0
13558,Refer to specialist team,0
1097367,Refer to specialist team,0
5806,Refer to specialist team,0
18161,Refer to specialist team,0
14292,Refer to specialist team,0
2590380,Refer to specialist team,0
233782,Refer to specialist team,0
18165,Request to call by phone,0
1616282,Request to call by phone,0
27879,Request to call by phone,0
15444,Request to call by phone,0
21872,Request to call by phone,0
18683,Request to call by phone,0
422978,Request to call by phone,0
234553,Request to call by phone,0
15443,Request to call by phone,0
152179,Request to call by phone,0
1260823,Request to call by phone,0
1607888,Request to call by phone,0
71905,Request to call by phone,0
14298,Request to call by phone,0
80516,Request to call by phone,0
86214,Request to call by phone,0
231306,Request to call by phone,0
464298,Request to call by phone,0
436404,Request to call by phone,0
232826,Request to call by phone,0
2230333,Request to call by phone,0
18160,Request to call by phone,0
17672,Request to call by phone,0
1545446,Request to call by phone,0
2559,Request to call by phone,0
1772321,Request to call by phone,0
534204,Request to call by phone,0
15445,Request to call by phone,1
2490587,Request to call by phone,0
11036,Request to call by phone,0
742408,Request to call by phone,1
583479,Request to call by phone,0
616,Request to call by phone,0
2558,Request to call by phone,0
86213,Request to call by phone,0
2230334,Request to call by phone,0
2490588,Request to call by phone,0
86212,Request to call by phone,0
535800,Request to call by phone,0
436399,Request to call by phone,0
46565,Request to call by phone,0
27880,Request to call by phone,0
5805,Request to call by phone,0
10659,Request to call by phone,0
1406114,Request to call by phone,0
45545,Request to call by phone,0
232825,Request to call by phone,0
14300,Request to call by phone,0
583481,Request to call by phone,0
436403,Request to call by phone,0
57474,Request to call by phone,0
46567,Request to call by phone,0
422977,Request to call by phone,0
18685,Request to call by phone,0
1097366,Request to call by phone,0
231305,Request to call by phone,0
1745,Request to call by phone,0
318645,Request to call by phone,0
1406115,Request to call by phone,0
21491,Request to call by phone,0
437336,Request to call by phone,1
15446,Request to call by phone,0
225339,Request to call by phone,0
3733,Request to call by phone,0
786787,Request to call by phone,0
16425,Request to call by phone,0
21861,Request to call by phone,0
20040,Request to call by phone,0
2555,Request to call by phone,0
21859,Request to call by phone,0
183676,Request to call by phone,0
534207,Request to call by phone,0
15447,Request to call by phone,0
13558,Request to call by phone,0
1097367,Request to call by phone,1
5806,Request to call by phone,0
18161,Request to call by phone,0
14292,Request to call by phone,0
2590380,Request to call by phone,0
233782,Request to call by phone,0
18165,Request to reach out by chat,0
1616282,Request to reach out by chat,0
27879,Request to reach out by chat,0
15444,Request to reach out by chat,0
21872,Request to reach out by chat,0
18683,Request to reach out by chat,0
422978,Request to reach out by chat,0
234553,Request to reach out by chat,0
15443,Request to reach out by chat,0
152179,Request to reach out by chat,0
1260823,Request to reach out by chat,0
1607888,Request to reach out by chat,0
71905,Request to reach out by chat,0
14298,Request to reach out by chat,0
80516,Request to reach out by chat,0
86214,Request to reach out by chat,0
231306,Request to reach out by chat,0
464298,Request to reach out by chat,0
436404,Request to reach out by chat,0
232826,Request to reach out by chat,0
2230333,Request to reach out by chat,0
18160,Request to reach out by chat,0
17672,Request to reach out by chat,0
1545446,Request to reach out by chat,0
2559,Request to reach out by chat,0
1772321,Request to reach out by chat,0
534204,Request to reach out by chat,0
15445,Request to reach out by chat,1
2490587,Request to reach out by chat,0
11036,Request to reach out by chat,0
742408,Request to reach out by chat,1
583479,Request to reach out by chat,0
616,Request to reach out by chat,0
2558,Request to reach out by chat,0
86213,Request to reach out by chat,0
2230334,Request to reach out by chat,0
2490588,Request to reach out by chat,0
86212,Request to reach out by chat,0
535800,Request to reach out by chat,0
436399,Request to reach out by chat,0
46565,Request to reach out by chat,0
27880,Request to reach out by chat,0
5805,Request to reach out by chat,0
10659,Request to reach out by chat,0
1406114,Request to reach out by chat,0
45545,Request to reach out by chat,0
232825,Request to reach out by chat,0
14300,Request to reach out by chat,0
583481,Request to reach out by chat,0
436403,Request to reach out by chat,0
57474,Request to reach out by chat,0
46567,Request to reach out by chat,0
422977,Request to reach out by chat,0
18685,Request to reach out by chat,0
1097366,Request to reach out by chat,0
231305,Request to reach out by chat,0
1745,Request to reach out by chat,0
318645,Request to reach out by chat,0
1406115,Request to reach out by chat,0
21491,Request to reach out by chat,0
437336,Request to reach out by chat,0
15446,Request to reach out by chat,0
225339,Request to reach out by chat,0
3733,Request to reach out by chat,0
786787,Request to reach out by chat,0
16425,Request to reach out by chat,0
21861,Request to reach out by chat,0
20040,Request to reach out by chat,0
2555,Request to reach out by chat,0
21859,Request to reach out by chat,0
183676,Request to reach out by chat,0
534207,Request to reach out by chat,0
15447,Request to reach out by chat,0
13558,Request to reach out by chat,0
1097367,Request to reach out by chat,0
5806,Request to reach out by chat,0
18161,Request to reach out by chat,0
14292,Request to reach out by chat,0
2590380,Request to reach out by chat,0
233782,Request to reach out by chat,0
18165,Investigate Issue,0
1616282,Investigate Issue,0
27879,Investigate Issue,0
15444,Investigate Issue,0
21872,Investigate Issue,0
18683,Investigate Issue,0
422978,Investigate Issue,0
234553,Investigate Issue,0
15443,Investigate Issue,0
152179,Investigate Issue,0
1260823,Investigate Issue,0
1607888,Investigate Issue,0
71905,Investigate Issue,0
14298,Investigate Issue,0
80516,Investigate Issue,0
86214,Investigate Issue,0
231306,Investigate Issue,0
464298,Investigate Issue,0
436404,Investigate Issue,0
232826,Investigate Issue,0
2230333,Investigate Issue,0
18160,Investigate Issue,0
17672,Investigate Issue,0
1545446,Investigate Issue,0
2559,Investigate Issue,0
1772321,Investigate Issue,0
534204,Investigate Issue,1
15445,Investigate Issue,1
2490587,Investigate Issue,0
11036,Investigate Issue,0
742408,Investigate Issue,1
583479,Investigate Issue,0
616,Investigate Issue,0
2558,Investigate Issue,0
86213,Investigate Issue,0
2230334,Investigate Issue,0
2490588,Investigate Issue,0
86212,Investigate Issue,0
535800,Investigate Issue,0
436399,Investigate Issue,1
46565,Investigate Issue,0
27880,Investigate Issue,0
5805,Investigate Issue,0
10659,Investigate Issue,0
1406114,Investigate Issue,0
45545,Investigate Issue,0
232825,Investigate Issue,0
14300,Investigate Issue,0
583481,Investigate Issue,0
436403,Investigate Issue,0
57474,Investigate Issue,0
46567,Investigate Issue,0
422977,Investigate Issue,0
18685,Investigate Issue,0
1097366,Investigate Issue,0
231305,Investigate Issue,0
1745,Investigate Issue,0
318645,Investigate Issue,0
1406115,Investigate Issue,0
21491,Investigate Issue,0
437336,Investigate Issue,0
15446,Investigate Issue,0
225339,Investigate Issue,0
3733,Investigate Issue,0
786787,Investigate Issue,0
16425,Investigate Issue,0
21861,Investigate Issue,0
20040,Investigate Issue,0
2555,Investigate Issue,0
21859,Investigate Issue,0
183676,Investigate Issue,0
534207,Investigate Issue,0
15447,Investigate Issue,0
13558,Investigate Issue,0
1097367,Investigate Issue,1
5806,Investigate Issue,0
18161,Investigate Issue,0
14292,Investigate Issue,0
2590380,Investigate Issue,0
233782,Investigate Issue,0
18165,Delivery,0
1616282,Delivery,1
27879,Delivery,0
15444,Delivery,1
21872,Delivery,0
18683,Delivery,0
422978,Delivery,0
234553,Delivery,0
15443,Delivery,1
152179,Delivery,0
1260823,Delivery,0
1607888,Delivery,0
71905,Delivery,0
14298,Delivery,1
80516,Delivery,0
86214,Delivery,0
231306,Delivery,0
464298,Delivery,0
436404,Delivery,0
232826,Delivery,1
2230333,Delivery,0
18160,Delivery,0
17672,Delivery,0
1545446,Delivery,0
2559,Delivery,1
1772321,Delivery,1
534204,Delivery,0
15445,Delivery,0
2490587,Delivery,0
11036,Delivery,0
742408,Delivery,0
583479,Delivery,1
616,Delivery,1
2558,Delivery,0
86213,Delivery,0
2230334,Delivery,0
2490588,Delivery,0
86212,Delivery,0
535800,Delivery,1
436399,Delivery,0
46565,Delivery,0
27880,Delivery,0
5805,Delivery,1
10659,Delivery,1
1406114,Delivery,0
45545,Delivery,0
232825,Delivery,0
14300,Delivery,0
583481,Delivery,1
436403,Delivery,0
57474,Delivery,0
46567,Delivery,0
422977,Delivery,0
18685,Delivery,1
1097366,Delivery,0
231305,Delivery,0
1745,Delivery,0
318645,Delivery,0
1406115,Delivery,0
21491,Delivery,0
437336,Delivery,0
15446,Delivery,1
225339,Delivery,1
3733,Delivery,0
786787,Delivery,0
16425,Delivery,0
21861,Delivery,0
20040,Delivery,0
2555,Delivery,1
21859,Delivery,0
183676,Delivery,0
534207,Delivery,0
15447,Delivery,1
13558,Delivery,1
1097367,Delivery,0
5806,Delivery,1
18161,Delivery,0
14292,Delivery,1
2590380,Delivery,1
233782,Delivery,0
18165,Prime,0
1616282,Prime,0
27879,Prime,0
15444,Prime,0
21872,Prime,0
18683,Prime,0
422978,Prime,0
234553,Prime,0
15443,Prime,1
152179,Prime,0
1260823,Prime,0
1607888,Prime,0
71905,Prime,0
14298,Prime,0
80516,Prime,0
86214,Prime,0
231306,Prime,1
464298,Prime,0
436404,Prime,0
232826,Prime,0
2230333,Prime,0
18160,Prime,0
17672,Prime,0
1545446,Prime,0
2559,Prime,0
1772321,Prime,1
534204,Prime,0
15445,Prime,0
2490587,Prime,0
11036,Prime,0
742408,Prime,0
583479,Prime,0
616,Prime,0
2558,Prime,0
86213,Prime,0
2230334,Prime,0
2490588,Prime,0
86212,Prime,0
535800,Prime,1
436399,Prime,0
46565,Prime,0
27880,Prime,0
5805,Prime,0
10659,Prime,0
1406114,Prime,0
45545,Prime,0
232825,Prime,0
14300,Prime,1
583481,Prime,1
436403,Prime,0
57474,Prime,0
46567,Prime,0
422977,Prime,0
18685,Prime,0
1097366,Prime,0
231305,Prime,1
1745,Prime,0
318645,Prime,0
1406115,Prime,0
21491,Prime,0
437336,Prime,0
15446,Prime,0
225339,Prime,0
3733,Prime,0
786787,Prime,0
16425,Prime,0
21861,Prime,0
20040,Prime,0
2555,Prime,0
21859,Prime,0
183676,Prime,0
534207,Prime,0
15447,Prime,0
13558,Prime,0
1097367,Prime,0
5806,Prime,1
18161,Prime,0
14292,Prime,0
2590380,Prime,0
233782,Prime,0
18165,Alexa,0
1616282,Alexa,0
27879,Alexa,0
15444,Alexa,0
21872,Alexa,0
18683,Alexa,0
422978,Alexa,0
234553,Alexa,0
15443,Alexa,0
152179,Alexa,0
1260823,Alexa,0
1607888,Alexa,0
71905,Alexa,0
14298,Alexa,0
80516,Alexa,0
86214,Alexa,0
231306,Alexa,0
464298,Alexa,0
436404,Alexa,0
232826,Alexa,0
2230333,Alexa,0
18160,Alexa,0
17672,Alexa,0
1545446,Alexa,0
2559,Alexa,0
1772321,Alexa,0
534204,Alexa,0
15445,Alexa,0
2490587,Alexa,0
11036,Alexa,1
742408,Alexa,0
583479,Alexa,0
616,Alexa,0
2558,Alexa,0
86213,Alexa,0
2230334,Alexa,0
2490588,Alexa,0
86212,Alexa,0
535800,Alexa,0
436399,Alexa,0
46565,Alexa,0
27880,Alexa,0
5805,Alexa,0
10659,Alexa,0
1406114,Alexa,0
45545,Alexa,0
232825,Alexa,0
14300,Alexa,0
583481,Alexa,0
436403,Alexa,0
57474,Alexa,0
46567,Alexa,0
422977,Alexa,0
18685,Alexa,0
1097366,Alexa,0
231305,Alexa,0
1745,Alexa,0
318645,Alexa,0
1406115,Alexa,0
21491,Alexa,0
437336,Alexa,0
15446,Alexa,0
225339,Alexa,0
3733,Alexa,0
786787,Alexa,0
16425,Alexa,1
21861,Alexa,1
20040,Alexa,0
2555,Alexa,0
21859,Alexa,0
183676,Alexa,0
534207,Alexa,0
15447,Alexa,0
13558,Alexa,0
1097367,Alexa,0
5806,Alexa,0
18161,Alexa,0
14292,Alexa,0
2590380,Alexa,0
233782,Alexa,0
18165,Kindle,0
1616282,Kindle,0
27879,Kindle,0
15444,Kindle,0
21872,Kindle,0
18683,Kindle,0
422978,Kindle,0
234553,Kindle,0
15443,Kindle,0
152179,Kindle,0
1260823,Kindle,0
1607888,Kindle,0
71905,Kindle,0
14298,Kindle,0
80516,Kindle,0
86214,Kindle,0
231306,Kindle,0
464298,Kindle,0
436404,Kindle,0
232826,Kindle,0
2230333,Kindle,0
18160,Kindle,0
17672,Kindle,0
1545446,Kindle,0
2559,Kindle,0
1772321,Kindle,0
534204,Kindle,0
15445,Kindle,0
2490587,Kindle,0
11036,Kindle,0
742408,Kindle,0
583479,Kindle,0
616,Kindle,0
2558,Kindle,0
86213,Kindle,0
2230334,Kindle,0
2490588,Kindle,0
86212,Kindle,0
535800,Kindle,0
436399,Kindle,0
46565,Kindle,0
27880,Kindle,0
5805,Kindle,0
10659,Kindle,0
1406114,Kindle,0
45545,Kindle,0
232825,Kindle,0
14300,Kindle,0
583481,Kindle,0
436403,Kindle,0
57474,Kindle,0
46567,Kindle,1
422977,Kindle,0
18685,Kindle,0
1097366,Kindle,0
231305,Kindle,0
1745,Kindle,1
318645,Kindle,0
1406115,Kindle,0
21491,Kindle,0
437336,Kindle,0
15446,Kindle,0
225339,Kindle,0
3733,Kindle,0
786787,Kindle,0
16425,Kindle,0
21861,Kindle,0
20040,Kindle,0
2555,Kindle,0
21859,Kindle,0
183676,Kindle,0
534207,Kindle,0
15447,Kindle,0
13558,Kindle,0
1097367,Kindle,0
5806,Kindle,0
18161,Kindle,0
14292,Kindle,0
2590380,Kindle,0
233782,Kindle,0
18165,Echo,0
1616282,Echo,0
27879,Echo,0
15444,Echo,0
21872,Echo,0
18683,Echo,0
422978,Echo,0
234553,Echo,0
15443,Echo,0
152179,Echo,1
1260823,Echo,0
1607888,Echo,0
71905,Echo,0
14298,Echo,0
80516,Echo,0
86214,Echo,0
231306,Echo,0
464298,Echo,0
436404,Echo,0
232826,Echo,0
2230333,Echo,0
18160,Echo,0
17672,Echo,1
1545446,Echo,0
2559,Echo,0
1772321,Echo,0
534204,Echo,0
15445,Echo,0
2490587,Echo,0
11036,Echo,0
742408,Echo,0
583479,Echo,0
616,Echo,0
2558,Echo,0
86213,Echo,0
2230334,Echo,0
2490588,Echo,0
86212,Echo,0
535800,Echo,0
436399,Echo,0
46565,Echo,0
27880,Echo,0
5805,Echo,0
10659,Echo,0
1406114,Echo,1
45545,Echo,0
232825,Echo,0
14300,Echo,0
583481,Echo,0
436403,Echo,0
57474,Echo,0
46567,Echo,0
422977,Echo,0
18685,Echo,0
1097366,Echo,0
231305,Echo,0
1745,Echo,0
318645,Echo,0
1406115,Echo,1
21491,Echo,0
437336,Echo,0
15446,Echo,0
225339,Echo,0
3733,Echo,0
786787,Echo,0
16425,Echo,0
21861,Echo,0
20040,Echo,0
2555,Echo,0
21859,Echo,0
183676,Echo,0
534207,Echo,0
15447,Echo,0
13558,Echo,0
1097367,Echo,0
5806,Echo,0
18161,Echo,0
14292,Echo,0
2590380,Echo,0
233782,Echo,0
18165,Bad Support,0
1616282,Bad Support,0
27879,Bad Support,0
15444,Bad Support,1
21872,Bad Support,0
18683,Bad Support,0
422978,Bad Support,0
234553,Bad Support,1
15443,Bad Support,1
152179,Bad Support,0
1260823,Bad Support,0
1607888,Bad Support,0
71905,Bad Support,0
14298,Bad Support,1
80516,Bad Support,0
86214,Bad Support,0
231306,Bad Support,1
464298,Bad Support,0
436404,Bad Support,0
232826,Bad Support,1
2230333,Bad Support,0
18160,Bad Support,0
17672,Bad Support,0
1545446,Bad Support,0
2559,Bad Support,0
1772321,Bad Support,1
534204,Bad Support,0
15445,Bad Support,0
2490587,Bad Support,0
11036,Bad Support,0
742408,Bad Support,0
583479,Bad Support,0
616,Bad Support,1
2558,Bad Support,0
86213,Bad Support,0
2230334,Bad Support,0
2490588,Bad Support,0
86212,Bad Support,0
535800,Bad Support,1
436399,Bad Support,0
46565,Bad Support,0
27880,Bad Support,1
5805,Bad Support,1
10659,Bad Support,0
1406114,Bad Support,0
45545,Bad Support,0
232825,Bad Support,0
14300,Bad Support,1
583481,Bad Support,1
436403,Bad Support,1
57474,Bad Support,0
46567,Bad Support,0
422977,Bad Support,0
18685,Bad Support,0
1097366,Bad Support,1
231305,Bad Support,0
1745,Bad Support,0
318645,Bad Support,0
1406115,Bad Support,0
21491,Bad Support,0
437336,Bad Support,0
15446,Bad Support,0
225339,Bad Support,1
3733,Bad Support,0
786787,Bad Support,1
16425,Bad Support,0
21861,Bad Support,0
20040,Bad Support,0
2555,Bad Support,1
21859,Bad Support,0
183676,Bad Support,1
534207,Bad Support,0
15447,Bad Support,1
13558,Bad Support,0
1097367,Bad Support,0
5806,Bad Support,1
18161,Bad Support,1
14292,Bad Support,0
2590380,Bad Support,0
233782,Bad Support,0
18165,Order Cancellation,0
1616282,Order Cancellation,0
27879,Order Cancellation,0
15444,Order Cancellation,0
21872,Order Cancellation,0
18683,Order Cancellation,0
422978,Order Cancellation,0
234553,Order Cancellation,0
15443,Order Cancellation,0
152179,Order Cancellation,0
1260823,Order Cancellation,1
1607888,Order Cancellation,0
71905,Order Cancellation,0
14298,Order Cancellation,0
80516,Order Cancellation,0
86214,Order Cancellation,1
231306,Order Cancellation,1
464298,Order Cancellation,0
436404,Order Cancellation,0
232826,Order Cancellation,0
2230333,Order Cancellation,0
18160,Order Cancellation,0
17672,Order Cancellation,0
1545446,Order Cancellation,0
2559,Order Cancellation,0
1772321,Order Cancellation,0
534204,Order Cancellation,0
15445,Order Cancellation,0
2490587,Order Cancellation,0
11036,Order Cancellation,0
742408,Order Cancellation,0
583479,Order Cancellation,0
616,Order Cancellation,0
2558,Order Cancellation,0
86213,Order Cancellation,0
2230334,Order Cancellation,0
2490588,Order Cancellation,0
86212,Order Cancellation,0
535800,Order Cancellation,0
436399,Order Cancellation,0
46565,Order Cancellation,0
27880,Order Cancellation,0
5805,Order Cancellation,0
10659,Order Cancellation,0
1406114,Order Cancellation,0
45545,Order Cancellation,0
232825,Order Cancellation,0
14300,Order Cancellation,0
583481,Order Cancellation,0
436403,Order Cancellation,0
57474,Order Cancellation,0
46567,Order Cancellation,0
422977,Order Cancellation,0
18685,Order Cancellation,0
1097366,Order Cancellation,0
231305,Order Cancellation,0
1745,Order Cancellation,0
318645,Order Cancellation,0
1406115,Order Cancellation,0
21491,Order Cancellation,0
437336,Order Cancellation,0
15446,Order Cancellation,0
225339,Order Cancellation,0
3733,Order Cancellation,0
786787,Order Cancellation,0
16425,Order Cancellation,0
21861,Order Cancellation,0
20040,Order Cancellation,0
2555,Order Cancellation,0
21859,Order Cancellation,0
183676,Order Cancellation,0
534207,Order Cancellation,0
15447,Order Cancellation,0
13558,Order Cancellation,0
1097367,Order Cancellation,0
5806,Order Cancellation,0
18161,Order Cancellation,0
14292,Order Cancellation,0
2590380,Order Cancellation,0
233782,Order Cancellation,0
18165,Return,0
1616282,Return,0
27879,Return,0
15444,Return,0
21872,Return,0
18683,Return,0
422978,Return,0
234553,Return,0
15443,Return,0
152179,Return,0
1260823,Return,0
1607888,Return,0
71905,Return,0
14298,Return,0
80516,Return,0
86214,Return,0
231306,Return,0
464298,Return,0
436404,Return,1
232826,Return,0
2230333,Return,0
18160,Return,0
17672,Return,0
1545446,Return,0
2559,Return,0
1772321,Return,0
534204,Return,0
15445,Return,0
2490587,Return,1
11036,Return,0
742408,Return,0
583479,Return,0
616,Return,0
2558,Return,0
86213,Return,0
2230334,Return,0
2490588,Return,0
86212,Return,0
535800,Return,0
436399,Return,0
46565,Return,0
27880,Return,1
5805,Return,0
10659,Return,0
1406114,Return,0
45545,Return,0
232825,Return,0
14300,Return,0
583481,Return,0
436403,Return,1
57474,Return,0
46567,Return,0
422977,Return,0
18685,Return,0
1097366,Return,0
231305,Return,0
1745,Return,0
318645,Return,0
1406115,Return,0
21491,Return,0
437336,Return,1
15446,Return,0
225339,Return,0
3733,Return,0
786787,Return,0
16425,Return,0
21861,Return,0
20040,Return,0
2555,Return,0
21859,Return,0
183676,Return,1
534207,Return,0
15447,Return,0
13558,Return,0
1097367,Return,0
5806,Return,0
18161,Return,0
14292,Return,0
2590380,Return,0
233782,Return,0
18165,Refund,0
1616282,Refund,0
27879,Refund,0
15444,Refund,0
21872,Refund,0
18683,Refund,0
422978,Refund,0
234553,Refund,0
15443,Refund,0
152179,Refund,0
1260823,Refund,0
1607888,Refund,0
71905,Refund,0
14298,Refund,0
80516,Refund,0
86214,Refund,0
231306,Refund,1
464298,Refund,0
436404,Refund,0
232826,Refund,0
2230333,Refund,0
18160,Refund,0
17672,Refund,0
1545446,Refund,0
2559,Refund,0
1772321,Refund,0
534204,Refund,1
15445,Refund,0
2490587,Refund,0
11036,Refund,0
742408,Refund,0
583479,Refund,0
616,Refund,0
2558,Refund,0
86213,Refund,0
2230334,Refund,0
2490588,Refund,0
86212,Refund,0
535800,Refund,0
436399,Refund,0
46565,Refund,0
27880,Refund,0
5805,Refund,0
10659,Refund,0
1406114,Refund,0
45545,Refund,0
232825,Refund,0
14300,Refund,0
583481,Refund,0
436403,Refund,0
57474,Refund,0
46567,Refund,0
422977,Refund,0
18685,Refund,0
1097366,Refund,1
231305,Refund,0
1745,Refund,0
318645,Refund,1
1406115,Refund,0
21491,Refund,0
437336,Refund,0
15446,Refund,0
225339,Refund,1
3733,Refund,0
786787,Refund,0
16425,Refund,0
21861,Refund,0
20040,Refund,0
2555,Refund,0
21859,Refund,0
183676,Refund,0
534207,Refund,0
15447,Refund,0
13558,Refund,0
1097367,Refund,0
5806,Refund,0
18161,Refund,0
14292,Refund,0
2590380,Refund,0
233782,Refund,0
18165,Replacement,0
1616282,Replacement,0
27879,Replacement,0
15444,Replacement,0
21872,Replacement,0
18683,Replacement,0
422978,Replacement,0
234553,Replacement,0
15443,Replacement,0
152179,Replacement,0
1260823,Replacement,0
1607888,Replacement,0
71905,Replacement,0
14298,Replacement,0
80516,Replacement,0
86214,Replacement,0
231306,Replacement,0
464298,Replacement,0
436404,Replacement,0
232826,Replacement,1
2230333,Replacement,0
18160,Replacement,0
17672,Replacement,0
1545446,Replacement,0
2559,Replacement,0
1772321,Replacement,0
534204,Replacement,0
15445,Replacement,0
2490587,Replacement,0
11036,Replacement,0
742408,Replacement,0
583479,Replacement,0
616,Replacement,0
2558,Replacement,0
86213,Replacement,0
2230334,Replacement,0
2490588,Replacement,0
86212,Replacement,0
535800,Replacement,0
436399,Replacement,0
46565,Replacement,0
27880,Replacement,0
5805,Replacement,0
10659,Replacement,0
1406114,Replacement,0
45545,Replacement,0
232825,Replacement,0
14300,Replacement,0
583481,Replacement,0
436403,Replacement,0
57474,Replacement,0
46567,Replacement,0
422977,Replacement,0
18685,Replacement,0
1097366,Replacement,0
231305,Replacement,0
1745,Replacement,0
318645,Replacement,0
1406115,Replacement,0
21491,Replacement,0
437336,Replacement,0
15446,Replacement,0
225339,Replacement,0
3733,Replacement,0
786787,Replacement,0
16425,Replacement,0
21861,Replacement,0
20040,Replacement,0
2555,Replacement,0
21859,Replacement,0
183676,Replacement,0
534207,Replacement,0
15447,Replacement,0
13558,Replacement,0
1097367,Replacement,0
5806,Replacement,0
18161,Replacement,0
14292,Replacement,0
2590380,Replacement,0
233782,Replacement,0
18165,Account,1
1616282,Account,0
27879,Account,0
15444,Account,0
21872,Account,1
18683,Account,0
422978,Account,0
234553,Account,0
15443,Account,0
152179,Account,0
1260823,Account,0
1607888,Account,0
71905,Account,0
14298,Account,0
80516,Account,0
86214,Account,0
231306,Account,0
464298,Account,0
436404,Account,0
232826,Account,0
2230333,Account,0
18160,Account,1
17672,Account,0
1545446,Account,0
2559,Account,0
1772321,Account,0
534204,Account,0
15445,Account,1
2490587,Account,0
11036,Account,0
742408,Account,0
583479,Account,0
616,Account,0
2558,Account,0
86213,Account,0
2230334,Account,0
2490588,Account,0
86212,Account,0
535800,Account,0
436399,Account,0
46565,Account,0
27880,Account,0
5805,Account,0
10659,Account,0
1406114,Account,0
45545,Account,0
232825,Account,0
14300,Account,0
583481,Account,0
436403,Account,0
57474,Account,0
46567,Account,0
422977,Account,0
18685,Account,0
1097366,Account,0
231305,Account,0
1745,Account,0
318645,Account,0
1406115,Account,0
21491,Account,0
437336,Account,0
15446,Account,0
225339,Account,0
3733,Account,1
786787,Account,1
16425,Account,0
21861,Account,1
20040,Account,0
2555,Account,0
21859,Account,0
183676,Account,0
534207,Account,0
15447,Account,0
13558,Account,0
1097367,Account,0
5806,Account,0
18161,Account,0
14292,Account,0
2590380,Account,0
233782,Account,1
18165,Packaging,0
1616282,Packaging,0
27879,Packaging,0
15444,Packaging,0
21872,Packaging,0
18683,Packaging,0
422978,Packaging,1
234553,Packaging,0
15443,Packaging,0
152179,Packaging,0
1260823,Packaging,0
1607888,Packaging,0
71905,Packaging,0
14298,Packaging,0
80516,Packaging,1
86214,Packaging,0
231306,Packaging,0
464298,Packaging,0
436404,Packaging,0
232826,Packaging,0
2230333,Packaging,0
18160,Packaging,0
17672,Packaging,0
1545446,Packaging,0
2559,Packaging,0
1772321,Packaging,0
534204,Packaging,0
15445,Packaging,0
2490587,Packaging,0
11036,Packaging,0
742408,Packaging,0
583479,Packaging,0
616,Packaging,0
2558,Packaging,0
86213,Packaging,0
2230334,Packaging,0
2490588,Packaging,0
86212,Packaging,0
535800,Packaging,0
436399,Packaging,0
46565,Packaging,0
27880,Packaging,0
5805,Packaging,0
10659,Packaging,0
1406114,Packaging,0
45545,Packaging,0
232825,Packaging,0
14300,Packaging,0
583481,Packaging,0
436403,Packaging,0
57474,Packaging,0
46567,Packaging,0
422977,Packaging,1
18685,Packaging,0
1097366,Packaging,0
231305,Packaging,0
1745,Packaging,0
318645,Packaging,0
1406115,Packaging,0
21491,Packaging,0
437336,Packaging,0
15446,Packaging,0
225339,Packaging,0
3733,Packaging,0
786787,Packaging,0
16425,Packaging,0
21861,Packaging,0
20040,Packaging,0
2555,Packaging,0
21859,Packaging,0
183676,Packaging,0
534207,Packaging,0
15447,Packaging,0
13558,Packaging,0
1097367,Packaging,0
5806,Packaging,0
18161,Packaging,0
14292,Packaging,0
2590380,Packaging,0
233782,Packaging,0
2112882,Request DM,1
2213588,Request DM,0
2505052,Request DM,0
344129,Request DM,0
2505046,Request DM,0
2777628,Request DM,0
2925641,Request DM,0
1880346,Request DM,0
2304641,Request DM,0
152825,Request DM,0
2372239,Request DM,0
2322643,Request DM,0
115998,Request DM,0
2505050,Request DM,0
741060,Request DM,0
9184,Request DM,0
237995,Request DM,0
2505051,Request DM,0
56992,Request DM,1
2322640,Request DM,0
92643,Request DM,0
1468447,Request DM,0
116001,Request DM,1
2555225,Request DM,0
237990,Request DM,0
2849184,Request DM,0
1557752,Request DM,0
2734367,Request DM,0
2849188,Request DM,0
2978822,Request DM,0
304062,Request DM,0
115999,Request DM,0
9181,Request DM,1
2061834,Request DM,0
174987,Request DM,0
2322644,Request DM,0
2213960,Request DM,1
92644,Request DM,0
2812624,Request DM,0
246539,Request DM,1
1966044,Request DM,0
116012,Request DM,0
2442705,Request DM,0
2812621,Request DM,0
519244,Request DM,0
2213958,Request DM,0
751767,Request DM,0
39644,Request DM,0
2322645,Request DM,1
11664,Request DM,0
237992,Request DM,0
1998485,Request DM,0
116011,Request DM,0
1858578,Request DM,0
1160539,Request DM,1
1755,Request DM,0
859768,Request DM,0
2237171,Request DM,0
2675410,Request DM,0
1470023,Request DM,0
1338112,Request DM,0
15469,Request DM,0
2849186,Request DM,0
1700806,Request DM,0
2734044,Request DM,1
2414320,Request DM,1
3762,Request DM,0
1756,Request DM,1
2112884,Request DM,0
2213587,Request DM,0
2849187,Request DM,0
1880347,Request DM,0
2850882,Request DM,0
5822,Request DM,0
237991,Request DM,0
2291677,Request DM,1
1700805,Request DM,0
9166,Request DM,1
996659,Request DM,0
237994,Request DM,0
2112882,Provide URL,1
2213588,Provide URL,1
2505052,Provide URL,0
344129,Provide URL,0
2505046,Provide URL,0
2777628,Provide URL,1
2925641,Provide URL,0
1880346,Provide URL,0
2304641,Provide URL,1
152825,Provide URL,1
2372239,Provide URL,0
2322643,Provide URL,0
115998,Provide URL,0
2505050,Provide URL,0
741060,Provide URL,0
9184,Provide URL,0
237995,Provide URL,0
2505051,Provide URL,0
56992,Provide URL,1
2322640,Provide URL,0
92643,Provide URL,1
1468447,Provide URL,0
116001,Provide URL,1
2555225,Provide URL,0
237990,Provide URL,0
2849184,Provide URL,1
1557752,Provide URL,0
2734367,Provide URL,0
2849188,Provide URL,1
2978822,Provide URL,0
304062,Provide URL,0
115999,Provide URL,0
9181,Provide URL,1
2061834,Provide URL,0
174987,Provide URL,0
2322644,Provide URL,0
2213960,Provide URL,1
92644,Provide URL,0
2812624,Provide URL,0
246539,Provide URL,1
1966044,Provide URL,0
116012,Provide URL,0
2442705,Provide URL,0
2812621,Provide URL,1
519244,Provide URL,0
2213958,Provide URL,0
751767,Provide URL,0
39644,Provide URL,0
2322645,Provide URL,1
11664,Provide URL,0
237992,Provide URL,0
1998485,Provide URL,0
116011,Provide URL,0
1858578,Provide URL,0
1160539,Provide URL,1
1755,Provide URL,0
859768,Provide URL,0
2237171,Provide URL,0
2675410,Provide URL,0
1470023,Provide URL,0
1338112,Provide URL,1
15469,Provide URL,0
2849186,Provide URL,0
1700806,Provide URL,0
2734044,Provide URL,0
2414320,Provide URL,1
3762,Provide URL,0
1756,Provide URL,0
2112884,Provide URL,0
2213587,Provide URL,1
2849187,Provide URL,0
1880347,Provide URL,0
2850882,Provide URL,0
5822,Provide URL,0
237991,Provide URL,1
2291677,Provide URL,1
1700805,Provide URL,0
9166,Provide URL,1
996659,Provide URL,0
237994,Provide URL,0
2112882,Request iOS version,1
2213588,Request iOS version,0
2505052,Request iOS version,0
344129,Request iOS version,0
2505046,Request iOS version,0
2777628,Request iOS version,0
2925641,Request iOS version,0
1880346,Request iOS version,0
2304641,Request iOS version,0
152825,Request iOS version,0
2372239,Request iOS version,0
2322643,Request iOS version,0
115998,Request iOS version,0
2505050,Request iOS version,0
741060,Request iOS version,0
9184,Request iOS version,0
237995,Request iOS version,0
2505051,Request iOS version,0
56992,Request iOS version,0
2322640,Request iOS version,0
92643,Request iOS version,0
1468447,Request iOS version,0
116001,Request iOS version,0
2555225,Request iOS version,0
237990,Request iOS version,0
2849184,Request iOS version,0
1557752,Request iOS version,0
2734367,Request iOS version,0
2849188,Request iOS version,0
2978822,Request iOS version,0
304062,Request iOS version,0
115999,Request iOS version,0
9181,Request iOS version,0
2061834,Request iOS version,0
174987,Request iOS version,0
2322644,Request iOS version,0
2213960,Request iOS version,0
92644,Request iOS version,0
2812624,Request iOS version,0
246539,Request iOS version,0
1966044,Request iOS version,0
116012,Request iOS version,0
2442705,Request iOS version,0
2812621,Request iOS version,0
519244,Request iOS version,0
2213958,Request iOS version,0
751767,Request iOS version,0
39644,Request iOS version,0
2322645,Request iOS version,0
11664,Request iOS version,0
237992,Request iOS version,0
1998485,Request iOS version,0
116011,Request iOS version,0
1858578,Request iOS version,0
1160539,Request iOS version,0
1755,Request iOS version,0
859768,Request iOS version,1
2237171,Request iOS version,0
2675410,Request iOS version,0
1470023,Request iOS version,0
1338112,Request iOS version,0
15469,Request iOS version,0
2849186,Request iOS version,0
1700806,Request iOS version,0
2734044,Request iOS version,0
2414320,Request iOS version,0
3762,Request iOS version,1
1756,Request iOS version,0
2112884,Request iOS version,0
2213587,Request iOS version,0
2849187,Request iOS version,0
1880347,Request iOS version,0
2850882,Request iOS version,0
5822,Request iOS version,0
237991,Request iOS version,0
2291677,Request iOS version,0
1700805,Request iOS version,0
9166,Request iOS version,0
996659,Request iOS version,0
237994,Request iOS version,0
2112882,Request device model,0
2213588,Request device model,0
2505052,Request device model,0
344129,Request device model,1
2505046,Request device model,0
2777628,Request device model,0
2925641,Request device model,0
1880346,Request device model,0
2304641,Request device model,0
152825,Request device model,0
2372239,Request device model,0
2322643,Request device model,0
115998,Request device model,0
2505050,Request device model,0
741060,Request device model,0
9184,Request device model,0
237995,Request device model,0
2505051,Request device model,0
56992,Request device model,0
2322640,Request device model,0
92643,Request device model,0
1468447,Request device model,0
116001,Request device model,0
2555225,Request device model,0
237990,Request device model,0
2849184,Request device model,0
1557752,Request device model,0
2734367,Request device model,0
2849188,Request device model,0
2978822,Request device model,0
304062,Request device model,0
115999,Request device model,0
9181,Request device model,0
2061834,Request device model,0
174987,Request device model,0
2322644,Request device model,0
2213960,Request device model,0
92644,Request device model,0
2812624,Request device model,0
246539,Request device model,0
1966044,Request device model,0
116012,Request device model,0
2442705,Request device model,0
2812621,Request device model,0
519244,Request device model,0
2213958,Request device model,0
751767,Request device model,0
39644,Request device model,0
2322645,Request device model,0
11664,Request device model,0
237992,Request device model,0
1998485,Request device model,0
116011,Request device model,0
1858578,Request device model,0
1160539,Request device model,0
1755,Request device model,0
859768,Request device model,0
2237171,Request device model,0
2675410,Request device model,0
1470023,Request device model,0
1338112,Request device model,0
15469,Request device model,0
2849186,Request device model,0
1700806,Request device model,0
2734044,Request device model,0
2414320,Request device model,1
3762,Request device model,0
1756,Request device model,0
2112884,Request device model,0
2213587,Request device model,0
2849187,Request device model,0
1880347,Request device model,0
2850882,Request device model,0
5822,Request device model,0
237991,Request device model,0
2291677,Request device model,0
1700805,Request device model,0
9166,Request device model,0
996659,Request device model,0
237994,Request device model,0
2112882,Investigate issue,0
2213588,Investigate issue,0
2505052,Investigate issue,0
344129,Investigate issue,1
2505046,Investigate issue,0
2777628,Investigate issue,0
2925641,Investigate issue,0
1880346,Investigate issue,0
2304641,Investigate issue,0
152825,Investigate issue,0
2372239,Investigate issue,0
2322643,Investigate issue,0
115998,Investigate issue,0
2505050,Investigate issue,0
741060,Investigate issue,0
9184,Investigate issue,0
237995,Investigate issue,0
2505051,Investigate issue,0
56992,Investigate issue,1
2322640,Investigate issue,0
92643,Investigate issue,0
1468447,Investigate issue,0
116001,Investigate issue,0
2555225,Investigate issue,0
237990,Investigate issue,0
2849184,Investigate issue,0
1557752,Investigate issue,0
2734367,Investigate issue,0
2849188,Investigate issue,0
2978822,Investigate issue,0
304062,Investigate issue,0
115999,Investigate issue,0
9181,Investigate issue,0
2061834,Investigate issue,0
174987,Investigate issue,0
2322644,Investigate issue,0
2213960,Investigate issue,0
92644,Investigate issue,0
2812624,Investigate issue,0
246539,Investigate issue,1
1966044,Investigate issue,0
116012,Investigate issue,0
2442705,Investigate issue,0
2812621,Investigate issue,0
519244,Investigate issue,0
2213958,Investigate issue,0
751767,Investigate issue,0
39644,Investigate issue,0
2322645,Investigate issue,0
11664,Investigate issue,1
237992,Investigate issue,0
1998485,Investigate issue,0
116011,Investigate issue,0
1858578,Investigate issue,0
1160539,Investigate issue,0
1755,Investigate issue,0
859768,Investigate issue,1
2237171,Investigate issue,0
2675410,Investigate issue,0
1470023,Investigate issue,0
1338112,Investigate issue,0
15469,Investigate issue,0
2849186,Investigate issue,0
1700806,Investigate issue,0
2734044,Investigate issue,0
2414320,Investigate issue,0
3762,Investigate issue,1
1756,Investigate issue,1
2112884,Investigate issue,0
2213587,Investigate issue,0
2849187,Investigate issue,0
1880347,Investigate issue,0
2850882,Investigate issue,0
5822,Investigate issue,0
237991,Investigate issue,0
2291677,Investigate issue,0
1700805,Investigate issue,0
9166,Investigate issue,1
996659,Investigate issue,0
237994,Investigate issue,0
2112882,Request country,0
2213588,Request country,0
2505052,Request country,0
344129,Request country,0
2505046,Request country,0
2777628,Request country,0
2925641,Request country,0
1880346,Request country,0
2304641,Request country,0
152825,Request country,0
2372239,Request country,0
2322643,Request country,0
115998,Request country,0
2505050,Request country,0
741060,Request country,0
9184,Request country,0
237995,Request country,0
2505051,Request country,0
56992,Request country,0
2322640,Request country,0
92643,Request country,0
1468447,Request country,0
116001,Request country,0
2555225,Request country,0
237990,Request country,0
2849184,Request country,0
1557752,Request country,0
2734367,Request country,0
2849188,Request country,0
2978822,Request country,0
304062,Request country,0
115999,Request country,0
9181,Request country,0
2061834,Request country,0
174987,Request country,0
2322644,Request country,0
2213960,Request country,0
92644,Request country,0
2812624,Request country,0
246539,Request country,0
1966044,Request country,0
116012,Request country,0
2442705,Request country,0
2812621,Request country,0
519244,Request country,0
2213958,Request country,0
751767,Request country,0
39644,Request country,0
2322645,Request country,0
11664,Request country,0
237992,Request country,0
1998485,Request country,0
116011,Request country,1
1858578,Request country,0
1160539,Request country,0
1755,Request country,0
859768,Request country,0
2237171,Request country,0
2675410,Request country,0
1470023,Request country,0
1338112,Request country,0
15469,Request country,0
2849186,Request country,0
1700806,Request country,0
2734044,Request country,1
2414320,Request country,0
3762,Request country,0
1756,Request country,0
2112884,Request country,0
2213587,Request country,0
2849187,Request country,0
1880347,Request country,0
2850882,Request country,0
5822,Request country,0
237991,Request country,0
2291677,Request country,0
1700805,Request country,0
9166,Request country,0
996659,Request country,0
237994,Request country,0
2112882,Request device restart,0
2213588,Request device restart,0
2505052,Request device restart,0
344129,Request device restart,0
2505046,Request device restart,0
2777628,Request device restart,0
2925641,Request device restart,0
1880346,Request device restart,0
2304641,Request device restart,0
152825,Request device restart,0
2372239,Request device restart,0
2322643,Request device restart,0
115998,Request device restart,0
2505050,Request device restart,1
741060,Request device restart,0
9184,Request device restart,0
237995,Request device restart,0
2505051,Request device restart,0
56992,Request device restart,0
2322640,Request device restart,0
92643,Request device restart,0
1468447,Request device restart,0
116001,Request device restart,0
2555225,Request device restart,0
237990,Request device restart,0
2849184,Request device restart,0
1557752,Request device restart,0
2734367,Request device restart,0
2849188,Request device restart,0
2978822,Request device restart,0
304062,Request device restart,0
115999,Request device restart,0
9181,Request device restart,0
2061834,Request device restart,0
174987,Request device restart,0
2322644,Request device restart,0
2213960,Request device restart,0
92644,Request device restart,0
2812624,Request device restart,0
246539,Request device restart,0
1966044,Request device restart,0
116012,Request device restart,0
2442705,Request device restart,0
2812621,Request device restart,0
519244,Request device restart,0
2213958,Request device restart,0
751767,Request device restart,0
39644,Request device restart,0
2322645,Request device restart,0
11664,Request device restart,0
237992,Request device restart,0
1998485,Request device restart,0
116011,Request device restart,0
1858578,Request device restart,0
1160539,Request device restart,0
1755,Request device restart,0
859768,Request device restart,0
2237171,Request device restart,0
2675410,Request device restart,0
1470023,Request device restart,0
1338112,Request device restart,0
15469,Request device restart,0
2849186,Request device restart,0
1700806,Request device restart,0
2734044,Request device restart,0
2414320,Request device restart,0
3762,Request device restart,0
1756,Request device restart,0
2112884,Request device restart,0
2213587,Request device restart,0
2849187,Request device restart,0
1880347,Request device restart,0
2850882,Request device restart,0
5822,Request device restart,0
237991,Request device restart,0
2291677,Request device restart,0
1700805,Request device restart,0
9166,Request device restart,0
996659,Request device restart,0
237994,Request device restart,0
2112882,Refer to specialist team,0
2213588,Refer to specialist team,0
2505052,Refer to specialist team,0
344129,Refer to specialist team,0
2505046,Refer to specialist team,0
2777628,Refer to specialist team,0
2925641,Refer to specialist team,0
1880346,Refer to specialist team,0
2304641,Refer to specialist team,0
152825,Refer to specialist team,0
2372239,Refer to specialist team,0
2322643,Refer to specialist team,0
115998,Refer to specialist team,0
2505050,Refer to specialist team,0
741060,Refer to specialist team,0
9184,Refer to specialist team,0
237995,Refer to specialist team,0
2505051,Refer to specialist team,0
56992,Refer to specialist team,0
2322640,Refer to specialist team,0
92643,Refer to specialist team,0
1468447,Refer to specialist team,0
116001,Refer to specialist team,0
2555225,Refer to specialist team,0
237990,Refer to specialist team,0
2849184,Refer to specialist team,1
1557752,Refer to specialist team,0
2734367,Refer to specialist team,0
2849188,Refer to specialist team,1
2978822,Refer to specialist team,0
304062,Refer to specialist team,0
115999,Refer to specialist team,0
9181,Refer to specialist team,0
2061834,Refer to specialist team,0
174987,Refer to specialist team,0
2322644,Refer to specialist team,0
2213960,Refer to specialist team,0
92644,Refer to specialist team,0
2812624,Refer to specialist team,0
246539,Refer to specialist team,0
1966044,Refer to specialist team,0
116012,Refer to specialist team,0
2442705,Refer to specialist team,0
2812621,Refer to specialist team,0
519244,Refer to specialist team,0
2213958,Refer to specialist team,0
751767,Refer to specialist team,0
39644,Refer to specialist team,0
2322645,Refer to specialist team,0
11664,Refer to specialist team,0
237992,Refer to specialist team,0
1998485,Refer to specialist team,0
116011,Refer to specialist team,0
1858578,Refer to specialist team,0
1160539,Refer to specialist team,0
1755,Refer to specialist team,0
859768,Refer to specialist team,0
2237171,Refer to specialist team,0
2675410,Refer to specialist team,0
1470023,Refer to specialist team,0
1338112,Refer to specialist team,0
15469,Refer to specialist team,0
2849186,Refer to specialist team,0
1700806,Refer to specialist team,0
2734044,Refer to specialist team,0
2414320,Refer to specialist team,0
3762,Refer to specialist team,0
1756,Refer to specialist team,0
2112884,Refer to specialist team,0
2213587,Refer to specialist team,1
2849187,Refer to specialist team,0
1880347,Refer to specialist team,0
2850882,Refer to specialist team,0
5822,Refer to specialist team,0
237991,Refer to specialist team,0
2291677,Refer to specialist team,0
1700805,Refer to specialist team,0
9166,Refer to specialist team,0
996659,Refer to specialist team,0
237994,Refer to specialist team,0
2112882,Recommend updating,0
2213588,Recommend updating,0
2505052,Recommend updating,0
344129,Recommend updating,0
2505046,Recommend updating,0
2777628,Recommend updating,0
2925641,Recommend updating,0
1880346,Recommend updating,0
2304641,Recommend updating,0
152825,Recommend updating,0
2372239,Recommend updating,0
2322643,Recommend updating,1
115998,Recommend updating,0
2505050,Recommend updating,0
741060,Recommend updating,0
9184,Recommend updating,0
237995,Recommend updating,0
2505051,Recommend updating,0
56992,Recommend updating,0
2322640,Recommend updating,0
92643,Recommend updating,0
1468447,Recommend updating,0
116001,Recommend updating,0
2555225,Recommend updating,0
237990,Recommend updating,0
2849184,Recommend updating,0
1557752,Recommend updating,0
2734367,Recommend updating,0
2849188,Recommend updating,0
2978822,Recommend updating,0
304062,Recommend updating,0
115999,Recommend updating,0
9181,Recommend updating,0
2061834,Recommend updating,0
174987,Recommend updating,0
2322644,Recommend updating,0
2213960,Recommend updating,0
92644,Recommend updating,0
2812624,Recommend updating,0
246539,Recommend updating,0
1966044,Recommend updating,0
116012,Recommend updating,0
2442705,Recommend updating,0
2812621,Recommend updating,0
519244,Recommend updating,0
2213958,Recommend updating,0
751767,Recommend updating,1
39644,Recommend updating,0
2322645,Recommend updating,0
11664,Recommend updating,0
237992,Recommend updating,0
1998485,Recommend updating,0
116011,Recommend updating,0
1858578,Recommend updating,0
1160539,Recommend updating,0
1755,Recommend updating,0
859768,Recommend updating,0
2237171,Recommend updating,0
2675410,Recommend updating,0
1470023,Recommend updating,0
1338112,Recommend updating,0
15469,Recommend updating,0
2849186,Recommend updating,0
1700806,Recommend updating,0
2734044,Recommend updating,0
2414320,Recommend updating,0
3762,Recommend updating,0
1756,Recommend updating,0
2112884,Recommend updating,0
2213587,Recommend updating,0
2849187,Recommend updating,0
1880347,Recommend updating,0
2850882,Recommend updating,0
5822,Recommend updating,0
237991,Recommend updating,0
2291677,Recommend updating,0
1700805,Recommend updating,0
9166,Recommend updating,0
996659,Recommend updating,0
237994,Recommend updating,0
2112882,Recommend backing up,0
2213588,Recommend backing up,0
2505052,Recommend backing up,0
344129,Recommend backing up,0
2505046,Recommend backing up,0
2777628,Recommend backing up,0
2925641,Recommend backing up,0
1880346,Recommend backing up,0
2304641,Recommend backing up,0
152825,Recommend backing up,0
2372239,Recommend backing up,0
2322643,Recommend backing up,0
115998,Recommend backing up,0
2505050,Recommend backing up,0
741060,Recommend backing up,0
9184,Recommend backing up,0
237995,Recommend backing up,0
2505051,Recommend backing up,0
56992,Recommend backing up,0
2322640,Recommend backing up,0
92643,Recommend backing up,0
1468447,Recommend backing up,0
116001,Recommend backing up,0
2555225,Recommend backing up,0
237990,Recommend backing up,0
2849184,Recommend backing up,0
1557752,Recommend backing up,0
2734367,Recommend backing up,0
2849188,Recommend backing up,0
2978822,Recommend backing up,0
304062,Recommend backing up,0
115999,Recommend backing up,0
9181,Recommend backing up,0
2061834,Recommend backing up,0
174987,Recommend backing up,0
2322644,Recommend backing up,0
2213960,Recommend backing up,0
92644,Recommend backing up,0
2812624,Recommend backing up,0
246539,Recommend backing up,0
1966044,Recommend backing up,0
116012,Recommend backing up,0
2442705,Recommend backing up,0
2812621,Recommend backing up,1
519244,Recommend backing up,0
2213958,Recommend backing up,0
751767,Recommend backing up,0
39644,Recommend backing up,0
2322645,Recommend backing up,0
11664,Recommend backing up,0
237992,Recommend backing up,0
1998485,Recommend backing up,0
116011,Recommend backing up,0
1858578,Recommend backing up,0
1160539,Recommend backing up,0
1755,Recommend backing up,0
859768,Recommend backing up,0
2237171,Recommend backing up,0
2675410,Recommend backing up,0
1470023,Recommend backing up,0
1338112,Recommend backing up,0
15469,Recommend backing up,0
2849186,Recommend backing up,0
1700806,Recommend backing up,0
2734044,Recommend backing up,0
2414320,Recommend backing up,0
3762,Recommend backing up,0
1756,Recommend backing up,0
2112884,Recommend backing up,0
2213587,Recommend backing up,0
2849187,Recommend backing up,0
1880347,Recommend backing up,0
2850882,Recommend backing up,0
5822,Recommend backing up,0
237991,Recommend backing up,0
2291677,Recommend backing up,0
1700805,Recommend backing up,0
9166,Recommend backing up,0
996659,Recommend backing up,0
237994,Recommend backing up,0
2112882,iPhone,0
2213588,iPhone,0
2505052,iPhone,0
344129,iPhone,0
2505046,iPhone,0
2777628,iPhone,0
2925641,iPhone,0
1880346,iPhone,0
2304641,iPhone,1
152825,iPhone,0
2372239,iPhone,1
2322643,iPhone,0
115998,iPhone,0
2505050,iPhone,0
741060,iPhone,0
9184,iPhone,0
237995,iPhone,0
2505051,iPhone,0
56992,iPhone,0
2322640,iPhone,0
92643,iPhone,0
1468447,iPhone,0
116001,iPhone,0
2555225,iPhone,1
237990,iPhone,0
2849184,iPhone,0
1557752,iPhone,1
2734367,iPhone,1
2849188,iPhone,0
2978822,iPhone,0
304062,iPhone,0
115999,iPhone,0
9181,iPhone,0
2061834,iPhone,1
174987,iPhone,0
2322644,iPhone,0
2213960,iPhone,0
92644,iPhone,0
2812624,iPhone,0
246539,iPhone,0
1966044,iPhone,0
116012,iPhone,1
2442705,iPhone,0
2812621,iPhone,0
519244,iPhone,0
2213958,iPhone,0
751767,iPhone,0
39644,iPhone,0
2322645,iPhone,0
11664,iPhone,1
237992,iPhone,0
1998485,iPhone,1
116011,iPhone,0
1858578,iPhone,0
1160539,iPhone,0
1755,iPhone,0
859768,iPhone,0
2237171,iPhone,1
2675410,iPhone,0
1470023,iPhone,0
1338112,iPhone,0
15469,iPhone,0
2849186,iPhone,0
1700806,iPhone,0
2734044,iPhone,0
2414320,iPhone,1
3762,iPhone,0
1756,iPhone,0
2112884,iPhone,0
2213587,iPhone,0
2849187,iPhone,0
1880347,iPhone,1
2850882,iPhone,1
5822,iPhone,0
237991,iPhone,0
2291677,iPhone,0
1700805,iPhone,0
9166,iPhone,1
996659,iPhone,1
237994,iPhone,0
2112882,Update,0
2213588,Update,0
2505052,Update,0
344129,Update,0
2505046,Update,0
2777628,Update,0
2925641,Update,0
1880346,Update,0
2304641,Update,0
152825,Update,0
2372239,Update,0
2322643,Update,1
115998,Update,0
2505050,Update,0
741060,Update,0
9184,Update,0
237995,Update,0
2505051,Update,0
56992,Update,0
2322640,Update,0
92643,Update,0
1468447,Update,0
116001,Update,0
2555225,Update,0
237990,Update,0
2849184,Update,0
1557752,Update,1
2734367,Update,0
2849188,Update,0
2978822,Update,0
304062,Update,0
115999,Update,0
9181,Update,0
2061834,Update,0
174987,Update,0
2322644,Update,1
2213960,Update,1
92644,Update,0
2812624,Update,0
246539,Update,0
1966044,Update,0
116012,Update,0
2442705,Update,0
2812621,Update,0
519244,Update,0
2213958,Update,1
751767,Update,1
39644,Update,0
2322645,Update,0
11664,Update,0
237992,Update,0
1998485,Update,0
116011,Update,0
1858578,Update,0
1160539,Update,0
1755,Update,0
859768,Update,0
2237171,Update,1
2675410,Update,0
1470023,Update,0
1338112,Update,0
15469,Update,0
2849186,Update,0
1700806,Update,0
2734044,Update,0
2414320,Update,0
3762,Update,1
1756,Update,0
2112884,Update,0
2213587,Update,0
2849187,Update,0
1880347,Update,1
2850882,Update,1
5822,Update,0
237991,Update,0
2291677,Update,0
1700805,Update,1
9166,Update,0
996659,Update,1
237994,Update,0
2112882,Battery,0
2213588,Battery,0
2505052,Battery,0
344129,Battery,0
2505046,Battery,0
2777628,Battery,0
2925641,Battery,0
1880346,Battery,0
2304641,Battery,0
152825,Battery,0
2372239,Battery,1
2322643,Battery,0
115998,Battery,0
2505050,Battery,0
741060,Battery,0
9184,Battery,0
237995,Battery,0
2505051,Battery,0
56992,Battery,0
2322640,Battery,0
92643,Battery,0
1468447,Battery,0
116001,Battery,0
2555225,Battery,0
237990,Battery,0
2849184,Battery,0
1557752,Battery,0
2734367,Battery,0
2849188,Battery,0
2978822,Battery,0
304062,Battery,0
115999,Battery,0
9181,Battery,0
2061834,Battery,1
174987,Battery,0
2322644,Battery,0
2213960,Battery,0
92644,Battery,0
2812624,Battery,0
246539,Battery,0
1966044,Battery,0
116012,Battery,0
2442705,Battery,1
2812621,Battery,0
519244,Battery,0
2213958,Battery,0
751767,Battery,0
39644,Battery,0
2322645,Battery,0
11664,Battery,0
237992,Battery,0
1998485,Battery,0
116011,Battery,0
1858578,Battery,0
1160539,Battery,0
1755,Battery,0
859768,Battery,0
2237171,Battery,0
2675410,Battery,0
1470023,Battery,0
1338112,Battery,0
15469,Battery,0
2849186,Battery,0
1700806,Battery,0
2734044,Battery,0
2414320,Battery,0
3762,Battery,0
1756,Battery,0
2112884,Battery,0
2213587,Battery,0
2849187,Battery,0
1880347,Battery,1
2850882,Battery,0
5822,Battery,0
237991,Battery,0
2291677,Battery,0
1700805,Battery,0
9166,Battery,0
996659,Battery,0
237994,Battery,0
2112882,Unresponsive/Freezing Device,0
2213588,Unresponsive/Freezing Device,0
2505052,Unresponsive/Freezing Device,0
344129,Unresponsive/Freezing Device,0
2505046,Unresponsive/Freezing Device,0
2777628,Unresponsive/Freezing Device,0
2925641,Unresponsive/Freezing Device,0
1880346,Unresponsive/Freezing Device,0
2304641,Unresponsive/Freezing Device,0
152825,Unresponsive/Freezing Device,0
2372239,Unresponsive/Freezing Device,0
2322643,Unresponsive/Freezing Device,0
115998,Unresponsive/Freezing Device,0
2505050,Unresponsive/Freezing Device,0
741060,Unresponsive/Freezing Device,0
9184,Unresponsive/Freezing Device,0
237995,Unresponsive/Freezing Device,0
2505051,Unresponsive/Freezing Device,0
56992,Unresponsive/Freezing Device,0
2322640,Unresponsive/Freezing Device,0
92643,Unresponsive/Freezing Device,0
1468447,Unresponsive/Freezing Device,0
116001,Unresponsive/Freezing Device,0
2555225,Unresponsive/Freezing Device,1
237990,Unresponsive/Freezing Device,0
2849184,Unresponsive/Freezing Device,0
1557752,Unresponsive/Freezing Device,1
2734367,Unresponsive/Freezing Device,0
2849188,Unresponsive/Freezing Device,0
2978822,Unresponsive/Freezing Device,0
304062,Unresponsive/Freezing Device,0
115999,Unresponsive/Freezing Device,0
9181,Unresponsive/Freezing Device,0
2061834,Unresponsive/Freezing Device,0
174987,Unresponsive/Freezing Device,0
2322644,Unresponsive/Freezing Device,0
2213960,Unresponsive/Freezing Device,0
92644,Unresponsive/Freezing Device,0
2812624,Unresponsive/Freezing Device,0
246539,Unresponsive/Freezing Device,0
1966044,Unresponsive/Freezing Device,0
116012,Unresponsive/Freezing Device,0
2442705,Unresponsive/Freezing Device,0
2812621,Unresponsive/Freezing Device,0
519244,Unresponsive/Freezing Device,0
2213958,Unresponsive/Freezing Device,0
751767,Unresponsive/Freezing Device,0
39644,Unresponsive/Freezing Device,0
2322645,Unresponsive/Freezing Device,0
11664,Unresponsive/Freezing Device,0
237992,Unresponsive/Freezing Device,0
1998485,Unresponsive/Freezing Device,0
116011,Unresponsive/Freezing Device,0
1858578,Unresponsive/Freezing Device,0
1160539,Unresponsive/Freezing Device,0
1755,Unresponsive/Freezing Device,0
859768,Unresponsive/Freezing Device,0
2237171,Unresponsive/Freezing Device,0
2675410,Unresponsive/Freezing Device,0
1470023,Unresponsive/Freezing Device,0
1338112,Unresponsive/Freezing Device,0
15469,Unresponsive/Freezing Device,0
2849186,Unresponsive/Freezing Device,0
1700806,Unresponsive/Freezing Device,0
2734044,Unresponsive/Freezing Device,0
2414320,Unresponsive/Freezing Device,0
3762,Unresponsive/Freezing Device,0
1756,Unresponsive/Freezing Device,0
2112884,Unresponsive/Freezing Device,0
2213587,Unresponsive/Freezing Device,0
2849187,Unresponsive/Freezing Device,0
1880347,Unresponsive/Freezing Device,0
2850882,Unresponsive/Freezing Device,1
5822,Unresponsive/Freezing Device,0
237991,Unresponsive/Freezing Device,0
2291677,Unresponsive/Freezing Device,0
1700805,Unresponsive/Freezing Device,0
9166,Unresponsive/Freezing Device,0
996659,Unresponsive/Freezing Device,1
237994,Unresponsive/Freezing Device,0
2112882,iPad,0
2213588,iPad,0
2505052,iPad,0
344129,iPad,0
2505046,iPad,0
2777628,iPad,0
2925641,iPad,0
1880346,iPad,0
2304641,iPad,0
152825,iPad,0
2372239,iPad,0
2322643,iPad,0
115998,iPad,0
2505050,iPad,0
741060,iPad,1
9184,iPad,0
237995,iPad,0
2505051,iPad,0
56992,iPad,0
2322640,iPad,0
92643,iPad,0
1468447,iPad,0
116001,iPad,0
2555225,iPad,0
237990,iPad,0
2849184,iPad,0
1557752,iPad,0
2734367,iPad,0
2849188,iPad,0
2978822,iPad,0
304062,iPad,0
115999,iPad,0
9181,iPad,0
2061834,iPad,0
174987,iPad,0
2322644,iPad,0
2213960,iPad,0
92644,iPad,0
2812624,iPad,0
246539,iPad,0
1966044,iPad,0
116012,iPad,0
2442705,iPad,0
2812621,iPad,0
519244,iPad,0
2213958,iPad,0
751767,iPad,0
39644,iPad,0
2322645,iPad,0
11664,iPad,0
237992,iPad,0
1998485,iPad,0
116011,iPad,0
1858578,iPad,0
1160539,iPad,0
1755,iPad,0
859768,iPad,0
2237171,iPad,0
2675410,iPad,0
1470023,iPad,0
1338112,iPad,0
15469,iPad,0
2849186,iPad,0
1700806,iPad,0
2734044,iPad,0
2414320,iPad,0
3762,iPad,0
1756,iPad,0
2112884,iPad,0
2213587,iPad,0
2849187,iPad,0
1880347,iPad,0
2850882,iPad,0
5822,iPad,0
237991,iPad,0
2291677,iPad,0
1700805,iPad,0
9166,iPad,0
996659,iPad,0
237994,iPad,0
2112882,Mac,0
2213588,Mac,0
2505052,Mac,0
344129,Mac,0
2505046,Mac,0
2777628,Mac,0
2925641,Mac,0
1880346,Mac,0
2304641,Mac,0
152825,Mac,0
2372239,Mac,0
2322643,Mac,0
115998,Mac,0
2505050,Mac,0
741060,Mac,0
9184,Mac,0
237995,Mac,0
2505051,Mac,0
56992,Mac,0
2322640,Mac,0
92643,Mac,0
1468447,Mac,0
116001,Mac,0
2555225,Mac,0
237990,Mac,0
2849184,Mac,0
1557752,Mac,0
2734367,Mac,0
2849188,Mac,0
2978822,Mac,0
304062,Mac,0
115999,Mac,0
9181,Mac,0
2061834,Mac,0
174987,Mac,0
2322644,Mac,0
2213960,Mac,0
92644,Mac,0
2812624,Mac,0
246539,Mac,0
1966044,Mac,1
116012,Mac,0
2442705,Mac,0
2812621,Mac,0
519244,Mac,0
2213958,Mac,0
751767,Mac,0
39644,Mac,0
2322645,Mac,0
11664,Mac,0
237992,Mac,0
1998485,Mac,0
116011,Mac,0
1858578,Mac,0
1160539,Mac,0
1755,Mac,0
859768,Mac,0
2237171,Mac,0
2675410,Mac,0
1470023,Mac,0
1338112,Mac,0
15469,Mac,0
2849186,Mac,0
1700806,Mac,0
2734044,Mac,0
2414320,Mac,0
3762,Mac,0
1756,Mac,0
2112884,Mac,0
2213587,Mac,0
2849187,Mac,0
1880347,Mac,0
2850882,Mac,0
5822,Mac,0
237991,Mac,0
2291677,Mac,0
1700805,Mac,0
9166,Mac,0
996659,Mac,0
237994,Mac,0
2112882,TV,0
2213588,TV,0
2505052,TV,0
344129,TV,0
2505046,TV,0
2777628,TV,1
2925641,TV,0
1880346,TV,0
2304641,TV,0
152825,TV,0
2372239,TV,0
2322643,TV,0
115998,TV,0
2505050,TV,0
741060,TV,0
9184,TV,0
237995,TV,0
2505051,TV,0
56992,TV,0
2322640,TV,0
92643,TV,0
1468447,TV,0
116001,TV,0
2555225,TV,0
237990,TV,0
2849184,TV,0
1557752,TV,0
2734367,TV,0
2849188,TV,0
2978822,TV,0
304062,TV,0
115999,TV,0
9181,TV,0
2061834,TV,0
174987,TV,0
2322644,TV,0
2213960,TV,0
92644,TV,0
2812624,TV,0
246539,TV,0
1966044,TV,0
116012,TV,0
2442705,TV,0
2812621,TV,0
519244,TV,0
2213958,TV,0
751767,TV,0
39644,TV,0
2322645,TV,0
11664,TV,0
237992,TV,0
1998485,TV,0
116011,TV,0
1858578,TV,0
1160539,TV,0
1755,TV,0
859768,TV,0
2237171,TV,0
2675410,TV,0
1470023,TV,0
1338112,TV,0
15469,TV,0
2849186,TV,0
1700806,TV,0
2734044,TV,0
2414320,TV,0
3762,TV,0
1756,TV,0
2112884,TV,0
2213587,TV,0
2849187,TV,0
1880347,TV,0
2850882,TV,0
5822,TV,0
237991,TV,0
2291677,TV,0
1700805,TV,0
9166,TV,0
996659,TV,0
237994,TV,0
2112882,Software/App,0
2213588,Software/App,0
2505052,Software/App,0
344129,Software/App,0
2505046,Software/App,0
2777628,Software/App,1
2925641,Software/App,0
1880346,Software/App,0
2304641,Software/App,1
152825,Software/App,0
2372239,Software/App,0
2322643,Software/App,1
115998,Software/App,0
2505050,Software/App,0
741060,Software/App,0
9184,Software/App,0
237995,Software/App,1
2505051,Software/App,0
56992,Software/App,0
2322640,Software/App,1
92643,Software/App,0
1468447,Software/App,1
116001,Software/App,0
2555225,Software/App,0
237990,Software/App,1
2849184,Software/App,0
1557752,Software/App,0
2734367,Software/App,0
2849188,Software/App,0
2978822,Software/App,0
304062,Software/App,0
115999,Software/App,1
9181,Software/App,0
2061834,Software/App,0
174987,Software/App,1
2322644,Software/App,1
2213960,Software/App,1
92644,Software/App,0
2812624,Software/App,0
246539,Software/App,0
1966044,Software/App,0
116012,Software/App,0
2442705,Software/App,0
2812621,Software/App,0
519244,Software/App,0
2213958,Software/App,1
751767,Software/App,0
39644,Software/App,1
2322645,Software/App,0
11664,Software/App,0
237992,Software/App,0
1998485,Software/App,0
116011,Software/App,0
1858578,Software/App,1
1160539,Software/App,0
1755,Software/App,1
859768,Software/App,0
2237171,Software/App,0
2675410,Software/App,0
1470023,Software/App,1
1338112,Software/App,0
15469,Software/App,0
2849186,Software/App,0
1700806,Software/App,0
2734044,Software/App,0
2414320,Software/App,0
3762,Software/App,0
1756,Software/App,0
2112884,Software/App,1
2213587,Software/App,0
2849187,Software/App,0
1880347,Software/App,0
2850882,Software/App,1
5822,Software/App,1
237991,Software/App,1
2291677,Software/App,0
1700805,Software/App,0
9166,Software/App,0
996659,Software/App,1
237994,Software/App,0
2112882,Refund,0
2213588,Refund,1
2505052,Refund,0
344129,Refund,0
2505046,Refund,0
2777628,Refund,0
2925641,Refund,0
1880346,Refund,0
2304641,Refund,0
152825,Refund,0
2372239,Refund,0
2322643,Refund,0
115998,Refund,0
2505050,Refund,0
741060,Refund,0
9184,Refund,0
237995,Refund,0
2505051,Refund,0
56992,Refund,0
2322640,Refund,0
92643,Refund,0
1468447,Refund,0
116001,Refund,0
2555225,Refund,0
237990,Refund,0
2849184,Refund,1
1557752,Refund,0
2734367,Refund,0
2849188,Refund,0
2978822,Refund,1
304062,Refund,0
115999,Refund,0
9181,Refund,0
2061834,Refund,0
174987,Refund,0
2322644,Refund,0
2213960,Refund,0
92644,Refund,0
2812624,Refund,0
246539,Refund,0
1966044,Refund,0
116012,Refund,0
2442705,Refund,0
2812621,Refund,0
519244,Refund,0
2213958,Refund,0
751767,Refund,0
39644,Refund,0
2322645,Refund,0
11664,Refund,0
237992,Refund,0
1998485,Refund,0
116011,Refund,0
1858578,Refund,0
1160539,Refund,0
1755,Refund,0
859768,Refund,0
2237171,Refund,0
2675410,Refund,0
1470023,Refund,0
1338112,Refund,0
15469,Refund,0
2849186,Refund,0
1700806,Refund,0
2734044,Refund,0
2414320,Refund,0
3762,Refund,0
1756,Refund,0
2112884,Refund,0
2213587,Refund,0
2849187,Refund,0
1880347,Refund,0
2850882,Refund,0
5822,Refund,0
237991,Refund,0
2291677,Refund,0
1700805,Refund,0
9166,Refund,0
996659,Refund,0
237994,Refund,0
2112882,Provide system version,0
2213588,Provide system version,0
2505052,Provide system version,0
344129,Provide system version,0
2505046,Provide system version,1
2777628,Provide system version,0
2925641,Provide system version,0
1880346,Provide system version,0
2304641,Provide system version,0
152825,Provide system version,0
2372239,Provide system version,0
2322643,Provide system version,0
115998,Provide system version,0
2505050,Provide system version,0
741060,Provide system version,0
9184,Provide system version,1
237995,Provide system version,0
2505051,Provide system version,0
56992,Provide system version,0
2322640,Provide system version,0
92643,Provide system version,0
1468447,Provide system version,0
116001,Provide system version,0
2555225,Provide system version,0
237990,Provide system version,0
2849184,Provide system version,0
1557752,Provide system version,1
2734367,Provide system version,0
2849188,Provide system version,0
2978822,Provide system version,0
304062,Provide system version,0
115999,Provide system version,0
9181,Provide system version,0
2061834,Provide system version,0
174987,Provide system version,0
2322644,Provide system version,0
2213960,Provide system version,0
92644,Provide system version,0
2812624,Provide system version,0
246539,Provide system version,0
1966044,Provide system version,0
116012,Provide system version,0
2442705,Provide system version,0
2812621,Provide system version,0
519244,Provide system version,1
2213958,Provide system version,0
751767,Provide system version,1
39644,Provide system version,0
2322645,Provide system version,0
11664,Provide system version,0
237992,Provide system version,0
1998485,Provide system version,0
116011,Provide system version,0
1858578,Provide system version,0
1160539,Provide system version,0
1755,Provide system version,0
859768,Provide system version,0
2237171,Provide system version,0
2675410,Provide system version,0
1470023,Provide system version,0
1338112,Provide system version,0
15469,Provide system version,0
2849186,Provide system version,0
1700806,Provide system version,0
2734044,Provide system version,0
2414320,Provide system version,0
3762,Provide system version,0
1756,Provide system version,0
2112884,Provide system version,0
2213587,Provide system version,0
2849187,Provide system version,0
1880347,Provide system version,1
2850882,Provide system version,0
5822,Provide system version,0
237991,Provide system version,0
2291677,Provide system version,0
1700805,Provide system version,0
9166,Provide system version,0
996659,Provide system version,0
237994,Provide system version,0
2112882,Provide device model,0
2213588,Provide device model,0
2505052,Provide device model,0
344129,Provide device model,0
2505046,Provide device model,0
2777628,Provide device model,0
2925641,Provide device model,0
1880346,Provide device model,0
2304641,Provide device model,1
152825,Provide device model,0
2372239,Provide device model,0
2322643,Provide device model,0
115998,Provide device model,0
2505050,Provide device model,0
741060,Provide device model,1
9184,Provide device model,0
237995,Provide device model,0
2505051,Provide device model,0
56992,Provide device model,0
2322640,Provide device model,0
92643,Provide device model,0
1468447,Provide device model,0
116001,Provide device model,0
2555225,Provide device model,0
237990,Provide device model,0
2849184,Provide device model,0
1557752,Provide device model,1
2734367,Provide device model,0
2849188,Provide device model,0
2978822,Provide device model,0
304062,Provide device model,0
115999,Provide device model,0
9181,Provide device model,0
2061834,Provide device model,0
174987,Provide device model,0
2322644,Provide device model,0
2213960,Provide device model,0
92644,Provide device model,0
2812624,Provide device model,0
246539,Provide device model,0
1966044,Provide device model,0
116012,Provide device model,0
2442705,Provide device model,0
2812621,Provide device model,0
519244,Provide device model,0
2213958,Provide device model,0
751767,Provide device model,0
39644,Provide device model,0
2322645,Provide device model,0
11664,Provide device model,0
237992,Provide device model,0
1998485,Provide device model,0
116011,Provide device model,0
1858578,Provide device model,0
1160539,Provide device model,0
1755,Provide device model,0
859768,Provide device model,0
2237171,Provide device model,0
2675410,Provide device model,0
1470023,Provide device model,0
1338112,Provide device model,0
15469,Provide device model,0
2849186,Provide device model,0
1700806,Provide device model,0
2734044,Provide device model,0
2414320,Provide device model,0
3762,Provide device model,0
1756,Provide device model,0
2112884,Provide device model,0
2213587,Provide device model,0
2849187,Provide device model,0
1880347,Provide device model,0
2850882,Provide device model,0
5822,Provide device model,0
237991,Provide device model,0
2291677,Provide device model,0
1700805,Provide device model,0
9166,Provide device model,0
996659,Provide device model,0
237994,Provide device model,0
2112882,Restart device,0
2213588,Restart device,0
2505052,Restart device,0
344129,Restart device,0
2505046,Restart device,0
2777628,Restart device,0
2925641,Restart device,0
1880346,Restart device,0
2304641,Restart device,0
152825,Restart device,0
2372239,Restart device,0
2322643,Restart device,0
115998,Restart device,0
2505050,Restart device,1
741060,Restart device,0
9184,Restart device,0
237995,Restart device,0
2505051,Restart device,0
56992,Restart device,0
2322640,Restart device,0
92643,Restart device,0
1468447,Restart device,0
116001,Restart device,0
2555225,Restart device,1
237990,Restart device,0
2849184,Restart device,0
1557752,Restart device,1
2734367,Restart device,0
2849188,Restart device,0
2978822,Restart device,0
304062,Restart device,0
115999,Restart device,0
9181,Restart device,0
2061834,Restart device,0
174987,Restart device,0
2322644,Restart device,0
2213960,Restart device,0
92644,Restart device,0
2812624,Restart device,0
246539,Restart device,0
1966044,Restart device,0
116012,Restart device,0
2442705,Restart device,0
2812621,Restart device,0
519244,Restart device,0
2213958,Restart device,0
751767,Restart device,0
39644,Restart device,0
2322645,Restart device,0
11664,Restart device,0
237992,Restart device,0
1998485,Restart device,0
116011,Restart device,0
1858578,Restart device,0
1160539,Restart device,0
1755,Restart device,0
859768,Restart device,0
2237171,Restart device,0
2675410,Restart device,0
1470023,Restart device,0
1338112,Restart device,0
15469,Restart device,0
2849186,Restart device,0
1700806,Restart device,0
2734044,Restart device,0
2414320,Restart device,0
3762,Restart device,0
1756,Restart device,0
2112884,Restart device,0
2213587,Restart device,0
2849187,Restart device,0
1880347,Restart device,0
2850882,Restart device,0
5822,Restart device,0
237991,Restart device,0
2291677,Restart device,0
1700805,Restart device,0
9166,Restart device,0
996659,Restart device,0
237994,Restart device,0
115265,Provide URL,0
2165531,Provide URL,0
42730,Provide URL,0
2823496,Provide URL,0
761992,Provide URL,0
2678880,Provide URL,0
1655994,Provide URL,0
315115,Provide URL,0
187526,Provide URL,0
2912390,Provide URL,0
1655993,Provide URL,0
739008,Provide URL,0
2264740,Provide URL,0
1978830,Provide URL,0
2264739,Provide URL,0
1841427,Provide URL,0
2364770,Provide URL,1
1336498,Provide URL,0
2116878,Provide URL,0
1144323,Provide URL,0
235223,Provide URL,0
1182776,Provide URL,0
1748248,Provide URL,0
461455,Provide URL,1
1694995,Provide URL,0
123468,Provide URL,0
2736076,Provide URL,0
2295025,Provide URL,0
115264,Provide URL,0
110126,Provide URL,0
193222,Provide URL,1
115266,Provide URL,0
1938799,Provide URL,1
2295024,Provide URL,1
2264738,Provide URL,0
37711,Provide URL,0
91670,Provide URL,0
1336497,Provide URL,0
2060197,Provide URL,0
1264889,Provide URL,0
328989,Provide URL,0
792226,Provide URL,0
399188,Provide URL,0
792230,Provide URL,0
1978829,Provide URL,1
37712,Provide URL,0
1269676,Provide URL,0
2264741,Provide URL,0
91668,Provide URL,1
235222,Provide URL,0
496160,Provide URL,0
260878,Provide URL,0
1269675,Provide URL,0
485529,Provide URL,0
1655997,Provide URL,0
792227,Provide URL,0
399191,Provide URL,0
260877,Provide URL,0
2736078,Provide URL,0
496158,Provide URL,0
2823495,Provide URL,0
2019034,Provide URL,0
1182777,Provide URL,0
2295022,Provide URL,0
1490484,Provide URL,1
492383,Provide URL,0
228073,Provide URL,0
492381,Provide URL,0
2022181,Provide URL,0
315113,Provide URL,1
2175442,Provide URL,1
494244,Provide URL,0
10717,Provide URL,0
328986,Provide URL,0
2896748,Provide URL,1
485531,Provide URL,0
2364771,Provide URL,0
2114161,Provide URL,0
2615459,Provide URL,1
492382,Provide URL,0
115265,Request username,0
2165531,Request username,0
42730,Request username,0
2823496,Request username,0
761992,Request username,0
2678880,Request username,0
1655994,Request username,0
315115,Request username,0
187526,Request username,0
2912390,Request username,0
1655993,Request username,0
739008,Request username,0
2264740,Request username,0
1978830,Request username,0
2264739,Request username,0
1841427,Request username,0
2364770,Request username,0
1336498,Request username,0
2116878,Request username,0
1144323,Request username,0
235223,Request username,0
1182776,Request username,0
1748248,Request username,0
461455,Request username,0
1694995,Request username,0
123468,Request username,0
2736076,Request username,0
2295025,Request username,0
115264,Request username,0
110126,Request username,0
193222,Request username,0
115266,Request username,0
1938799,Request username,0
2295024,Request username,0
2264738,Request username,0
37711,Request username,0
91670,Request username,0
1336497,Request username,0
2060197,Request username,0
1264889,Request username,0
328989,Request username,0
792226,Request username,0
399188,Request username,0
792230,Request username,0
1978829,Request username,1
37712,Request username,0
1269676,Request username,0
2264741,Request username,0
91668,Request username,0
235222,Request username,0
496160,Request username,0
260878,Request username,0
1269675,Request username,0
485529,Request username,0
1655997,Request username,0
792227,Request username,0
399191,Request username,0
260877,Request username,0
2736078,Request username,0
496158,Request username,0
2823495,Request username,0
2019034,Request username,0
1182777,Request username,0
2295022,Request username,0
1490484,Request username,0
492383,Request username,0
228073,Request username,0
492381,Request username,1
2022181,Request username,0
315113,Request username,0
2175442,Request username,0
494244,Request username,0
10717,Request username,0
328986,Request username,0
2896748,Request username,0
485531,Request username,0
2364771,Request username,0
2114161,Request username,0
2615459,Request username,0
492382,Request username,0
115265,Request email address,0
2165531,Request email address,0
42730,Request email address,0
2823496,Request email address,0
761992,Request email address,0
2678880,Request email address,0
1655994,Request email address,0
315115,Request email address,0
187526,Request email address,0
2912390,Request email address,0
1655993,Request email address,0
739008,Request email address,0
2264740,Request email address,0
1978830,Request email address,0
2264739,Request email address,0
1841427,Request email address,0
2364770,Request email address,1
1336498,Request email address,0
2116878,Request email address,0
1144323,Request email address,0
235223,Request email address,0
1182776,Request email address,0
1748248,Request email address,0
461455,Request email address,0
1694995,Request email address,0
123468,Request email address,0
2736076,Request email address,0
2295025,Request email address,0
115264,Request email address,0
110126,Request email address,0
193222,Request email address,1
115266,Request email address,0
1938799,Request email address,0
2295024,Request email address,0
2264738,Request email address,0
37711,Request email address,0
91670,Request email address,0
1336497,Request email address,0
2060197,Request email address,0
1264889,Request email address,0
328989,Request email address,0
792226,Request email address,0
399188,Request email address,0
792230,Request email address,0
1978829,Request email address,1
37712,Request email address,0
1269676,Request email address,0
2264741,Request email address,0
91668,Request email address,0
235222,Request email address,0
496160,Request email address,0
260878,Request email address,0
1269675,Request email address,0
485529,Request email address,0
1655997,Request email address,0
792227,Request email address,0
399191,Request email address,0
260877,Request email address,0
2736078,Request email address,0
496158,Request email address,0
2823495,Request email address,0
2019034,Request email address,0
1182777,Request email address,0
2295022,Request email address,0
1490484,Request email address,0
492383,Request email address,0
228073,Request email address,0
492381,Request email address,1
2022181,Request email address,0
315113,Request email address,0
2175442,Request email address,0
494244,Request email address,0
10717,Request email address,0
328986,Request email address,0
2896748,Request email address,0
485531,Request email address,0
2364771,Request email address,0
2114161,Request email address,0
2615459,Request email address,0
492382,Request email address,0
115265,Request exact issue description,0
2165531,Request exact issue description,0
42730,Request exact issue description,0
2823496,Request exact issue description,0
761992,Request exact issue description,0
2678880,Request exact issue description,0
1655994,Request exact issue description,0
315115,Request exact issue description,0
187526,Request exact issue description,0
2912390,Request exact issue description,0
1655993,Request exact issue description,0
739008,Request exact issue description,0
2264740,Request exact issue description,0
1978830,Request exact issue description,0
2264739,Request exact issue description,0
1841427,Request exact issue description,0
2364770,Request exact issue description,0
1336498,Request exact issue description,0
2116878,Request exact issue description,0
1144323,Request exact issue description,1
235223,Request exact issue description,0
1182776,Request exact issue description,0
1748248,Request exact issue description,0
461455,Request exact issue description,0
1694995,Request exact issue description,0
123468,Request exact issue description,0
2736076,Request exact issue description,0
2295025,Request exact issue description,0
115264,Request exact issue description,0
110126,Request exact issue description,0
193222,Request exact issue description,0
115266,Request exact issue description,0
1938799,Request exact issue description,0
2295024,Request exact issue description,0
2264738,Request exact issue description,0
37711,Request exact issue description,0
91670,Request exact issue description,0
1336497,Request exact issue description,0
2060197,Request exact issue description,0
1264889,Request exact issue description,0
328989,Request exact issue description,0
792226,Request exact issue description,0
399188,Request exact issue description,0
792230,Request exact issue description,0
1978829,Request exact issue description,0
37712,Request exact issue description,0
1269676,Request exact issue description,0
2264741,Request exact issue description,0
91668,Request exact issue description,0
235222,Request exact issue description,0
496160,Request exact issue description,0
260878,Request exact issue description,0
1269675,Request exact issue description,0
485529,Request exact issue description,0
1655997,Request exact issue description,0
792227,Request exact issue description,0
399191,Request exact issue description,0
260877,Request exact issue description,0
2736078,Request exact issue description,0
496158,Request exact issue description,0
2823495,Request exact issue description,0
2019034,Request exact issue description,0
1182777,Request exact issue description,0
2295022,Request exact issue description,0
1490484,Request exact issue description,0
492383,Request exact issue description,0
228073,Request exact issue description,0
492381,Request exact issue description,0
2022181,Request exact issue description,0
315113,Request exact issue description,0
2175442,Request exact issue description,0
494244,Request exact issue description,0
10717,Request exact issue description,0
328986,Request exact issue description,0
2896748,Request exact issue description,0
485531,Request exact issue description,0
2364771,Request exact issue description,0
2114161,Request exact issue description,0
2615459,Request exact issue description,0
492382,Request exact issue description,0
115265,Request device restart,0
2165531,Request device restart,0
42730,Request device restart,0
2823496,Request device restart,0
761992,Request device restart,0
2678880,Request device restart,0
1655994,Request device restart,0
315115,Request device restart,0
187526,Request device restart,0
2912390,Request device restart,0
1655993,Request device restart,0
739008,Request device restart,0
2264740,Request device restart,0
1978830,Request device restart,0
2264739,Request device restart,0
1841427,Request device restart,0
2364770,Request device restart,0
1336498,Request device restart,0
2116878,Request device restart,0
1144323,Request device restart,0
235223,Request device restart,0
1182776,Request device restart,0
1748248,Request device restart,0
461455,Request device restart,0
1694995,Request device restart,0
123468,Request device restart,0
2736076,Request device restart,0
2295025,Request device restart,1
115264,Request device restart,1
110126,Request device restart,0
193222,Request device restart,0
115266,Request device restart,0
1938799,Request device restart,0
2295024,Request device restart,0
2264738,Request device restart,0
37711,Request device restart,0
91670,Request device restart,0
1336497,Request device restart,0
2060197,Request device restart,0
1264889,Request device restart,0
328989,Request device restart,0
792226,Request device restart,0
399188,Request device restart,0
792230,Request device restart,0
1978829,Request device restart,0
37712,Request device restart,0
1269676,Request device restart,0
2264741,Request device restart,0
91668,Request device restart,0
235222,Request device restart,0
496160,Request device restart,0
260878,Request device restart,0
1269675,Request device restart,0
485529,Request device restart,0
1655997,Request device restart,1
792227,Request device restart,0
399191,Request device restart,1
260877,Request device restart,0
2736078,Request device restart,0
496158,Request device restart,0
2823495,Request device restart,0
2019034,Request device restart,0
1182777,Request device restart,0
2295022,Request device restart,0
1490484,Request device restart,0
492383,Request device restart,0
228073,Request device restart,0
492381,Request device restart,0
2022181,Request device restart,0
315113,Request device restart,0
2175442,Request device restart,0
494244,Request device restart,0
10717,Request device restart,0
328986,Request device restart,0
2896748,Request device restart,0
485531,Request device restart,0
2364771,Request device restart,0
2114161,Request device restart,0
2615459,Request device restart,0
492382,Request device restart,0
115265,Request OS version,0
2165531,Request OS version,0
42730,Request OS version,0
2823496,Request OS version,0
761992,Request OS version,0
2678880,Request OS version,0
1655994,Request OS version,0
315115,Request OS version,0
187526,Request OS version,0
2912390,Request OS version,0
1655993,Request OS version,0
739008,Request OS version,0
2264740,Request OS version,0
1978830,Request OS version,0
2264739,Request OS version,0
1841427,Request OS version,0
2364770,Request OS version,0
1336498,Request OS version,0
2116878,Request OS version,0
1144323,Request OS version,0
235223,Request OS version,0
1182776,Request OS version,0
1748248,Request OS version,0
461455,Request OS version,0
1694995,Request OS version,0
123468,Request OS version,0
2736076,Request OS version,0
2295025,Request OS version,0
115264,Request OS version,0
110126,Request OS version,0
193222,Request OS version,0
115266,Request OS version,1
1938799,Request OS version,0
2295024,Request OS version,0
2264738,Request OS version,0
37711,Request OS version,0
91670,Request OS version,0
1336497,Request OS version,0
2060197,Request OS version,0
1264889,Request OS version,0
328989,Request OS version,0
792226,Request OS version,0
399188,Request OS version,0
792230,Request OS version,0
1978829,Request OS version,0
37712,Request OS version,0
1269676,Request OS version,0
2264741,Request OS version,1
91668,Request OS version,0
235222,Request OS version,1
496160,Request OS version,0
260878,Request OS version,0
1269675,Request OS version,0
485529,Request OS version,0
1655997,Request OS version,0
792227,Request OS version,0
399191,Request OS version,0
260877,Request OS version,0
2736078,Request OS version,0
496158,Request OS version,0
2823495,Request OS version,0
2019034,Request OS version,0
1182777,Request OS version,0
2295022,Request OS version,1
1490484,Request OS version,0
492383,Request OS version,0
228073,Request OS version,0
492381,Request OS version,0
2022181,Request OS version,0
315113,Request OS version,0
2175442,Request OS version,0
494244,Request OS version,0
10717,Request OS version,0
328986,Request OS version,0
2896748,Request OS version,0
485531,Request OS version,0
2364771,Request OS version,0
2114161,Request OS version,0
2615459,Request OS version,0
492382,Request OS version,0
115265,Request device version,0
2165531,Request device version,0
42730,Request device version,0
2823496,Request device version,0
761992,Request device version,0
2678880,Request device version,0
1655994,Request device version,0
315115,Request device version,0
187526,Request device version,0
2912390,Request device version,0
1655993,Request device version,0
739008,Request device version,0
2264740,Request device version,0
1978830,Request device version,0
2264739,Request device version,0
1841427,Request device version,0
2364770,Request device version,0
1336498,Request device version,0
2116878,Request device version,0
1144323,Request device version,0
235223,Request device version,0
1182776,Request device version,0
1748248,Request device version,0
461455,Request device version,0
1694995,Request device version,0
123468,Request device version,0
2736076,Request device version,0
2295025,Request device version,0
115264,Request device version,0
110126,Request device version,0
193222,Request device version,0
115266,Request device version,1
1938799,Request device version,0
2295024,Request device version,0
2264738,Request device version,0
37711,Request device version,0
91670,Request device version,0
1336497,Request device version,0
2060197,Request device version,0
1264889,Request device version,0
328989,Request device version,0
792226,Request device version,0
399188,Request device version,0
792230,Request device version,0
1978829,Request device version,0
37712,Request device version,0
1269676,Request device version,0
2264741,Request device version,0
91668,Request device version,0
235222,Request device version,1
496160,Request device version,0
260878,Request device version,0
1269675,Request device version,0
485529,Request device version,0
1655997,Request device version,0
792227,Request device version,0
399191,Request device version,0
260877,Request device version,0
2736078,Request device version,0
496158,Request device version,0
2823495,Request device version,0
2019034,Request device version,0
1182777,Request device version,0
2295022,Request device version,0
1490484,Request device version,0
492383,Request device version,0
228073,Request device version,0
492381,Request device version,0
2022181,Request device version,0
315113,Request device version,0
2175442,Request device version,0
494244,Request device version,0
10717,Request device version,0
328986,Request device version,0
2896748,Request device version,0
485531,Request device version,0
2364771,Request device version,0
2114161,Request device version,0
2615459,Request device version,0
492382,Request device version,0
115265,Request Spotify version,0
2165531,Request Spotify version,0
42730,Request Spotify version,0
2823496,Request Spotify version,0
761992,Request Spotify version,0
2678880,Request Spotify version,0
1655994,Request Spotify version,0
315115,Request Spotify version,0
187526,Request Spotify version,0
2912390,Request Spotify version,0
1655993,Request Spotify version,0
739008,Request Spotify version,0
2264740,Request Spotify version,0
1978830,Request Spotify version,0
2264739,Request Spotify version,0
1841427,Request Spotify version,0
2364770,Request Spotify version,0
1336498,Request Spotify version,0
2116878,Request Spotify version,0
1144323,Request Spotify version,0
235223,Request Spotify version,0
1182776,Request Spotify version,0
1748248,Request Spotify version,0
461455,Request Spotify version,0
1694995,Request Spotify version,0
123468,Request Spotify version,0
2736076,Request Spotify version,0
2295025,Request Spotify version,0
115264,Request Spotify version,0
110126,Request Spotify version,0
193222,Request Spotify version,0
115266,Request Spotify version,0
1938799,Request Spotify version,0
2295024,Request Spotify version,0
2264738,Request Spotify version,0
37711,Request Spotify version,0
91670,Request Spotify version,0
1336497,Request Spotify version,0
2060197,Request Spotify version,0
1264889,Request Spotify version,0
328989,Request Spotify version,0
792226,Request Spotify version,0
399188,Request Spotify version,0
792230,Request Spotify version,0
1978829,Request Spotify version,0
37712,Request Spotify version,0
1269676,Request Spotify version,0
2264741,Request Spotify version,1
91668,Request Spotify version,0
235222,Request Spotify version,0
496160,Request Spotify version,0
260878,Request Spotify version,0
1269675,Request Spotify version,0
485529,Request Spotify version,0
1655997,Request Spotify version,0
792227,Request Spotify version,0
399191,Request Spotify version,0
260877,Request Spotify version,0
2736078,Request Spotify version,0
496158,Request Spotify version,0
2823495,Request Spotify version,0
2019034,Request Spotify version,0
1182777,Request Spotify version,0
2295022,Request Spotify version,1
1490484,Request Spotify version,0
492383,Request Spotify version,0
228073,Request Spotify version,0
492381,Request Spotify version,0
2022181,Request Spotify version,0
315113,Request Spotify version,0
2175442,Request Spotify version,0
494244,Request Spotify version,0
10717,Request Spotify version,0
328986,Request Spotify version,0
2896748,Request Spotify version,0
485531,Request Spotify version,0
2364771,Request Spotify version,0
2114161,Request Spotify version,0
2615459,Request Spotify version,0
492382,Request Spotify version,0
115265,Request login,0
2165531,Request login,0
42730,Request login,0
2823496,Request login,0
761992,Request login,0
2678880,Request login,0
1655994,Request login,0
315115,Request login,0
187526,Request login,0
2912390,Request login,0
1655993,Request login,0
739008,Request login,0
2264740,Request login,0
1978830,Request login,0
2264739,Request login,0
1841427,Request login,0
2364770,Request login,0
1336498,Request login,0
2116878,Request login,0
1144323,Request login,0
235223,Request login,0
1182776,Request login,0
1748248,Request login,0
461455,Request login,0
1694995,Request login,0
123468,Request login,0
2736076,Request login,0
2295025,Request login,0
115264,Request login,1
110126,Request login,0
193222,Request login,0
115266,Request login,0
1938799,Request login,0
2295024,Request login,0
2264738,Request login,0
37711,Request login,0
91670,Request login,0
1336497,Request login,0
2060197,Request login,0
1264889,Request login,0
328989,Request login,0
792226,Request login,0
399188,Request login,0
792230,Request login,0
1978829,Request login,0
37712,Request login,0
1269676,Request login,0
2264741,Request login,0
91668,Request login,0
235222,Request login,0
496160,Request login,0
260878,Request login,0
1269675,Request login,0
485529,Request login,0
1655997,Request login,1
792227,Request login,0
399191,Request login,1
260877,Request login,0
2736078,Request login,0
496158,Request login,0
2823495,Request login,0
2019034,Request login,0
1182777,Request login,0
2295022,Request login,0
1490484,Request login,0
492383,Request login,0
228073,Request login,0
492381,Request login,0
2022181,Request login,0
315113,Request login,0
2175442,Request login,0
494244,Request login,0
10717,Request login,0
328986,Request login,0
2896748,Request login,0
485531,Request login,0
2364771,Request login,0
2114161,Request login,0
2615459,Request login,0
492382,Request login,0
115265,Request logout,0
2165531,Request logout,0
42730,Request logout,0
2823496,Request logout,0
761992,Request logout,0
2678880,Request logout,0
1655994,Request logout,0
315115,Request logout,0
187526,Request logout,0
2912390,Request logout,0
1655993,Request logout,0
739008,Request logout,0
2264740,Request logout,0
1978830,Request logout,0
2264739,Request logout,0
1841427,Request logout,0
2364770,Request logout,0
1336498,Request logout,0
2116878,Request logout,0
1144323,Request logout,0
235223,Request logout,0
1182776,Request logout,0
1748248,Request logout,0
461455,Request logout,0
1694995,Request logout,0
123468,Request logout,0
2736076,Request logout,0
2295025,Request logout,0
115264,Request logout,1
110126,Request logout,0
193222,Request logout,0
115266,Request logout,0
1938799,Request logout,0
2295024,Request logout,0
2264738,Request logout,0
37711,Request logout,0
91670,Request logout,0
1336497,Request logout,0
2060197,Request logout,0
1264889,Request logout,0
328989,Request logout,0
792226,Request logout,0
399188,Request logout,0
792230,Request logout,0
1978829,Request logout,0
37712,Request logout,0
1269676,Request logout,0
2264741,Request logout,0
91668,Request logout,0
235222,Request logout,0
496160,Request logout,0
260878,Request logout,0
1269675,Request logout,0
485529,Request logout,0
1655997,Request logout,1
792227,Request logout,0
399191,Request logout,1
260877,Request logout,0
2736078,Request logout,0
496158,Request logout,0
2823495,Request logout,0
2019034,Request logout,0
1182777,Request logout,0
2295022,Request logout,0
1490484,Request logout,0
492383,Request logout,0
228073,Request logout,0
492381,Request logout,0
2022181,Request logout,0
315113,Request logout,0
2175442,Request logout,0
494244,Request logout,0
10717,Request logout,0
328986,Request logout,0
2896748,Request logout,0
485531,Request logout,0
2364771,Request logout,0
2114161,Request logout,0
2615459,Request logout,0
492382,Request logout,0
115265,Request error message,0
2165531,Request error message,0
42730,Request error message,0
2823496,Request error message,0
761992,Request error message,0
2678880,Request error message,0
1655994,Request error message,0
315115,Request error message,0
187526,Request error message,0
2912390,Request error message,0
1655993,Request error message,0
739008,Request error message,0
2264740,Request error message,0
1978830,Request error message,0
2264739,Request error message,1
1841427,Request error message,0
2364770,Request error message,0
1336498,Request error message,1
2116878,Request error message,0
1144323,Request error message,0
235223,Request error message,0
1182776,Request error message,0
1748248,Request error message,0
461455,Request error message,0
1694995,Request error message,0
123468,Request error message,0
2736076,Request error message,0
2295025,Request error message,0
115264,Request error message,0
110126,Request error message,0
193222,Request error message,0
115266,Request error message,0
1938799,Request error message,0
2295024,Request error message,0
2264738,Request error message,0
37711,Request error message,0
91670,Request error message,0
1336497,Request error message,0
2060197,Request error message,0
1264889,Request error message,0
328989,Request error message,0
792226,Request error message,0
399188,Request error message,1
792230,Request error message,0
1978829,Request error message,0
37712,Request error message,0
1269676,Request error message,0
2264741,Request error message,0
91668,Request error message,0
235222,Request error message,0
496160,Request error message,0
260878,Request error message,0
1269675,Request error message,0
485529,Request error message,0
1655997,Request error message,1
792227,Request error message,0
399191,Request error message,0
260877,Request error message,0
2736078,Request error message,0
496158,Request error message,0
2823495,Request error message,0
2019034,Request error message,0
1182777,Request error message,0
2295022,Request error message,0
1490484,Request error message,0
492383,Request error message,0
228073,Request error message,0
492381,Request error message,0
2022181,Request error message,0
315113,Request error message,0
2175442,Request error message,0
494244,Request error message,0
10717,Request error message,0
328986,Request error message,0
2896748,Request error message,0
485531,Request error message,0
2364771,Request error message,0
2114161,Request error message,0
2615459,Request error message,0
492382,Request error message,0
115265,Refer to specialist team,0
2165531,Refer to specialist team,0
42730,Refer to specialist team,0
2823496,Refer to specialist team,0
761992,Refer to specialist team,1
2678880,Refer to specialist team,0
1655994,Refer to specialist team,0
315115,Refer to specialist team,0
187526,Refer to specialist team,0
2912390,Refer to specialist team,0
1655993,Refer to specialist team,0
739008,Refer to specialist team,0
2264740,Refer to specialist team,0
1978830,Refer to specialist team,0
2264739,Refer to specialist team,0
1841427,Refer to specialist team,0
2364770,Refer to specialist team,0
1336498,Refer to specialist team,0
2116878,Refer to specialist team,1
1144323,Refer to specialist team,0
235223,Refer to specialist team,0
1182776,Refer to specialist team,0
1748248,Refer to specialist team,0
461455,Refer to specialist team,0
1694995,Refer to specialist team,0
123468,Refer to specialist team,0
2736076,Refer to specialist team,0
2295025,Refer to specialist team,0
115264,Refer to specialist team,0
110126,Refer to specialist team,0
193222,Refer to specialist team,0
115266,Refer to specialist team,0
1938799,Refer to specialist team,0
2295024,Refer to specialist team,0
2264738,Refer to specialist team,0
37711,Refer to specialist team,0
91670,Refer to specialist team,0
1336497,Refer to specialist team,0
2060197,Refer to specialist team,0
1264889,Refer to specialist team,0
328989,Refer to specialist team,0
792226,Refer to specialist team,0
399188,Refer to specialist team,0
792230,Refer to specialist team,0
1978829,Refer to specialist team,0
37712,Refer to specialist team,0
1269676,Refer to specialist team,0
2264741,Refer to specialist team,0
91668,Refer to specialist team,0
235222,Refer to specialist team,0
496160,Refer to specialist team,0
260878,Refer to specialist team,0
1269675,Refer to specialist team,0
485529,Refer to specialist team,1
1655997,Refer to specialist team,0
792227,Refer to specialist team,0
399191,Refer to specialist team,0
260877,Refer to specialist team,0
2736078,Refer to specialist team,0
496158,Refer to specialist team,0
2823495,Refer to specialist team,1
2019034,Refer to specialist team,0
1182777,Refer to specialist team,0
2295022,Refer to specialist team,0
1490484,Refer to specialist team,0
492383,Refer to specialist team,0
228073,Refer to specialist team,0
492381,Refer to specialist team,0
2022181,Refer to specialist team,0
315113,Refer to specialist team,0
2175442,Refer to specialist team,0
494244,Refer to specialist team,1
10717,Refer to specialist team,1
328986,Refer to specialist team,0
2896748,Refer to specialist team,0
485531,Refer to specialist team,0
2364771,Refer to specialist team,0
2114161,Refer to specialist team,0
2615459,Refer to specialist team,0
492382,Refer to specialist team,0
115265,Offer further help,0
2165531,Offer further help,0
42730,Offer further help,0
2823496,Offer further help,0
761992,Offer further help,0
2678880,Offer further help,0
1655994,Offer further help,0
315115,Offer further help,0
187526,Offer further help,0
2912390,Offer further help,0
1655993,Offer further help,0
739008,Offer further help,0
2264740,Offer further help,0
1978830,Offer further help,0
2264739,Offer further help,0
1841427,Offer further help,0
2364770,Offer further help,0
1336498,Offer further help,0
2116878,Offer further help,0
1144323,Offer further help,0
235223,Offer further help,0
1182776,Offer further help,0
1748248,Offer further help,0
461455,Offer further help,0
1694995,Offer further help,1
123468,Offer further help,0
2736076,Offer further help,0
2295025,Offer further help,0
115264,Offer further help,0
110126,Offer further help,1
193222,Offer further help,0
115266,Offer further help,0
1938799,Offer further help,0
2295024,Offer further help,0
2264738,Offer further help,0
37711,Offer further help,1
91670,Offer further help,0
1336497,Offer further help,0
2060197,Offer further help,0
1264889,Offer further help,1
328989,Offer further help,0
792226,Offer further help,0
399188,Offer further help,0
792230,Offer further help,0
1978829,Offer further help,0
37712,Offer further help,0
1269676,Offer further help,0
2264741,Offer further help,0
91668,Offer further help,1
235222,Offer further help,0
496160,Offer further help,0
260878,Offer further help,0
1269675,Offer further help,0
485529,Offer further help,0
1655997,Offer further help,0
792227,Offer further help,0
399191,Offer further help,0
260877,Offer further help,0
2736078,Offer further help,1
496158,Offer further help,1
2823495,Offer further help,0
2019034,Offer further help,0
1182777,Offer further help,0
2295022,Offer further help,0
1490484,Offer further help,0
492383,Offer further help,0
228073,Offer further help,0
492381,Offer further help,0
2022181,Offer further help,0
315113,Offer further help,0
2175442,Offer further help,0
494244,Offer further help,0
10717,Offer further help,0
328986,Offer further help,0
2896748,Offer further help,0
485531,Offer further help,0
2364771,Offer further help,0
2114161,Offer further help,0
2615459,Offer further help,0
492382,Offer further help,0
115265,Request DM,0
2165531,Request DM,0
42730,Request DM,0
2823496,Request DM,0
761992,Request DM,0
2678880,Request DM,0
1655994,Request DM,0
315115,Request DM,0
187526,Request DM,0
2912390,Request DM,0
1655993,Request DM,0
739008,Request DM,0
2264740,Request DM,0
1978830,Request DM,0
2264739,Request DM,0
1841427,Request DM,0
2364770,Request DM,1
1336498,Request DM,0
2116878,Request DM,0
1144323,Request DM,0
235223,Request DM,0
1182776,Request DM,0
1748248,Request DM,0
461455,Request DM,0
1694995,Request DM,0
123468,Request DM,0
2736076,Request DM,0
2295025,Request DM,0
115264,Request DM,0
110126,Request DM,0
193222,Request DM,1
115266,Request DM,0
1938799,Request DM,0
2295024,Request DM,0
2264738,Request DM,0
37711,Request DM,0
91670,Request DM,0
1336497,Request DM,0
2060197,Request DM,0
1264889,Request DM,0
328989,Request DM,0
792226,Request DM,0
399188,Request DM,0
792230,Request DM,0
1978829,Request DM,1
37712,Request DM,0
1269676,Request DM,0
2264741,Request DM,0
91668,Request DM,0
235222,Request DM,0
496160,Request DM,0
260878,Request DM,0
1269675,Request DM,0
485529,Request DM,0
1655997,Request DM,0
792227,Request DM,0
399191,Request DM,0
260877,Request DM,0
2736078,Request DM,0
496158,Request DM,0
2823495,Request DM,0
2019034,Request DM,0
1182777,Request DM,0
2295022,Request DM,0
1490484,Request DM,0
492383,Request DM,0
228073,Request DM,0
492381,Request DM,0
2022181,Request DM,0
315113,Request DM,0
2175442,Request DM,0
494244,Request DM,0
10717,Request DM,0
328986,Request DM,0
2896748,Request DM,0
485531,Request DM,0
2364771,Request DM,0
2114161,Request DM,0
2615459,Request DM,0
492382,Request DM,0
115265,Request reinstall the app,0
2165531,Request reinstall the app,0
42730,Request reinstall the app,0
2823496,Request reinstall the app,0
761992,Request reinstall the app,0
2678880,Request reinstall the app,0
1655994,Request reinstall the app,0
315115,Request reinstall the app,0
187526,Request reinstall the app,0
2912390,Request reinstall the app,0
1655993,Request reinstall the app,0
739008,Request reinstall the app,0
2264740,Request reinstall the app,0
1978830,Request reinstall the app,0
2264739,Request reinstall the app,0
1841427,Request reinstall the app,0
2364770,Request reinstall the app,0
1336498,Request reinstall the app,0
2116878,Request reinstall the app,0
1144323,Request reinstall the app,0
235223,Request reinstall the app,0
1182776,Request reinstall the app,0
1748248,Request reinstall the app,0
461455,Request reinstall the app,0
1694995,Request reinstall the app,0
123468,Request reinstall the app,0
2736076,Request reinstall the app,0
2295025,Request reinstall the app,0
115264,Request reinstall the app,0
110126,Request reinstall the app,0
193222,Request reinstall the app,0
115266,Request reinstall the app,0
1938799,Request reinstall the app,0
2295024,Request reinstall the app,0
2264738,Request reinstall the app,0
37711,Request reinstall the app,0
91670,Request reinstall the app,0
1336497,Request reinstall the app,0
2060197,Request reinstall the app,0
1264889,Request reinstall the app,0
328989,Request reinstall the app,0
792226,Request reinstall the app,0
399188,Request reinstall the app,0
792230,Request reinstall the app,0
1978829,Request reinstall the app,0
37712,Request reinstall the app,0
1269676,Request reinstall the app,0
2264741,Request reinstall the app,0
91668,Request reinstall the app,0
235222,Request reinstall the app,0
496160,Request reinstall the app,0
260878,Request reinstall the app,0
1269675,Request reinstall the app,0
485529,Request reinstall the app,0
1655997,Request reinstall the app,0
792227,Request reinstall the app,0
399191,Request reinstall the app,0
260877,Request reinstall the app,0
2736078,Request reinstall the app,0
496158,Request reinstall the app,0
2823495,Request reinstall the app,0
2019034,Request reinstall the app,0
1182777,Request reinstall the app,0
2295022,Request reinstall the app,0
1490484,Request reinstall the app,0
492383,Request reinstall the app,0
228073,Request reinstall the app,0
492381,Request reinstall the app,0
2022181,Request reinstall the app,0
315113,Request reinstall the app,1
2175442,Request reinstall the app,0
494244,Request reinstall the app,0
10717,Request reinstall the app,0
328986,Request reinstall the app,0
2896748,Request reinstall the app,0
485531,Request reinstall the app,0
2364771,Request reinstall the app,0
2114161,Request reinstall the app,0
2615459,Request reinstall the app,0
492382,Request reinstall the app,0
115265,Song/Artist,0
2165531,Song/Artist,0
42730,Song/Artist,0
2823496,Song/Artist,1
761992,Song/Artist,0
2678880,Song/Artist,0
1655994,Song/Artist,0
315115,Song/Artist,0
187526,Song/Artist,0
2912390,Song/Artist,1
1655993,Song/Artist,0
739008,Song/Artist,0
2264740,Song/Artist,0
1978830,Song/Artist,0
2264739,Song/Artist,0
1841427,Song/Artist,0
2364770,Song/Artist,0
1336498,Song/Artist,0
2116878,Song/Artist,0
1144323,Song/Artist,0
235223,Song/Artist,0
1182776,Song/Artist,0
1748248,Song/Artist,1
461455,Song/Artist,1
1694995,Song/Artist,0
123468,Song/Artist,1
2736076,Song/Artist,0
2295025,Song/Artist,0
115264,Song/Artist,0
110126,Song/Artist,0
193222,Song/Artist,0
115266,Song/Artist,0
1938799,Song/Artist,0
2295024,Song/Artist,0
2264738,Song/Artist,0
37711,Song/Artist,0
91670,Song/Artist,0
1336497,Song/Artist,0
2060197,Song/Artist,1
1264889,Song/Artist,0
328989,Song/Artist,0
792226,Song/Artist,0
399188,Song/Artist,0
792230,Song/Artist,0
1978829,Song/Artist,0
37712,Song/Artist,0
1269676,Song/Artist,0
2264741,Song/Artist,0
91668,Song/Artist,0
235222,Song/Artist,0
496160,Song/Artist,0
260878,Song/Artist,1
1269675,Song/Artist,0
485529,Song/Artist,0
1655997,Song/Artist,1
792227,Song/Artist,1
399191,Song/Artist,0
260877,Song/Artist,0
2736078,Song/Artist,0
496158,Song/Artist,0
2823495,Song/Artist,0
2019034,Song/Artist,0
1182777,Song/Artist,0
2295022,Song/Artist,0
1490484,Song/Artist,0
492383,Song/Artist,0
228073,Song/Artist,0
492381,Song/Artist,0
2022181,Song/Artist,1
315113,Song/Artist,0
2175442,Song/Artist,0
494244,Song/Artist,0
10717,Song/Artist,0
328986,Song/Artist,1
2896748,Song/Artist,0
485531,Song/Artist,0
2364771,Song/Artist,0
2114161,Song/Artist,0
2615459,Song/Artist,1
492382,Song/Artist,0
115265,App,0
2165531,App,1
42730,App,1
2823496,App,0
761992,App,0
2678880,App,0
1655994,App,0
315115,App,0
187526,App,0
2912390,App,1
1655993,App,0
739008,App,0
2264740,App,1
1978830,App,0
2264739,App,0
1841427,App,0
2364770,App,0
1336498,App,0
2116878,App,0
1144323,App,0
235223,App,1
1182776,App,0
1748248,App,0
461455,App,0
1694995,App,0
123468,App,0
2736076,App,0
2295025,App,0
115264,App,0
110126,App,0
193222,App,0
115266,App,0
1938799,App,0
2295024,App,1
2264738,App,0
37711,App,0
91670,App,0
1336497,App,0
2060197,App,0
1264889,App,0
328989,App,0
792226,App,1
399188,App,0
792230,App,0
1978829,App,0
37712,App,0
1269676,App,0
2264741,App,0
91668,App,0
235222,App,0
496160,App,0
260878,App,1
1269675,App,0
485529,App,0
1655997,App,0
792227,App,0
399191,App,0
260877,App,0
2736078,App,0
496158,App,0
2823495,App,0
2019034,App,0
1182777,App,1
2295022,App,0
1490484,App,0
492383,App,0
228073,App,0
492381,App,0
2022181,App,0
315113,App,1
2175442,App,0
494244,App,0
10717,App,0
328986,App,0
2896748,App,0
485531,App,0
2364771,App,0
2114161,App,0
2615459,App,0
492382,App,0
115265,Playlist,0
2165531,Playlist,1
42730,Playlist,0
2823496,Playlist,0
761992,Playlist,0
2678880,Playlist,0
1655994,Playlist,0
315115,Playlist,0
187526,Playlist,0
2912390,Playlist,1
1655993,Playlist,0
739008,Playlist,0
2264740,Playlist,0
1978830,Playlist,0
2264739,Playlist,0
1841427,Playlist,0
2364770,Playlist,0
1336498,Playlist,0
2116878,Playlist,0
1144323,Playlist,0
235223,Playlist,0
1182776,Playlist,0
1748248,Playlist,0
461455,Playlist,0
1694995,Playlist,0
123468,Playlist,1
2736076,Playlist,0
2295025,Playlist,0
115264,Playlist,0
110126,Playlist,0
193222,Playlist,0
115266,Playlist,0
1938799,Playlist,0
2295024,Playlist,1
2264738,Playlist,0
37711,Playlist,0
91670,Playlist,0
1336497,Playlist,0
2060197,Playlist,0
1264889,Playlist,0
328989,Playlist,0
792226,Playlist,0
399188,Playlist,0
792230,Playlist,0
1978829,Playlist,0
37712,Playlist,0
1269676,Playlist,0
2264741,Playlist,0
91668,Playlist,0
235222,Playlist,0
496160,Playlist,0
260878,Playlist,0
1269675,Playlist,0
485529,Playlist,0
1655997,Playlist,0
792227,Playlist,0
399191,Playlist,0
260877,Playlist,0
2736078,Playlist,0
496158,Playlist,0
2823495,Playlist,0
2019034,Playlist,0
1182777,Playlist,0
2295022,Playlist,0
1490484,Playlist,0
492383,Playlist,0
228073,Playlist,0
492381,Playlist,0
2022181,Playlist,0
315113,Playlist,0
2175442,Playlist,0
494244,Playlist,0
10717,Playlist,0
328986,Playlist,0
2896748,Playlist,0
485531,Playlist,0
2364771,Playlist,0
2114161,Playlist,0
2615459,Playlist,0
492382,Playlist,0
115265,Premium,0
2165531,Premium,0
42730,Premium,0
2823496,Premium,0
761992,Premium,0
2678880,Premium,0
1655994,Premium,0
315115,Premium,0
187526,Premium,0
2912390,Premium,0
1655993,Premium,0
739008,Premium,0
2264740,Premium,0
1978830,Premium,0
2264739,Premium,0
1841427,Premium,0
2364770,Premium,0
1336498,Premium,1
2116878,Premium,0
1144323,Premium,0
235223,Premium,0
1182776,Premium,0
1748248,Premium,0
461455,Premium,0
1694995,Premium,0
123468,Premium,0
2736076,Premium,0
2295025,Premium,0
115264,Premium,0
110126,Premium,0
193222,Premium,0
115266,Premium,0
1938799,Premium,1
2295024,Premium,0
2264738,Premium,0
37711,Premium,0
91670,Premium,0
1336497,Premium,0
2060197,Premium,0
1264889,Premium,0
328989,Premium,0
792226,Premium,0
399188,Premium,0
792230,Premium,0
1978829,Premium,0
37712,Premium,1
1269676,Premium,0
2264741,Premium,0
91668,Premium,0
235222,Premium,0
496160,Premium,0
260878,Premium,0
1269675,Premium,0
485529,Premium,0
1655997,Premium,0
792227,Premium,0
399191,Premium,0
260877,Premium,0
2736078,Premium,0
496158,Premium,0
2823495,Premium,0
2019034,Premium,0
1182777,Premium,0
2295022,Premium,0
1490484,Premium,0
492383,Premium,0
228073,Premium,1
492381,Premium,0
2022181,Premium,0
315113,Premium,0
2175442,Premium,0
494244,Premium,0
10717,Premium,0
328986,Premium,0
2896748,Premium,0
485531,Premium,0
2364771,Premium,1
2114161,Premium,0
2615459,Premium,0
492382,Premium,0
115265,Student Subscription,0
2165531,Student Subscription,0
42730,Student Subscription,0
2823496,Student Subscription,0
761992,Student Subscription,0
2678880,Student Subscription,0
1655994,Student Subscription,0
315115,Student Subscription,0
187526,Student Subscription,0
2912390,Student Subscription,0
1655993,Student Subscription,0
739008,Student Subscription,0
2264740,Student Subscription,0
1978830,Student Subscription,0
2264739,Student Subscription,0
1841427,Student Subscription,0
2364770,Student Subscription,0
1336498,Student Subscription,0
2116878,Student Subscription,0
1144323,Student Subscription,0
235223,Student Subscription,0
1182776,Student Subscription,0
1748248,Student Subscription,0
461455,Student Subscription,0
1694995,Student Subscription,0
123468,Student Subscription,0
2736076,Student Subscription,0
2295025,Student Subscription,0
115264,Student Subscription,0
110126,Student Subscription,0
193222,Student Subscription,0
115266,Student Subscription,0
1938799,Student Subscription,0
2295024,Student Subscription,0
2264738,Student Subscription,0
37711,Student Subscription,0
91670,Student Subscription,0
1336497,Student Subscription,0
2060197,Student Subscription,0
1264889,Student Subscription,0
328989,Student Subscription,0
792226,Student Subscription,0
399188,Student Subscription,0
792230,Student Subscription,0
1978829,Student Subscription,0
37712,Student Subscription,0
1269676,Student Subscription,0
2264741,Student Subscription,0
91668,Student Subscription,0
235222,Student Subscription,0
496160,Student Subscription,0
260878,Student Subscription,0
1269675,Student Subscription,0
485529,Student Subscription,0
1655997,Student Subscription,0
792227,Student Subscription,0
399191,Student Subscription,0
260877,Student Subscription,0
2736078,Student Subscription,0
496158,Student Subscription,0
2823495,Student Subscription,0
2019034,Student Subscription,1
1182777,Student Subscription,0
2295022,Student Subscription,0
1490484,Student Subscription,0
492383,Student Subscription,0
228073,Student Subscription,0
492381,Student Subscription,0
2022181,Student Subscription,0
315113,Student Subscription,0
2175442,Student Subscription,0
494244,Student Subscription,0
10717,Student Subscription,0
328986,Student Subscription,0
2896748,Student Subscription,0
485531,Student Subscription,0
2364771,Student Subscription,1
2114161,Student Subscription,0
2615459,Student Subscription,0
492382,Student Subscription,0
115265,Family Subscription,0
2165531,Family Subscription,0
42730,Family Subscription,0
2823496,Family Subscription,0
761992,Family Subscription,0
2678880,Family Subscription,0
1655994,Family Subscription,0
315115,Family Subscription,0
187526,Family Subscription,0
2912390,Family Subscription,0
1655993,Family Subscription,0
739008,Family Subscription,0
2264740,Family Subscription,0
1978830,Family Subscription,0
2264739,Family Subscription,0
1841427,Family Subscription,0
2364770,Family Subscription,0
1336498,Family Subscription,0
2116878,Family Subscription,0
1144323,Family Subscription,0
235223,Family Subscription,0
1182776,Family Subscription,0
1748248,Family Subscription,0
461455,Family Subscription,0
1694995,Family Subscription,0
123468,Family Subscription,0
2736076,Family Subscription,0
2295025,Family Subscription,0
115264,Family Subscription,0
110126,Family Subscription,0
193222,Family Subscription,0
115266,Family Subscription,0
1938799,Family Subscription,0
2295024,Family Subscription,0
2264738,Family Subscription,0
37711,Family Subscription,0
91670,Family Subscription,0
1336497,Family Subscription,0
2060197,Family Subscription,0
1264889,Family Subscription,0
328989,Family Subscription,0
792226,Family Subscription,0
399188,Family Subscription,0
792230,Family Subscription,0
1978829,Family Subscription,0
37712,Family Subscription,0
1269676,Family Subscription,0
2264741,Family Subscription,0
91668,Family Subscription,0
235222,Family Subscription,0
496160,Family Subscription,0
260878,Family Subscription,0
1269675,Family Subscription,0
485529,Family Subscription,0
1655997,Family Subscription,0
792227,Family Subscription,0
399191,Family Subscription,0
260877,Family Subscription,0
2736078,Family Subscription,0
496158,Family Subscription,0
2823495,Family Subscription,0
2019034,Family Subscription,0
1182777,Family Subscription,0
2295022,Family Subscription,0
1490484,Family Subscription,0
492383,Family Subscription,0
228073,Family Subscription,0
492381,Family Subscription,0
2022181,Family Subscription,0
315113,Family Subscription,0
2175442,Family Subscription,0
494244,Family Subscription,0
10717,Family Subscription,0
328986,Family Subscription,0
2896748,Family Subscription,1
485531,Family Subscription,0
2364771,Family Subscription,0
2114161,Family Subscription,0
2615459,Family Subscription,0
492382,Family Subscription,0
115265,Account,0
2165531,Account,0
42730,Account,0
2823496,Account,0
761992,Account,0
2678880,Account,1
1655994,Account,0
315115,Account,0
187526,Account,0
2912390,Account,0
1655993,Account,0
739008,Account,0
2264740,Account,0
1978830,Account,1
2264739,Account,0
1841427,Account,1
2364770,Account,1
1336498,Account,0
2116878,Account,0
1144323,Account,0
235223,Account,1
1182776,Account,0
1748248,Account,0
461455,Account,1
1694995,Account,0
123468,Account,0
2736076,Account,0
2295025,Account,0
115264,Account,0
110126,Account,0
193222,Account,1
115266,Account,0
1938799,Account,0
2295024,Account,0
2264738,Account,0
37711,Account,0
91670,Account,1
1336497,Account,0
2060197,Account,0
1264889,Account,0
328989,Account,0
792226,Account,0
399188,Account,0
792230,Account,0
1978829,Account,1
37712,Account,1
1269676,Account,0
2264741,Account,0
91668,Account,0
235222,Account,0
496160,Account,1
260878,Account,0
1269675,Account,0
485529,Account,0
1655997,Account,0
792227,Account,0
399191,Account,0
260877,Account,0
2736078,Account,0
496158,Account,0
2823495,Account,0
2019034,Account,0
1182777,Account,0
2295022,Account,0
1490484,Account,0
492383,Account,0
228073,Account,0
492381,Account,1
2022181,Account,0
315113,Account,0
2175442,Account,0
494244,Account,0
10717,Account,0
328986,Account,0
2896748,Account,0
485531,Account,0
2364771,Account,0
2114161,Account,0
2615459,Account,0
492382,Account,0
115265,Billing/Payment,0
2165531,Billing/Payment,0
42730,Billing/Payment,0
2823496,Billing/Payment,0
761992,Billing/Payment,0
2678880,Billing/Payment,0
1655994,Billing/Payment,0
315115,Billing/Payment,0
187526,Billing/Payment,0
2912390,Billing/Payment,0
1655993,Billing/Payment,0
739008,Billing/Payment,0
2264740,Billing/Payment,0
1978830,Billing/Payment,0
2264739,Billing/Payment,0
1841427,Billing/Payment,0
2364770,Billing/Payment,0
1336498,Billing/Payment,1
2116878,Billing/Payment,0
1144323,Billing/Payment,0
235223,Billing/Payment,0
1182776,Billing/Payment,0
1748248,Billing/Payment,0
461455,Billing/Payment,0
1694995,Billing/Payment,0
123468,Billing/Payment,0
2736076,Billing/Payment,0
2295025,Billing/Payment,0
115264,Billing/Payment,0
110126,Billing/Payment,0
193222,Billing/Payment,0
115266,Billing/Payment,0
1938799,Billing/Payment,0
2295024,Billing/Payment,0
2264738,Billing/Payment,0
37711,Billing/Payment,0
91670,Billing/Payment,0
1336497,Billing/Payment,0
2060197,Billing/Payment,0
1264889,Billing/Payment,0
328989,Billing/Payment,0
792226,Billing/Payment,0
399188,Billing/Payment,0
792230,Billing/Payment,0
1978829,Billing/Payment,0
37712,Billing/Payment,1
1269676,Billing/Payment,0
2264741,Billing/Payment,0
91668,Billing/Payment,0
235222,Billing/Payment,0
496160,Billing/Payment,0
260878,Billing/Payment,0
1269675,Billing/Payment,0
485529,Billing/Payment,0
1655997,Billing/Payment,0
792227,Billing/Payment,0
399191,Billing/Payment,0
260877,Billing/Payment,0
2736078,Billing/Payment,0
496158,Billing/Payment,0
2823495,Billing/Payment,0
2019034,Billing/Payment,0
1182777,Billing/Payment,0
2295022,Billing/Payment,0
1490484,Billing/Payment,0
492383,Billing/Payment,0
228073,Billing/Payment,0
492381,Billing/Payment,0
2022181,Billing/Payment,0
315113,Billing/Payment,0
2175442,Billing/Payment,0
494244,Billing/Payment,0
10717,Billing/Payment,0
328986,Billing/Payment,0
2896748,Billing/Payment,0
485531,Billing/Payment,1
2364771,Billing/Payment,1
2114161,Billing/Payment,0
2615459,Billing/Payment,0
492382,Billing/Payment,0
115265,Hulu,0
2165531,Hulu,0
42730,Hulu,0
2823496,Hulu,0
761992,Hulu,0
2678880,Hulu,0
1655994,Hulu,0
315115,Hulu,0
187526,Hulu,0
2912390,Hulu,0
1655993,Hulu,0
739008,Hulu,0
2264740,Hulu,0
1978830,Hulu,0
2264739,Hulu,0
1841427,Hulu,1
2364770,Hulu,0
1336498,Hulu,0
2116878,Hulu,0
1144323,Hulu,0
235223,Hulu,0
1182776,Hulu,0
1748248,Hulu,0
461455,Hulu,0
1694995,Hulu,0
123468,Hulu,0
2736076,Hulu,0
2295025,Hulu,0
115264,Hulu,0
110126,Hulu,0
193222,Hulu,0
115266,Hulu,0
1938799,Hulu,0
2295024,Hulu,0
2264738,Hulu,0
37711,Hulu,0
91670,Hulu,0
1336497,Hulu,0
2060197,Hulu,0
1264889,Hulu,0
328989,Hulu,0
792226,Hulu,0
399188,Hulu,0
792230,Hulu,0
1978829,Hulu,0
37712,Hulu,0
1269676,Hulu,0
2264741,Hulu,0
91668,Hulu,0
235222,Hulu,0
496160,Hulu,0
260878,Hulu,0
1269675,Hulu,0
485529,Hulu,0
1655997,Hulu,0
792227,Hulu,0
399191,Hulu,0
260877,Hulu,0
2736078,Hulu,0
496158,Hulu,0
2823495,Hulu,0
2019034,Hulu,0
1182777,Hulu,0
2295022,Hulu,0
1490484,Hulu,0
492383,Hulu,0
228073,Hulu,0
492381,Hulu,0
2022181,Hulu,0
315113,Hulu,0
2175442,Hulu,0
494244,Hulu,0
10717,Hulu,0
328986,Hulu,0
2896748,Hulu,0
485531,Hulu,0
2364771,Hulu,0
2114161,Hulu,0
2615459,Hulu,0
492382,Hulu,0
115265,Advertisement,0
2165531,Advertisement,0
42730,Advertisement,0
2823496,Advertisement,0
761992,Advertisement,0
2678880,Advertisement,0
1655994,Advertisement,0
315115,Advertisement,0
187526,Advertisement,0
2912390,Advertisement,0
1655993,Advertisement,0
739008,Advertisement,1
2264740,Advertisement,0
1978830,Advertisement,0
2264739,Advertisement,0
1841427,Advertisement,0
2364770,Advertisement,0
1336498,Advertisement,0
2116878,Advertisement,0
1144323,Advertisement,0
235223,Advertisement,0
1182776,Advertisement,0
1748248,Advertisement,0
461455,Advertisement,0
1694995,Advertisement,0
123468,Advertisement,0
2736076,Advertisement,0
2295025,Advertisement,0
115264,Advertisement,0
110126,Advertisement,0
193222,Advertisement,0
115266,Advertisement,0
1938799,Advertisement,0
2295024,Advertisement,0
2264738,Advertisement,0
37711,Advertisement,0
91670,Advertisement,0
1336497,Advertisement,0
2060197,Advertisement,0
1264889,Advertisement,0
328989,Advertisement,0
792226,Advertisement,0
399188,Advertisement,0
792230,Advertisement,0
1978829,Advertisement,0
37712,Advertisement,0
1269676,Advertisement,0
2264741,Advertisement,0
91668,Advertisement,0
235222,Advertisement,0
496160,Advertisement,0
260878,Advertisement,0
1269675,Advertisement,0
485529,Advertisement,0
1655997,Advertisement,0
792227,Advertisement,0
399191,Advertisement,0
260877,Advertisement,0
2736078,Advertisement,0
496158,Advertisement,0
2823495,Advertisement,0
2019034,Advertisement,0
1182777,Advertisement,0
2295022,Advertisement,0
1490484,Advertisement,0
492383,Advertisement,1
228073,Advertisement,0
492381,Advertisement,0
2022181,Advertisement,0
315113,Advertisement,0
2175442,Advertisement,0
494244,Advertisement,0
10717,Advertisement,0
328986,Advertisement,0
2896748,Advertisement,0
485531,Advertisement,0
2364771,Advertisement,0
2114161,Advertisement,0
2615459,Advertisement,0
492382,Advertisement,0
115265,Provide device model,1
2165531,Provide device model,0
42730,Provide device model,0
2823496,Provide device model,0
761992,Provide device model,0
2678880,Provide device model,0
1655994,Provide device model,0
315115,Provide device model,0
187526,Provide device model,0
2912390,Provide device model,0
1655993,Provide device model,0
739008,Provide device model,0
2264740,Provide device model,0
1978830,Provide device model,0
2264739,Provide device model,0
1841427,Provide device model,0
2364770,Provide device model,0
1336498,Provide device model,0
2116878,Provide device model,0
1144323,Provide device model,0
235223,Provide device model,0
1182776,Provide device model,1
1748248,Provide device model,0
461455,Provide device model,0
1694995,Provide device model,0
123468,Provide device model,0
2736076,Provide device model,0
2295025,Provide device model,0
115264,Provide device model,0
110126,Provide device model,0
193222,Provide device model,0
115266,Provide device model,0
1938799,Provide device model,0
2295024,Provide device model,0
2264738,Provide device model,0
37711,Provide device model,0
91670,Provide device model,0
1336497,Provide device model,0
2060197,Provide device model,0
1264889,Provide device model,0
328989,Provide device model,0
792226,Provide device model,0
399188,Provide device model,0
792230,Provide device model,0
1978829,Provide device model,0
37712,Provide device model,0
1269676,Provide device model,1
2264741,Provide device model,0
91668,Provide device model,0
235222,Provide device model,0
496160,Provide device model,0
260878,Provide device model,0
1269675,Provide device model,0
485529,Provide device model,0
1655997,Provide device model,0
792227,Provide device model,0
399191,Provide device model,0
260877,Provide device model,0
2736078,Provide device model,0
496158,Provide device model,0
2823495,Provide device model,0
2019034,Provide device model,0
1182777,Provide device model,0
2295022,Provide device model,0
1490484,Provide device model,0
492383,Provide device model,0
228073,Provide device model,0
492381,Provide device model,0
2022181,Provide device model,0
315113,Provide device model,0
2175442,Provide device model,0
494244,Provide device model,0
10717,Provide device model,0
328986,Provide device model,0
2896748,Provide device model,0
485531,Provide device model,0
2364771,Provide device model,0
2114161,Provide device model,0
2615459,Provide device model,0
492382,Provide device model,0
115265,Provide OS version,1
2165531,Provide OS version,0
42730,Provide OS version,0
2823496,Provide OS version,0
761992,Provide OS version,0
2678880,Provide OS version,0
1655994,Provide OS version,0
315115,Provide OS version,0
187526,Provide OS version,0
2912390,Provide OS version,0
1655993,Provide OS version,0
739008,Provide OS version,0
2264740,Provide OS version,1
1978830,Provide OS version,0
2264739,Provide OS version,0
1841427,Provide OS version,0
2364770,Provide OS version,0
1336498,Provide OS version,0
2116878,Provide OS version,0
1144323,Provide OS version,0
235223,Provide OS version,0
1182776,Provide OS version,1
1748248,Provide OS version,0
461455,Provide OS version,0
1694995,Provide OS version,0
123468,Provide OS version,0
2736076,Provide OS version,0
2295025,Provide OS version,0
115264,Provide OS version,0
110126,Provide OS version,0
193222,Provide OS version,0
115266,Provide OS version,0
1938799,Provide OS version,0
2295024,Provide OS version,0
2264738,Provide OS version,0
37711,Provide OS version,0
91670,Provide OS version,0
1336497,Provide OS version,0
2060197,Provide OS version,0
1264889,Provide OS version,0
328989,Provide OS version,0
792226,Provide OS version,0
399188,Provide OS version,0
792230,Provide OS version,0
1978829,Provide OS version,0
37712,Provide OS version,0
1269676,Provide OS version,1
2264741,Provide OS version,0
91668,Provide OS version,0
235222,Provide OS version,0
496160,Provide OS version,0
260878,Provide OS version,0
1269675,Provide OS version,0
485529,Provide OS version,0
1655997,Provide OS version,0
792227,Provide OS version,0
399191,Provide OS version,0
260877,Provide OS version,0
2736078,Provide OS version,0
496158,Provide OS version,0
2823495,Provide OS version,0
2019034,Provide OS version,0
1182777,Provide OS version,0
2295022,Provide OS version,0
1490484,Provide OS version,0
492383,Provide OS version,0
228073,Provide OS version,0
492381,Provide OS version,0
2022181,Provide OS version,0
315113,Provide OS version,0
2175442,Provide OS version,0
494244,Provide OS version,0
10717,Provide OS version,0
328986,Provide OS version,0
2896748,Provide OS version,0
485531,Provide OS version,0
2364771,Provide OS version,0
2114161,Provide OS version,0
2615459,Provide OS version,0
492382,Provide OS version,0
115265,Provide spotify version,0
2165531,Provide spotify version,0
42730,Provide spotify version,1
2823496,Provide spotify version,0
761992,Provide spotify version,0
2678880,Provide spotify version,0
1655994,Provide spotify version,0
315115,Provide spotify version,0
187526,Provide spotify version,0
2912390,Provide spotify version,0
1655993,Provide spotify version,0
739008,Provide spotify version,0
2264740,Provide spotify version,1
1978830,Provide spotify version,0
2264739,Provide spotify version,0
1841427,Provide spotify version,0
2364770,Provide spotify version,0
1336498,Provide spotify version,0
2116878,Provide spotify version,0
1144323,Provide spotify version,0
235223,Provide spotify version,0
1182776,Provide spotify version,0
1748248,Provide spotify version,0
461455,Provide spotify version,0
1694995,Provide spotify version,0
123468,Provide spotify version,0
2736076,Provide spotify version,0
2295025,Provide spotify version,0
115264,Provide spotify version,0
110126,Provide spotify version,0
193222,Provide spotify version,0
115266,Provide spotify version,0
1938799,Provide spotify version,0
2295024,Provide spotify version,0
2264738,Provide spotify version,0
37711,Provide spotify version,0
91670,Provide spotify version,0
1336497,Provide spotify version,0
2060197,Provide spotify version,0
1264889,Provide spotify version,0
328989,Provide spotify version,0
792226,Provide spotify version,0
399188,Provide spotify version,0
792230,Provide spotify version,0
1978829,Provide spotify version,0
37712,Provide spotify version,0
1269676,Provide spotify version,0
2264741,Provide spotify version,0
91668,Provide spotify version,0
235222,Provide spotify version,0
496160,Provide spotify version,0
260878,Provide spotify version,0
1269675,Provide spotify version,0
485529,Provide spotify version,0
1655997,Provide spotify version,0
792227,Provide spotify version,0
399191,Provide spotify version,0
260877,Provide spotify version,0
2736078,Provide spotify version,0
496158,Provide spotify version,0
2823495,Provide spotify version,0
2019034,Provide spotify version,0
1182777,Provide spotify version,0
2295022,Provide spotify version,0
1490484,Provide spotify version,0
492383,Provide spotify version,0
228073,Provide spotify version,0
492381,Provide spotify version,0
2022181,Provide spotify version,0
315113,Provide spotify version,0
2175442,Provide spotify version,0
494244,Provide spotify version,0
10717,Provide spotify version,0
328986,Provide spotify version,0
2896748,Provide spotify version,0
485531,Provide spotify version,0
2364771,Provide spotify version,0
2114161,Provide spotify version,0
2615459,Provide spotify version,0
492382,Provide spotify version,0
115265,Provide username,0
2165531,Provide username,0
42730,Provide username,0
2823496,Provide username,0
761992,Provide username,0
2678880,Provide username,0
1655994,Provide username,0
315115,Provide username,0
187526,Provide username,1
2912390,Provide username,0
1655993,Provide username,0
739008,Provide username,0
2264740,Provide username,0
1978830,Provide username,0
2264739,Provide username,0
1841427,Provide username,0
2364770,Provide username,0
1336498,Provide username,0
2116878,Provide username,0
1144323,Provide username,0
235223,Provide username,0
1182776,Provide username,0
1748248,Provide username,0
461455,Provide username,0
1694995,Provide username,0
123468,Provide username,0
2736076,Provide username,0
2295025,Provide username,0
115264,Provide username,0
110126,Provide username,0
193222,Provide username,0
115266,Provide username,0
1938799,Provide username,0
2295024,Provide username,0
2264738,Provide username,0
37711,Provide username,0
91670,Provide username,0
1336497,Provide username,0
2060197,Provide username,0
1264889,Provide username,0
328989,Provide username,1
792226,Provide username,0
399188,Provide username,0
792230,Provide username,0
1978829,Provide username,0
37712,Provide username,0
1269676,Provide username,0
2264741,Provide username,0
91668,Provide username,0
235222,Provide username,0
496160,Provide username,0
260878,Provide username,0
1269675,Provide username,0
485529,Provide username,0
1655997,Provide username,0
792227,Provide username,0
399191,Provide username,0
260877,Provide username,0
2736078,Provide username,0
496158,Provide username,0
2823495,Provide username,0
2019034,Provide username,0
1182777,Provide username,0
2295022,Provide username,0
1490484,Provide username,0
492383,Provide username,0
228073,Provide username,0
492381,Provide username,0
2022181,Provide username,0
315113,Provide username,0
2175442,Provide username,0
494244,Provide username,0
10717,Provide username,0
328986,Provide username,0
2896748,Provide username,0
485531,Provide username,0
2364771,Provide username,0
2114161,Provide username,0
2615459,Provide username,0
492382,Provide username,1
115265,Provide email address,0
2165531,Provide email address,0
42730,Provide email address,0
2823496,Provide email address,0
761992,Provide email address,0
2678880,Provide email address,0
1655994,Provide email address,0
315115,Provide email address,0
187526,Provide email address,1
2912390,Provide email address,0
1655993,Provide email address,0
739008,Provide email address,0
2264740,Provide email address,0
1978830,Provide email address,0
2264739,Provide email address,0
1841427,Provide email address,0
2364770,Provide email address,0
1336498,Provide email address,0
2116878,Provide email address,0
1144323,Provide email address,0
235223,Provide email address,0
1182776,Provide email address,0
1748248,Provide email address,0
461455,Provide email address,0
1694995,Provide email address,0
123468,Provide email address,0
2736076,Provide email address,1
2295025,Provide email address,0
115264,Provide email address,0
110126,Provide email address,0
193222,Provide email address,0
115266,Provide email address,0
1938799,Provide email address,0
2295024,Provide email address,0
2264738,Provide email address,0
37711,Provide email address,0
91670,Provide email address,0
1336497,Provide email address,0
2060197,Provide email address,0
1264889,Provide email address,0
328989,Provide email address,1
792226,Provide email address,0
399188,Provide email address,0
792230,Provide email address,0
1978829,Provide email address,0
37712,Provide email address,0
1269676,Provide email address,0
2264741,Provide email address,0
91668,Provide email address,0
235222,Provide email address,0
496160,Provide email address,0
260878,Provide email address,0
1269675,Provide email address,0
485529,Provide email address,0
1655997,Provide email address,0
792227,Provide email address,0
399191,Provide email address,0
260877,Provide email address,0
2736078,Provide email address,0
496158,Provide email address,0
2823495,Provide email address,0
2019034,Provide email address,0
1182777,Provide email address,0
2295022,Provide email address,0
1490484,Provide email address,0
492383,Provide email address,0
228073,Provide email address,0
492381,Provide email address,0
2022181,Provide email address,0
315113,Provide email address,0
2175442,Provide email address,0
494244,Provide email address,0
10717,Provide email address,0
328986,Provide email address,0
2896748,Provide email address,0
485531,Provide email address,0
2364771,Provide email address,0
2114161,Provide email address,0
2615459,Provide email address,0
492382,Provide email address,1
115265,Reinstall the app,0
2165531,Reinstall the app,0
42730,Reinstall the app,0
2823496,Reinstall the app,0
761992,Reinstall the app,0
2678880,Reinstall the app,0
1655994,Reinstall the app,0
315115,Reinstall the app,0
187526,Reinstall the app,0
2912390,Reinstall the app,0
1655993,Reinstall the app,0
739008,Reinstall the app,0
2264740,Reinstall the app,1
1978830,Reinstall the app,0
2264739,Reinstall the app,0
1841427,Reinstall the app,0
2364770,Reinstall the app,0
1336498,Reinstall the app,0
2116878,Reinstall the app,0
1144323,Reinstall the app,0
235223,Reinstall the app,0
1182776,Reinstall the app,0
1748248,Reinstall the app,0
461455,Reinstall the app,0
1694995,Reinstall the app,0
123468,Reinstall the app,0
2736076,Reinstall the app,0
2295025,Reinstall the app,0
115264,Reinstall the app,0
110126,Reinstall the app,0
193222,Reinstall the app,0
115266,Reinstall the app,0
1938799,Reinstall the app,0
2295024,Reinstall the app,0
2264738,Reinstall the app,0
37711,Reinstall the app,0
91670,Reinstall the app,0
1336497,Reinstall the app,0
2060197,Reinstall the app,0
1264889,Reinstall the app,0
328989,Reinstall the app,0
792226,Reinstall the app,0
399188,Reinstall the app,0
792230,Reinstall the app,0
1978829,Reinstall the app,0
37712,Reinstall the app,0
1269676,Reinstall the app,0
2264741,Reinstall the app,0
91668,Reinstall the app,0
235222,Reinstall the app,0
496160,Reinstall the app,0
260878,Reinstall the app,0
1269675,Reinstall the app,0
485529,Reinstall the app,0
1655997,Reinstall the app,0
792227,Reinstall the app,0
399191,Reinstall the app,0
260877,Reinstall the app,0
2736078,Reinstall the app,0
496158,Reinstall the app,0
2823495,Reinstall the app,0
2019034,Reinstall the app,0
1182777,Reinstall the app,0
2295022,Reinstall the app,0
1490484,Reinstall the app,0
492383,Reinstall the app,0
228073,Reinstall the app,0
492381,Reinstall the app,0
2022181,Reinstall the app,0
315113,Reinstall the app,1
2175442,Reinstall the app,0
494244,Reinstall the app,0
10717,Reinstall the app,0
328986,Reinstall the app,0
2896748,Reinstall the app,0
485531,Reinstall the app,0
2364771,Reinstall the app,0
2114161,Reinstall the app,0
2615459,Reinstall the app,0
492382,Reinstall the app,0
115265,Restart device,0
2165531,Restart device,0
42730,Restart device,0
2823496,Restart device,0
761992,Restart device,0
2678880,Restart device,0
1655994,Restart device,0
315115,Restart device,1
187526,Restart device,0
2912390,Restart device,0
1655993,Restart device,0
739008,Restart device,0
2264740,Restart device,0
1978830,Restart device,0
2264739,Restart device,0
1841427,Restart device,0
2364770,Restart device,0
1336498,Restart device,0
2116878,Restart device,0
1144323,Restart device,0
235223,Restart device,0
1182776,Restart device,0
1748248,Restart device,0
461455,Restart device,0
1694995,Restart device,0
123468,Restart device,0
2736076,Restart device,0
2295025,Restart device,1
115264,Restart device,1
110126,Restart device,0
193222,Restart device,0
115266,Restart device,0
1938799,Restart device,0
2295024,Restart device,0
2264738,Restart device,0
37711,Restart device,0
91670,Restart device,0
1336497,Restart device,0
2060197,Restart device,0
1264889,Restart device,0
328989,Restart device,0
792226,Restart device,0
399188,Restart device,0
792230,Restart device,0
1978829,Restart device,0
37712,Restart device,0
1269676,Restart device,0
2264741,Restart device,0
91668,Restart device,0
235222,Restart device,0
496160,Restart device,0
260878,Restart device,0
1269675,Restart device,0
485529,Restart device,0
1655997,Restart device,1
792227,Restart device,0
399191,Restart device,1
260877,Restart device,0
2736078,Restart device,0
496158,Restart device,0
2823495,Restart device,0
2019034,Restart device,0
1182777,Restart device,0
2295022,Restart device,0
1490484,Restart device,0
492383,Restart device,0
228073,Restart device,0
492381,Restart device,0
2022181,Restart device,0
315113,Restart device,0
2175442,Restart device,0
494244,Restart device,0
10717,Restart device,0
328986,Restart device,0
2896748,Restart device,0
485531,Restart device,0
2364771,Restart device,0
2114161,Restart device,0
2615459,Restart device,0
492382,Restart device,0
115265,Logout,0
2165531,Logout,0
42730,Logout,0
2823496,Logout,0
761992,Logout,0
2678880,Logout,0
1655994,Logout,0
315115,Logout,0
187526,Logout,0
2912390,Logout,0
1655993,Logout,0
739008,Logout,0
2264740,Logout,0
1978830,Logout,0
2264739,Logout,0
1841427,Logout,0
2364770,Logout,0
1336498,Logout,0
2116878,Logout,0
1144323,Logout,0
235223,Logout,0
1182776,Logout,0
1748248,Logout,0
461455,Logout,0
1694995,Logout,0
123468,Logout,0
2736076,Logout,0
2295025,Logout,0
115264,Logout,1
110126,Logout,0
193222,Logout,0
115266,Logout,0
1938799,Logout,0
2295024,Logout,0
2264738,Logout,0
37711,Logout,0
91670,Logout,0
1336497,Logout,0
2060197,Logout,0
1264889,Logout,0
328989,Logout,0
792226,Logout,1
399188,Logout,0
792230,Logout,0
1978829,Logout,0
37712,Logout,0
1269676,Logout,0
2264741,Logout,0
91668,Logout,0
235222,Logout,0
496160,Logout,0
260878,Logout,0
1269675,Logout,0
485529,Logout,0
1655997,Logout,1
792227,Logout,1
399191,Logout,1
260877,Logout,0
2736078,Logout,0
496158,Logout,0
2823495,Logout,0
2019034,Logout,0
1182777,Logout,0
2295022,Logout,0
1490484,Logout,0
492383,Logout,0
228073,Logout,0
492381,Logout,0
2022181,Logout,0
315113,Logout,0
2175442,Logout,0
494244,Logout,0
10717,Logout,0
328986,Logout,0
2896748,Logout,0
485531,Logout,0
2364771,Logout,0
2114161,Logout,0
2615459,Logout,0
492382,Logout,0
115265,Login,0
2165531,Login,0
42730,Login,0
2823496,Login,0
761992,Login,0
2678880,Login,0
1655994,Login,0
315115,Login,0
187526,Login,0
2912390,Login,0
1655993,Login,1
739008,Login,0
2264740,Login,0
1978830,Login,0
2264739,Login,0
1841427,Login,0
2364770,Login,0
1336498,Login,0
2116878,Login,0
1144323,Login,0
235223,Login,1
1182776,Login,0
1748248,Login,0
461455,Login,0
1694995,Login,0
123468,Login,0
2736076,Login,0
2295025,Login,0
115264,Login,1
110126,Login,0
193222,Login,0
115266,Login,0
1938799,Login,0
2295024,Login,0
2264738,Login,0
37711,Login,0
91670,Login,0
1336497,Login,0
2060197,Login,0
1264889,Login,0
328989,Login,0
792226,Login,1
399188,Login,0
792230,Login,0
1978829,Login,0
37712,Login,0
1269676,Login,0
2264741,Login,0
91668,Login,0
235222,Login,0
496160,Login,0
260878,Login,0
1269675,Login,0
485529,Login,0
1655997,Login,1
792227,Login,1
399191,Login,1
260877,Login,0
2736078,Login,0
496158,Login,0
2823495,Login,0
2019034,Login,0
1182777,Login,0
2295022,Login,0
1490484,Login,0
492383,Login,0
228073,Login,0
492381,Login,0
2022181,Login,0
315113,Login,0
2175442,Login,0
494244,Login,0
10717,Login,0
328986,Login,0
2896748,Login,0
485531,Login,0
2364771,Login,0
2114161,Login,0
2615459,Login,0
492382,Login,0
115265,Provide error message,0
2165531,Provide error message,0
42730,Provide error message,0
2823496,Provide error message,0
761992,Provide error message,0
2678880,Provide error message,1
1655994,Provide error message,0
315115,Provide error message,0
187526,Provide error message,0
2912390,Provide error message,0
1655993,Provide error message,0
739008,Provide error message,0
2264740,Provide error message,0
1978830,Provide error message,0
2264739,Provide error message,0
1841427,Provide error message,0
2364770,Provide error message,0
1336498,Provide error message,0
2116878,Provide error message,0
1144323,Provide error message,0
235223,Provide error message,0
1182776,Provide error message,0
1748248,Provide error message,0
461455,Provide error message,0
1694995,Provide error message,0
123468,Provide error message,0
2736076,Provide error message,0
2295025,Provide error message,0
115264,Provide error message,0
110126,Provide error message,0
193222,Provide error message,0
115266,Provide error message,0
1938799,Provide error message,0
2295024,Provide error message,0
2264738,Provide error message,1
37711,Provide error message,0
91670,Provide error message,0
1336497,Provide error message,0
2060197,Provide error message,0
1264889,Provide error message,0
328989,Provide error message,0
792226,Provide error message,0
399188,Provide error message,0
792230,Provide error message,0
1978829,Provide error message,0
37712,Provide error message,0
1269676,Provide error message,0
2264741,Provide error message,0
91668,Provide error message,0
235222,Provide error message,0
496160,Provide error message,0
260878,Provide error message,0
1269675,Provide error message,0
485529,Provide error message,0
1655997,Provide error message,0
792227,Provide error message,0
399191,Provide error message,0
260877,Provide error message,0
2736078,Provide error message,0
496158,Provide error message,0
2823495,Provide error message,0
2019034,Provide error message,0
1182777,Provide error message,0
2295022,Provide error message,0
1490484,Provide error message,0
492383,Provide error message,0
228073,Provide error message,1
492381,Provide error message,0
2022181,Provide error message,0
315113,Provide error message,0
2175442,Provide error message,0
494244,Provide error message,0
10717,Provide error message,0
328986,Provide error message,1
2896748,Provide error message,0
485531,Provide error message,0
2364771,Provide error message,0
2114161,Provide error message,0
2615459,Provide error message,0
492382,Provide error message,0
