model,rag_mode,config,dataset,label,tp,tn,fp,fn,precision,recall,f1,mcc,balanced_accuracy
DeepSeek,examples,raw_10call_majority,AmazonHelp,Account,0,18,0,2,0.0,0.0,0.0,0.0,0.5
DeepSeek,examples,raw_10call_majority,AmazonHelp,Alexa,0,18,0,2,0.0,0.0,0.0,0.0,0.5
DeepSeek,examples,raw_10call_majority,AmazonHelp,Apologize,7,10,1,1,0.875,0.875,0.875,0.7840909090909091,0.8920454545454546
DeepSeek,examples,raw_10call_majority,AmazonHelp,Bad Support,1,17,0,2,1.0,0.3333333333333333,0.5,0.5461186812727502,0.6666666666666666
DeepSeek,examples,raw_10call_majority,AmazonHelp,Delivery,5,13,0,2,1.0,0.7142857142857143,0.8333333333333333,0.7867957924694432,0.8571428571428572
DeepSeek,examples,raw_10call_majority,AmazonHelp,Echo,1,17,0,2,1.0,0.3333333333333333,0.5,0.5461186812727502,0.6666666666666666
DeepSeek,examples,raw_10call_majority,AmazonHelp,Investigate Issue,5,9,2,3,0.7142857142857143,0.625,0.6666666666666666,0.45361105256925455,0.7215909090909092
DeepSeek,examples,raw_10call_majority,AmazonHelp,Kindle,0,20,0,0,0.0,0.0,0.0,0.0,0.5
DeepSeek,examples,raw_10call_majority,AmazonHelp,Order Cancellation,0,19,0,1,0.0,0.0,0.0,0.0,0.5
DeepSeek,examples,raw_10call_majority,AmazonHelp,Packaging,0,19,0,1,0.0,0.0,0.0,0.0,0.5
DeepSeek,examples,raw_10call_majority,AmazonHelp,Prime,1,13,0,6,1.0,0.14285714285714285,0.25,0.3126409456585232,0.5714285714285714
DeepSeek,examples,raw_10call_majority,AmazonHelp,Provide URL,13,6,0,0,1.0,1.0,1.0,1.0,1.0
DeepSeek,examples,raw_10call_majority,AmazonHelp,Provide delivery date,1,17,0,1,1.0,0.5,0.6666666666666666,0.6871842709362768,0.75
DeepSeek,examples,raw_10call_majority,AmazonHelp,Refer to specialist team,2,17,0,0,1.0,1.0,1.0,1.0,1.0
DeepSeek,examples,raw_10call_majority,AmazonHelp,Refund,0,20,0,0,0.0,0.0,0.0,0.0,0.5
DeepSeek,examples,raw_10call_majority,AmazonHelp,Replacement,0,20,0,0,0.0,0.0,0.0,0.0,0.5
DeepSeek,examples,raw_10call_majority,AmazonHelp,Request to call by phone,3,16,0,0,1.0,1.0,1.0,1.0,1.0
DeepSeek,examples,raw_10call_majority,AmazonHelp,Request to not send personal details,1,18,0,0,1.0,1.0,1.0,1.0,1.0
DeepSeek,examples,raw_10call_majority,AmazonHelp,Request to reach out by chat,2,17,0,0,1.0,1.0,1.0,1.0,1.0
DeepSeek,examples,raw_10call_majority,AmazonHelp,Return,1,18,0,1,1.0,0.5,0.6666666666666666,0.6882472016116853,0.75
DeepSeek,examples,raw_10call_majority,AppleSupport,Battery,4,25,0,2,1.0,0.6666666666666666,0.8,0.7856742013183861,0.8333333333333333
DeepSeek,examples,raw_10call_majority,AppleSupport,Investigate issue,0,11,0,16,0.0,0.0,0.0,0.0,0.5
DeepSeek,examples,raw_10call_majority,AppleSupport,Mac,0,28,0,3,0.0,0.0,0.0,0.0,0.5
DeepSeek,examples,raw_10call_majority,AppleSupport,Provide URL,13,11,0,3,1.0,0.8125,0.896551724137931,0.7989949043284676,0.90625
DeepSeek,examples,raw_10call_majority,AppleSupport,Provide device model,3,25,0,3,1.0,0.5,0.6666666666666666,0.6681531047810609,0.75
DeepSeek,examples,raw_10call_majority,AppleSupport,Provide system version,3,21,0,7,1.0,0.3,0.4615384615384615,0.47434164902525694,0.65
DeepSeek,examples,raw_10call_majority,AppleSupport,Recommend backing up,0,27,0,0,0.0,0.0,0.0,0.0,0.5
DeepSeek,examples,raw_10call_majority,AppleSupport,Recommend updating,0,27,0,0,0.0,0.0,0.0,0.0,0.5
DeepSeek,examples,raw_10call_majority,AppleSupport,Refer to specialist team,0,27,0,0,0.0,0.0,0.0,0.0,0.5
DeepSeek,examples,raw_10call_majority,AppleSupport,Refund,2,29,0,0,1.0,1.0,1.0,1.0,1.0
DeepSeek,examples,raw_10call_majority,AppleSupport,Request DM,0,15,0,12,0.0,0.0,0.0,0.0,0.5
DeepSeek,examples,raw_10call_majority,AppleSupport,Request country,0,27,0,0,0.0,0.0,0.0,0.0,0.5
DeepSeek,examples,raw_10call_majority,AppleSupport,Request device model,0,24,0,3,0.0,0.0,0.0,0.0,0.5
DeepSeek,examples,raw_10call_majority,AppleSupport,Request device restart,0,26,0,1,0.0,0.0,0.0,0.0,0.5
DeepSeek,examples,raw_10call_majority,AppleSupport,Request iOS version,0,19,0,8,0.0,0.0,0.0,0.0,0.5
DeepSeek,examples,raw_10call_majority,AppleSupport,Restart device,0,28,0,3,0.0,0.0,0.0,0.0,0.5
DeepSeek,examples,raw_10call_majority,AppleSupport,Software/App,0,21,0,10,0.0,0.0,0.0,0.0,0.5
DeepSeek,examples,raw_10call_majority,AppleSupport,TV,0,31,0,0,0.0,0.0,0.0,0.0,0.5
DeepSeek,examples,raw_10call_majority,AppleSupport,Unresponsive/Freezing Device,3,26,0,2,1.0,0.6,0.7499999999999999,0.7464200272921789,0.8
DeepSeek,examples,raw_10call_majority,AppleSupport,Update,4,16,1,10,0.8,0.2857142857142857,0.4210526315789473,0.3069966278984953,0.6134453781512605
DeepSeek,examples,raw_10call_majority,AppleSupport,iPad,0,31,0,0,0.0,0.0,0.0,0.0,0.5
DeepSeek,examples,raw_10call_majority,AppleSupport,iPhone,8,18,3,2,0.7272727272727273,0.8,0.761904761904762,0.642034105174945,0.8285714285714285
DeepSeek,examples,raw_10call_majority,SpotifyCares,Account,0,29,0,6,0.0,0.0,0.0,0.0,0.5
DeepSeek,examples,raw_10call_majority,SpotifyCares,Advertisement,0,33,0,2,0.0,0.0,0.0,0.0,0.5
DeepSeek,examples,raw_10call_majority,SpotifyCares,App,1,26,0,8,1.0,0.1111111111111111,0.19999999999999998,0.2914915440650687,0.5555555555555556
DeepSeek,examples,raw_10call_majority,SpotifyCares,Billing/Payment,1,28,0,6,1.0,0.14285714285714285,0.25,0.3429971702850177,0.5714285714285714
DeepSeek,examples,raw_10call_majority,SpotifyCares,Family Subscription,0,34,0,1,0.0,0.0,0.0,0.0,0.5
DeepSeek,examples,raw_10call_majority,SpotifyCares,Hulu,0,34,0,1,0.0,0.0,0.0,0.0,0.5
DeepSeek,examples,raw_10call_majority,SpotifyCares,Login,0,31,0,4,0.0,0.0,0.0,0.0,0.5
DeepSeek,examples,raw_10call_majority,SpotifyCares,Logout,0,33,0,2,0.0,0.0,0.0,0.0,0.5
DeepSeek,examples,raw_10call_majority,SpotifyCares,Offer further help,4,19,5,0,0.4444444444444444,1.0,0.6153846153846153,0.5931710140017395,0.8958333333333333
DeepSeek,examples,raw_10call_majority,SpotifyCares,Playlist,1,33,0,1,1.0,0.5,0.6666666666666666,0.696630546019236,0.75
DeepSeek,examples,raw_10call_majority,SpotifyCares,Premium,0,33,0,2,0.0,0.0,0.0,0.0,0.5
DeepSeek,examples,raw_10call_majority,SpotifyCares,Provide OS version,0,33,0,2,0.0,0.0,0.0,0.0,0.5
DeepSeek,examples,raw_10call_majority,SpotifyCares,Provide URL,12,15,0,1,1.0,0.9230769230769231,0.9600000000000001,0.9302605094190635,0.9615384615384616
DeepSeek,examples,raw_10call_majority,SpotifyCares,Provide device model,0,31,0,4,0.0,0.0,0.0,0.0,0.5
DeepSeek,examples,raw_10call_majority,SpotifyCares,Provide email address,0,35,0,0,0.0,0.0,0.0,0.0,0.5
DeepSeek,examples,raw_10call_majority,SpotifyCares,Provide error message,0,30,0,5,0.0,0.0,0.0,0.0,0.5
DeepSeek,examples,raw_10call_majority,SpotifyCares,Provide spotify version,0,33,0,2,0.0,0.0,0.0,0.0,0.5
DeepSeek,examples,raw_10call_majority,SpotifyCares,Provide username,0,35,0,0,0.0,0.0,0.0,0.0,0.5
DeepSeek,examples,raw_10call_majority,SpotifyCares,Refer to specialist team,0,27,1,0,0.0,0.0,0.0,0.0,0.48214285714285715
DeepSeek,examples,raw_10call_majority,SpotifyCares,Reinstall the app,0,34,0,1,0.0,0.0,0.0,0.0,0.5
DeepSeek,examples,raw_10call_majority,SpotifyCares,Request DM,1,21,0,6,1.0,0.14285714285714285,0.25,0.3333333333333333,0.5714285714285714
DeepSeek,examples,raw_10call_majority,SpotifyCares,Request OS version,3,25,0,0,1.0,1.0,1.0,1.0,1.0
DeepSeek,examples,raw_10call_majority,SpotifyCares,Request Spotify version,4,24,0,0,1.0,1.0,1.0,1.0,1.0
DeepSeek,examples,raw_10call_majority,SpotifyCares,Request device restart,3,24,1,0,0.75,1.0,0.8571428571428571,0.848528137423857,0.98
DeepSeek,examples,raw_10call_majority,SpotifyCares,Request device version,4,24,0,0,1.0,1.0,1.0,1.0,1.0
DeepSeek,examples,raw_10call_majority,SpotifyCares,Request email address,0,22,0,6,0.0,0.0,0.0,0.0,0.5
DeepSeek,examples,raw_10call_majority,SpotifyCares,Request error message,3,25,0,0,1.0,1.0,1.0,1.0,1.0
DeepSeek,examples,raw_10call_majority,SpotifyCares,Request exact issue description,1,27,0,0,1.0,1.0,1.0,1.0,1.0
DeepSeek,examples,raw_10call_majority,SpotifyCares,Request login,2,25,0,1,1.0,0.6666666666666666,0.8,0.8006407690254357,0.8333333333333333
DeepSeek,examples,raw_10call_majority,SpotifyCares,Request logout,3,25,0,0,1.0,1.0,1.0,1.0,1.0
DeepSeek,examples,raw_10call_majority,SpotifyCares,Request reinstall the app,0,26,0,2,0.0,0.0,0.0,0.0,0.5
DeepSeek,examples,raw_10call_majority,SpotifyCares,Request username,0,23,0,5,0.0,0.0,0.0,0.0,0.5
DeepSeek,examples,raw_10call_majority,SpotifyCares,Restart device,0,33,0,2,0.0,0.0,0.0,0.0,0.5
DeepSeek,examples,raw_10call_majority,SpotifyCares,Song/Artist,1,30,0,4,1.0,0.2,0.33333333333333337,0.420084025208403,0.6
DeepSeek,examples,raw_10call_majority,SpotifyCares,Student Subscription,1,33,0,1,1.0,0.5,0.6666666666666666,0.696630546019236,0.75
DeepSeek,examples,raw_1call,AmazonHelp,Account,0,18,0,2,0.0,0.0,0.0,0.0,0.5
DeepSeek,examples,raw_1call,AmazonHelp,Alexa,0,18,0,2,0.0,0.0,0.0,0.0,0.5
DeepSeek,examples,raw_1call,AmazonHelp,Apologize,6,10,1,2,0.8571428571428571,0.75,0.7999999999999999,0.6746010525388914,0.8295454545454546
DeepSeek,examples,raw_1call,AmazonHelp,Bad Support,0,17,0,3,0.0,0.0,0.0,0.0,0.5
DeepSeek,examples,raw_1call,AmazonHelp,Delivery,3,13,0,4,1.0,0.42857142857142855,0.6,0.5724780279075999,0.7142857142857143
DeepSeek,examples,raw_1call,AmazonHelp,Echo,0,17,0,3,0.0,0.0,0.0,0.0,0.5
DeepSeek,examples,raw_1call,AmazonHelp,Investigate Issue,6,9,2,2,0.75,0.75,0.75,0.5681818181818182,0.7840909090909092
DeepSeek,examples,raw_1call,AmazonHelp,Kindle,0,20,0,0,0.0,0.0,0.0,0.0,0.5
DeepSeek,examples,raw_1call,AmazonHelp,Order Cancellation,1,19,0,0,1.0,1.0,1.0,1.0,1.0
DeepSeek,examples,raw_1call,AmazonHelp,Packaging,0,19,0,1,0.0,0.0,0.0,0.0,0.5
DeepSeek,examples,raw_1call,AmazonHelp,Prime,2,13,0,5,1.0,0.2857142857142857,0.4444444444444445,0.45425676257949793,0.6428571428571428
DeepSeek,examples,raw_1call,AmazonHelp,Provide URL,13,6,0,0,1.0,1.0,1.0,1.0,1.0
DeepSeek,examples,raw_1call,AmazonHelp,Provide delivery date,0,17,0,2,0.0,0.0,0.0,0.0,0.5
DeepSeek,examples,raw_1call,AmazonHelp,Refer to specialist team,1,15,2,1,0.3333333333333333,0.5,0.4,0.3217979514674192,0.6911764705882353
DeepSeek,examples,raw_1call,AmazonHelp,Refund,0,19,1,0,0.0,0.0,0.0,0.0,0.475
DeepSeek,examples,raw_1call,AmazonHelp,Replacement,0,20,0,0,0.0,0.0,0.0,0.0,0.5
DeepSeek,examples,raw_1call,AmazonHelp,Request to call by phone,3,16,0,0,1.0,1.0,1.0,1.0,1.0
DeepSeek,examples,raw_1call,AmazonHelp,Request to not send personal details,1,18,0,0,1.0,1.0,1.0,1.0,1.0
DeepSeek,examples,raw_1call,AmazonHelp,Request to reach out by chat,2,17,0,0,1.0,1.0,1.0,1.0,1.0
DeepSeek,examples,raw_1call,AmazonHelp,Return,1,18,0,1,1.0,0.5,0.6666666666666666,0.6882472016116853,0.75
DeepSeek,examples,raw_1call,AppleSupport,Battery,5,25,0,1,1.0,0.8333333333333334,0.9090909090909091,0.8951435925492911,0.9166666666666667
DeepSeek,examples,raw_1call,AppleSupport,Investigate issue,0,11,0,16,0.0,0.0,0.0,0.0,0.5
DeepSeek,examples,raw_1call,AppleSupport,Mac,2,28,0,1,1.0,0.6666666666666666,0.8,0.802295557085754,0.8333333333333333
DeepSeek,examples,raw_1call,AppleSupport,Provide URL,9,11,0,7,1.0,0.5625,0.72,0.5863019699779286,0.78125
DeepSeek,examples,raw_1call,AppleSupport,Provide device model,4,25,0,2,1.0,0.6666666666666666,0.8,0.7856742013183861,0.8333333333333333
DeepSeek,examples,raw_1call,AppleSupport,Provide system version,4,21,0,6,1.0,0.4,0.5714285714285715,0.5577733510227171,0.7
DeepSeek,examples,raw_1call,AppleSupport,Recommend backing up,0,27,0,0,0.0,0.0,0.0,0.0,0.5
DeepSeek,examples,raw_1call,AppleSupport,Recommend updating,0,27,0,0,0.0,0.0,0.0,0.0,0.5
DeepSeek,examples,raw_1call,AppleSupport,Refer to specialist team,0,27,0,0,0.0,0.0,0.0,0.0,0.5
DeepSeek,examples,raw_1call,AppleSupport,Refund,2,29,0,0,1.0,1.0,1.0,1.0,1.0
DeepSeek,examples,raw_1call,AppleSupport,Request DM,0,15,0,12,0.0,0.0,0.0,0.0,0.5
DeepSeek,examples,raw_1call,AppleSupport,Request country,0,27,0,0,0.0,0.0,0.0,0.0,0.5
DeepSeek,examples,raw_1call,AppleSupport,Request device model,0,24,0,3,0.0,0.0,0.0,0.0,0.5
DeepSeek,examples,raw_1call,AppleSupport,Request device restart,0,26,0,1,0.0,0.0,0.0,0.0,0.5
DeepSeek,examples,raw_1call,AppleSupport,Request iOS version,0,19,0,8,0.0,0.0,0.0,0.0,0.5
DeepSeek,examples,raw_1call,AppleSupport,Restart device,0,28,0,3,0.0,0.0,0.0,0.0,0.5
DeepSeek,examples,raw_1call,AppleSupport,Software/App,0,21,0,10,0.0,0.0,0.0,0.0,0.5
DeepSeek,examples,raw_1call,AppleSupport,TV,0,31,0,0,0.0,0.0,0.0,0.0,0.5
DeepSeek,examples,raw_1call,AppleSupport,Unresponsive/Freezing Device,2,23,3,3,0.4,0.4,0.4000000000000001,0.2846153846153846,0.6423076923076922
DeepSeek,examples,raw_1call,AppleSupport,Update,6,17,0,8,1.0,0.42857142857142855,0.6,0.5398412465054624,0.7142857142857143
DeepSeek,examples,raw_1call,AppleSupport,iPad,0,31,0,0,0.0,0.0,0.0,0.0,0.5
DeepSeek,examples,raw_1call,AppleSupport,iPhone,6,17,4,4,0.6,0.6,0.6,0.4095238095238095,0.7047619047619047
DeepSeek,examples,raw_1call,SpotifyCares,Account,1,28,1,5,0.5,0.16666666666666666,0.25,0.21462546253307746,0.5660919540229885
DeepSeek,examples,raw_1call,SpotifyCares,Advertisement,0,33,0,2,0.0,0.0,0.0,0.0,0.5
DeepSeek,examples,raw_1call,SpotifyCares,App,0,26,0,9,0.0,0.0,0.0,0.0,0.5
DeepSeek,examples,raw_1call,SpotifyCares,Billing/Payment,0,28,0,7,0.0,0.0,0.0,0.0,0.5
DeepSeek,examples,raw_1call,SpotifyCares,Family Subscription,0,34,0,1,0.0,0.0,0.0,0.0,0.5
DeepSeek,examples,raw_1call,SpotifyCares,Hulu,1,34,0,0,1.0,1.0,1.0,1.0,1.0
DeepSeek,examples,raw_1call,SpotifyCares,Login,0,31,0,4,0.0,0.0,0.0,0.0,0.5
DeepSeek,examples,raw_1call,SpotifyCares,Logout,0,33,0,2,0.0,0.0,0.0,0.0,0.5
DeepSeek,examples,raw_1call,SpotifyCares,Offer further help,2,19,5,2,0.2857142857142857,0.5,0.36363636363636365,0.23570226039551587,0.6458333333333333
DeepSeek,examples,raw_1call,SpotifyCares,Playlist,1,33,0,1,1.0,0.5,0.6666666666666666,0.696630546019236,0.75
DeepSeek,examples,raw_1call,SpotifyCares,Premium,0,33,0,2,0.0,0.0,0.0,0.0,0.5
DeepSeek,examples,raw_1call,SpotifyCares,Provide OS version,0,33,0,2,0.0,0.0,0.0,0.0,0.5
DeepSeek,examples,raw_1call,SpotifyCares,Provide URL,10,15,0,3,1.0,0.7692307692307693,0.8695652173913044,0.8006407690254357,0.8846153846153846
DeepSeek,examples,raw_1call,SpotifyCares,Provide device model,0,31,0,4,0.0,0.0,0.0,0.0,0.5
DeepSeek,examples,raw_1call,SpotifyCares,Provide email address,0,35,0,0,0.0,0.0,0.0,0.0,0.5
DeepSeek,examples,raw_1call,SpotifyCares,Provide error message,0,30,0,5,0.0,0.0,0.0,0.0,0.5
DeepSeek,examples,raw_1call,SpotifyCares,Provide spotify version,0,33,0,2,0.0,0.0,0.0,0.0,0.5
DeepSeek,examples,raw_1call,SpotifyCares,Provide username,0,35,0,0,0.0,0.0,0.0,0.0,0.5
DeepSeek,examples,raw_1call,SpotifyCares,Refer to specialist team,0,27,1,0,0.0,0.0,0.0,0.0,0.48214285714285715
DeepSeek,examples,raw_1call,SpotifyCares,Reinstall the app,0,34,0,1,0.0,0.0,0.0,0.0,0.5
DeepSeek,examples,raw_1call,SpotifyCares,Request DM,2,21,0,5,1.0,0.2857142857142857,0.4444444444444445,0.48038446141526137,0.6428571428571428
DeepSeek,examples,raw_1call,SpotifyCares,Request OS version,3,25,0,0,1.0,1.0,1.0,1.0,1.0
DeepSeek,examples,raw_1call,SpotifyCares,Request Spotify version,4,24,0,0,1.0,1.0,1.0,1.0,1.0
DeepSeek,examples,raw_1call,SpotifyCares,Request device restart,2,25,0,1,1.0,0.6666666666666666,0.8,0.8006407690254357,0.8333333333333333
DeepSeek,examples,raw_1call,SpotifyCares,Request device version,4,24,0,0,1.0,1.0,1.0,1.0,1.0
DeepSeek,examples,raw_1call,SpotifyCares,Request email address,0,22,0,6,0.0,0.0,0.0,0.0,0.5
DeepSeek,examples,raw_1call,SpotifyCares,Request error message,3,25,0,0,1.0,1.0,1.0,1.0,1.0
DeepSeek,examples,raw_1call,SpotifyCares,Request exact issue description,0,27,0,1,0.0,0.0,0.0,0.0,0.5
DeepSeek,examples,raw_1call,SpotifyCares,Request login,1,25,0,2,1.0,0.3333333333333333,0.5,0.5555555555555556,0.6666666666666666
DeepSeek,examples,raw_1call,SpotifyCares,Request logout,2,25,0,1,1.0,0.6666666666666666,0.8,0.8006407690254357,0.8333333333333333
DeepSeek,examples,raw_1call,SpotifyCares,Request reinstall the app,0,26,0,2,0.0,0.0,0.0,0.0,0.5
DeepSeek,examples,raw_1call,SpotifyCares,Request username,0,23,0,5,0.0,0.0,0.0,0.0,0.5
DeepSeek,examples,raw_1call,SpotifyCares,Restart device,0,33,0,2,0.0,0.0,0.0,0.0,0.5
DeepSeek,examples,raw_1call,SpotifyCares,Song/Artist,1,30,0,4,1.0,0.2,0.33333333333333337,0.420084025208403,0.6
DeepSeek,examples,raw_1call,SpotifyCares,Student Subscription,0,33,0,2,0.0,0.0,0.0,0.0,0.5
DeepSeek,examples,validated_paths10_thr0.5,AmazonHelp,Account,2,18,0,0,1.0,1.0,1.0,1.0,1.0
DeepSeek,examples,validated_paths10_thr0.5,AmazonHelp,Alexa,2,18,0,0,1.0,1.0,1.0,1.0,1.0
DeepSeek,examples,validated_paths10_thr0.5,AmazonHelp,Apologize,8,10,1,0,0.8888888888888888,1.0,0.9411764705882353,0.8989331499509895,0.9545454545454546
DeepSeek,examples,validated_paths10_thr0.5,AmazonHelp,Bad Support,2,16,1,1,0.6666666666666666,0.6666666666666666,0.6666666666666666,0.6078431372549019,0.803921568627451
DeepSeek,examples,validated_paths10_thr0.5,AmazonHelp,Delivery,5,13,0,2,1.0,0.7142857142857143,0.8333333333333333,0.7867957924694432,0.8571428571428572
DeepSeek,examples,validated_paths10_thr0.5,AmazonHelp,Echo,3,17,0,0,1.0,1.0,1.0,1.0,1.0
DeepSeek,examples,validated_paths10_thr0.5,AmazonHelp,Investigate Issue,7,9,2,1,0.7777777777777778,0.875,0.823529411764706,0.6854365268376295,0.8465909090909092
DeepSeek,examples,validated_paths10_thr0.5,AmazonHelp,Kindle,0,20,0,0,0.0,0.0,0.0,0.0,0.5
DeepSeek,examples,validated_paths10_thr0.5,AmazonHelp,Order Cancellation,1,19,0,0,1.0,1.0,1.0,1.0,1.0
DeepSeek,examples,validated_paths10_thr0.5,AmazonHelp,Packaging,1,19,0,0,1.0,1.0,1.0,1.0,1.0
DeepSeek,examples,validated_paths10_thr0.5,AmazonHelp,Prime,7,13,0,0,1.0,1.0,1.0,1.0,1.0
DeepSeek,examples,validated_paths10_thr0.5,AmazonHelp,Provide URL,13,6,0,0,1.0,1.0,1.0,1.0,1.0
DeepSeek,examples,validated_paths10_thr0.5,AmazonHelp,Provide delivery date,1,17,0,1,1.0,0.5,0.6666666666666666,0.6871842709362768,0.75
DeepSeek,examples,validated_paths10_thr0.5,AmazonHelp,Refer to specialist team,2,17,0,0,1.0,1.0,1.0,1.0,1.0
DeepSeek,examples,validated_paths10_thr0.5,AmazonHelp,Refund,0,20,0,0,0.0,0.0,0.0,0.0,0.5
DeepSeek,examples,validated_paths10_thr0.5,AmazonHelp,Replacement,0,20,0,0,0.0,0.0,0.0,0.0,0.5
DeepSeek,examples,validated_paths10_thr0.5,AmazonHelp,Request to call by phone,3,16,0,0,1.0,1.0,1.0,1.0,1.0
DeepSeek,examples,validated_paths10_thr0.5,AmazonHelp,Request to not send personal details,1,18,0,0,1.0,1.0,1.0,1.0,1.0
DeepSeek,examples,validated_paths10_thr0.5,AmazonHelp,Request to reach out by chat,2,17,0,0,1.0,1.0,1.0,1.0,1.0
DeepSeek,examples,validated_paths10_thr0.5,AmazonHelp,Return,2,18,0,0,1.0,1.0,1.0,1.0,1.0
DeepSeek,examples,validated_paths10_thr0.5,AppleSupport,Battery,5,24,1,1,0.8333333333333334,0.8333333333333334,0.8333333333333334,0.7933333333333333,0.8966666666666667
DeepSeek,examples,validated_paths10_thr0.5,AppleSupport,Investigate issue,11,7,4,5,0.7333333333333333,0.6875,0.7096774193548386,0.32024493467004,0.6619318181818181
DeepSeek,examples,validated_paths10_thr0.5,AppleSupport,Mac,3,27,1,0,0.75,1.0,0.8571428571428571,0.8504200642707612,0.9821428571428572
DeepSeek,examples,validated_paths10_thr0.5,AppleSupport,Provide URL,15,11,0,1,1.0,0.9375,0.967741935483871,0.9270248108869579,0.96875
DeepSeek,examples,validated_paths10_thr0.5,AppleSupport,Provide device model,6,24,1,0,0.8571428571428571,1.0,0.923076923076923,0.9071147352221454,0.98
DeepSeek,examples,validated_paths10_thr0.5,AppleSupport,Provide system version,10,21,0,0,1.0,1.0,1.0,1.0,1.0
DeepSeek,examples,validated_paths10_thr0.5,AppleSupport,Recommend backing up,0,27,0,0,0.0,0.0,0.0,0.0,0.5
DeepSeek,examples,validated_paths10_thr0.5,AppleSupport,Recommend updating,0,27,0,0,0.0,0.0,0.0,0.0,0.5
DeepSeek,examples,validated_paths10_thr0.5,AppleSupport,Refer to specialist team,0,27,0,0,0.0,0.0,0.0,0.0,0.5
DeepSeek,examples,validated_paths10_thr0.5,AppleSupport,Refund,2,29,0,0,1.0,1.0,1.0,1.0,1.0
DeepSeek,examples,validated_paths10_thr0.5,AppleSupport,Request DM,12,15,0,0,1.0,1.0,1.0,1.0,1.0
DeepSeek,examples,validated_paths10_thr0.5,AppleSupport,Request country,0,27,0,0,0.0,0.0,0.0,0.0,0.5
DeepSeek,examples,validated_paths10_thr0.5,AppleSupport,Request device model,3,24,0,0,1.0,1.0,1.0,1.0,1.0
DeepSeek,examples,validated_paths10_thr0.5,AppleSupport,Request device restart,1,26,0,0,1.0,1.0,1.0,1.0,1.0
DeepSeek,examples,validated_paths10_thr0.5,AppleSupport,Request iOS version,8,19,0,0,1.0,1.0,1.0,1.0,1.0
DeepSeek,examples,validated_paths10_thr0.5,AppleSupport,Restart device,3,27,1,0,0.75,1.0,0.8571428571428571,0.8504200642707612,0.9821428571428572
DeepSeek,examples,validated_paths10_thr0.5,AppleSupport,Software/App,8,18,3,2,0.7272727272727273,0.8,0.761904761904762,0.642034105174945,0.8285714285714285
DeepSeek,examples,validated_paths10_thr0.5,AppleSupport,TV,0,31,0,0,0.0,0.0,0.0,0.0,0.5
DeepSeek,examples,validated_paths10_thr0.5,AppleSupport,Unresponsive/Freezing Device,5,20,6,0,0.45454545454545453,1.0,0.625,0.5913123959890826,0.8846153846153846
DeepSeek,examples,validated_paths10_thr0.5,AppleSupport,Update,13,16,1,1,0.9285714285714286,0.9285714285714286,0.9285714285714286,0.8697478991596639,0.9348739495798319
DeepSeek,examples,validated_paths10_thr0.5,AppleSupport,iPad,0,31,0,0,0.0,0.0,0.0,0.0,0.5
DeepSeek,examples,validated_paths10_thr0.5,AppleSupport,iPhone,9,14,7,1,0.5625,0.9,0.6923076923076923,0.530068129792975,0.7833333333333333
DeepSeek,examples,validated_paths10_thr0.5,SpotifyCares,Account,5,26,3,1,0.625,0.8333333333333334,0.7142857142857143,0.6550918874579329,0.8649425287356323
DeepSeek,examples,validated_paths10_thr0.5,SpotifyCares,Advertisement,1,32,1,1,0.5,0.5,0.5,0.4696969696969697,0.7348484848484849
DeepSeek,examples,validated_paths10_thr0.5,SpotifyCares,App,6,22,4,3,0.6,0.6666666666666666,0.631578947368421,0.4961389383568338,0.7564102564102564
DeepSeek,examples,validated_paths10_thr0.5,SpotifyCares,Billing/Payment,7,27,1,0,0.875,1.0,0.9333333333333333,0.9185586535436918,0.9821428571428572
DeepSeek,examples,validated_paths10_thr0.5,SpotifyCares,Family Subscription,1,34,0,0,1.0,1.0,1.0,1.0,1.0
DeepSeek,examples,validated_paths10_thr0.5,SpotifyCares,Hulu,1,34,0,0,1.0,1.0,1.0,1.0,1.0
DeepSeek,examples,validated_paths10_thr0.5,SpotifyCares,Login,2,29,2,2,0.5,0.5,0.5,0.43548387096774194,0.717741935483871
DeepSeek,examples,validated_paths10_thr0.5,SpotifyCares,Logout,1,29,4,1,0.2,0.5,0.28571428571428575,0.251259453814803,0.6893939393939394
DeepSeek,examples,validated_paths10_thr0.5,SpotifyCares,Offer further help,4,19,5,0,0.4444444444444444,1.0,0.6153846153846153,0.5931710140017395,0.8958333333333333
DeepSeek,examples,validated_paths10_thr0.5,SpotifyCares,Playlist,2,33,0,0,1.0,1.0,1.0,1.0,1.0
DeepSeek,examples,validated_paths10_thr0.5,SpotifyCares,Premium,1,31,2,1,0.3333333333333333,0.5,0.4,0.36432620803146437,0.7196969696969697
DeepSeek,examples,validated_paths10_thr0.5,SpotifyCares,Provide OS version,2,33,0,0,1.0,1.0,1.0,1.0,1.0
DeepSeek,examples,validated_paths10_thr0.5,SpotifyCares,Provide URL,12,15,0,1,1.0,0.9230769230769231,0.9600000000000001,0.9302605094190635,0.9615384615384616
DeepSeek,examples,validated_paths10_thr0.5,SpotifyCares,Provide device model,3,28,3,1,0.5,0.75,0.6,0.5514416337357292,0.8266129032258065
DeepSeek,examples,validated_paths10_thr0.5,SpotifyCares,Provide email address,0,35,0,0,0.0,0.0,0.0,0.0,0.5
DeepSeek,examples,validated_paths10_thr0.5,SpotifyCares,Provide error message,1,28,2,4,0.3333333333333333,0.2,0.25,0.16666666666666666,0.5666666666666667
DeepSeek,examples,validated_paths10_thr0.5,SpotifyCares,Provide spotify version,2,33,0,0,1.0,1.0,1.0,1.0,1.0
DeepSeek,examples,validated_paths10_thr0.5,SpotifyCares,Provide username,0,35,0,0,0.0,0.0,0.0,0.0,0.5
DeepSeek,examples,validated_paths10_thr0.5,SpotifyCares,Refer to specialist team,0,27,1,0,0.0,0.0,0.0,0.0,0.48214285714285715
DeepSeek,examples,validated_paths10_thr0.5,SpotifyCares,Reinstall the app,1,34,0,0,1.0,1.0,1.0,1.0,1.0
DeepSeek,examples,validated_paths10_thr0.5,SpotifyCares,Request DM,2,21,0,5,1.0,0.2857142857142857,0.4444444444444445,0.48038446141526137,0.6428571428571428
DeepSeek,examples,validated_paths10_thr0.5,SpotifyCares,Request OS version,3,25,0,0,1.0,1.0,1.0,1.0,1.0
DeepSeek,examples,validated_paths10_thr0.5,SpotifyCares,Request Spotify version,4,24,0,0,1.0,1.0,1.0,1.0,1.0
DeepSeek,examples,validated_paths10_thr0.5,SpotifyCares,Request device restart,3,24,1,0,0.75,1.0,0.8571428571428571,0.848528137423857,0.98
DeepSeek,examples,validated_paths10_thr0.5,SpotifyCares,Request device version,4,24,0,0,1.0,1.0,1.0,1.0,1.0
DeepSeek,examples,validated_paths10_thr0.5,SpotifyCares,Request email address,5,22,0,1,1.0,0.8333333333333334,0.9090909090909091,0.8928053815224023,0.9166666666666667
DeepSeek,examples,validated_paths10_thr0.5,SpotifyCares,Request error message,3,25,0,0,1.0,1.0,1.0,1.0,1.0
DeepSeek,examples,validated_paths10_thr0.5,SpotifyCares,Request exact issue description,1,27,0,0,1.0,1.0,1.0,1.0,1.0
DeepSeek,examples,validated_paths10_thr0.5,SpotifyCares,Request login,3,25,0,0,1.0,1.0,1.0,1.0,1.0
DeepSeek,examples,validated_paths10_thr0.5,SpotifyCares,Request logout,3,25,0,0,1.0,1.0,1.0,1.0,1.0
DeepSeek,examples,validated_paths10_thr0.5,SpotifyCares,Request reinstall the app,2,26,0,0,1.0,1.0,1.0,1.0,1.0
DeepSeek,examples,validated_paths10_thr0.5,SpotifyCares,Request username,4,23,0,1,1.0,0.8,0.888888888888889,0.8755950357709131,0.9
DeepSeek,examples,validated_paths10_thr0.5,SpotifyCares,Restart device,1,31,2,1,0.3333333333333333,0.5,0.4,0.36432620803146437,0.7196969696969697
DeepSeek,examples,validated_paths10_thr0.5,SpotifyCares,Song/Artist,4,28,2,1,0.6666666666666666,0.8,0.7272727272727272,0.6808829066491902,0.8666666666666667
DeepSeek,examples,validated_paths10_thr0.5,SpotifyCares,Student Subscription,2,33,0,0,1.0,1.0,1.0,1.0,1.0
DeepSeek,examples,validated_paths10_thr0.6,AmazonHelp,Account,2,18,0,0,1.0,1.0,1.0,1.0,1.0
DeepSeek,examples,validated_paths10_thr0.6,AmazonHelp,Alexa,2,18,0,0,1.0,1.0,1.0,1.0,1.0
DeepSeek,examples,validated_paths10_thr0.6,AmazonHelp,Apologize,8,11,0,0,1.0,1.0,1.0,1.0,1.0
DeepSeek,examples,validated_paths10_thr0.6,AmazonHelp,Bad Support,2,16,1,1,0.6666666666666666,0.6666666666666666,0.6666666666666666,0.6078431372549019,0.803921568627451
DeepSeek,examples,validated_paths10_thr0.6,AmazonHelp,Delivery,5,13,0,2,1.0,0.7142857142857143,0.8333333333333333,0.7867957924694432,0.8571428571428572
DeepSeek,examples,validated_paths10_thr0.6,AmazonHelp,Echo,3,17,0,0,1.0,1.0,1.0,1.0,1.0
DeepSeek,examples,validated_paths10_thr0.6,AmazonHelp,Investigate Issue,7,9,2,1,0.7777777777777778,0.875,0.823529411764706,0.6854365268376295,0.8465909090909092
DeepSeek,examples,validated_paths10_thr0.6,AmazonHelp,Kindle,0,20,0,0,0.0,0.0,0.0,0.0,0.5
DeepSeek,examples,validated_paths10_thr0.6,AmazonHelp,Order Cancellation,1,19,0,0,1.0,1.0,1.0,1.0,1.0
DeepSeek,examples,validated_paths10_thr0.6,AmazonHelp,Packaging,1,19,0,0,1.0,1.0,1.0,1.0,1.0
DeepSeek,examples,validated_paths10_thr0.6,AmazonHelp,Prime,7,13,0,0,1.0,1.0,1.0,1.0,1.0
DeepSeek,examples,validated_paths10_thr0.6,AmazonHelp,Provide URL,13,6,0,0,1.0,1.0,1.0,1.0,1.0
DeepSeek,examples,validated_paths10_thr0.6,AmazonHelp,Provide delivery date,1,17,0,1,1.0,0.5,0.6666666666666666,0.6871842709362768,0.75
DeepSeek,examples,validated_paths10_thr0.6,AmazonHelp,Refer to specialist team,2,17,0,0,1.0,1.0,1.0,1.0,1.0
DeepSeek,examples,validated_paths10_thr0.6,AmazonHelp,Refund,0,20,0,0,0.0,0.0,0.0,0.0,0.5
DeepSeek,examples,validated_paths10_thr0.6,AmazonHelp,Replacement,0,20,0,0,0.0,0.0,0.0,0.0,0.5
DeepSeek,examples,validated_paths10_thr0.6,AmazonHelp,Request to call by phone,3,16,0,0,1.0,1.0,1.0,1.0,1.0
DeepSeek,examples,validated_paths10_thr0.6,AmazonHelp,Request to not send personal details,1,18,0,0,1.0,1.0,1.0,1.0,1.0
DeepSeek,examples,validated_paths10_thr0.6,AmazonHelp,Request to reach out by chat,2,17,0,0,1.0,1.0,1.0,1.0,1.0
DeepSeek,examples,validated_paths10_thr0.6,AmazonHelp,Return,2,18,0,0,1.0,1.0,1.0,1.0,1.0
DeepSeek,examples,validated_paths10_thr0.6,AppleSupport,Battery,5,24,1,1,0.8333333333333334,0.8333333333333334,0.8333333333333334,0.7933333333333333,0.8966666666666667
DeepSeek,examples,validated_paths10_thr0.6,AppleSupport,Investigate issue,11,7,4,5,0.7333333333333333,0.6875,0.7096774193548386,0.32024493467004,0.6619318181818181
DeepSeek,examples,validated_paths10_thr0.6,AppleSupport,Mac,3,27,1,0,0.75,1.0,0.8571428571428571,0.8504200642707612,0.9821428571428572
DeepSeek,examples,validated_paths10_thr0.6,AppleSupport,Provide URL,15,11,0,1,1.0,0.9375,0.967741935483871,0.9270248108869579,0.96875
DeepSeek,examples,validated_paths10_thr0.6,AppleSupport,Provide device model,6,24,1,0,0.8571428571428571,1.0,0.923076923076923,0.9071147352221454,0.98
DeepSeek,examples,validated_paths10_thr0.6,AppleSupport,Provide system version,10,21,0,0,1.0,1.0,1.0,1.0,1.0
DeepSeek,examples,validated_paths10_thr0.6,AppleSupport,Recommend backing up,0,27,0,0,0.0,0.0,0.0,0.0,0.5
DeepSeek,examples,validated_paths10_thr0.6,AppleSupport,Recommend updating,0,27,0,0,0.0,0.0,0.0,0.0,0.5
DeepSeek,examples,validated_paths10_thr0.6,AppleSupport,Refer to specialist team,0,27,0,0,0.0,0.0,0.0,0.0,0.5
DeepSeek,examples,validated_paths10_thr0.6,AppleSupport,Refund,2,29,0,0,1.0,1.0,1.0,1.0,1.0
DeepSeek,examples,validated_paths10_thr0.6,AppleSupport,Request DM,12,15,0,0,1.0,1.0,1.0,1.0,1.0
DeepSeek,examples,validated_paths10_thr0.6,AppleSupport,Request country,0,27,0,0,0.0,0.0,0.0,0.0,0.5
DeepSeek,examples,validated_paths10_thr0.6,AppleSupport,Request device model,3,24,0,0,1.0,1.0,1.0,1.0,1.0
DeepSeek,examples,validated_paths10_thr0.6,AppleSupport,Request device restart,1,26,0,0,1.0,1.0,1.0,1.0,1.0
DeepSeek,examples,validated_paths10_thr0.6,AppleSupport,Request iOS version,8,19,0,0,1.0,1.0,1.0,1.0,1.0
DeepSeek,examples,validated_paths10_thr0.6,AppleSupport,Restart device,3,27,1,0,0.75,1.0,0.8571428571428571,0.8504200642707612,0.9821428571428572
DeepSeek,examples,validated_paths10_thr0.6,AppleSupport,Software/App,8,18,3,2,0.7272727272727273,0.8,0.761904761904762,0.642034105174945,0.8285714285714285
DeepSeek,examples,validated_paths10_thr0.6,AppleSupport,TV,0,31,0,0,0.0,0.0,0.0,0.0,0.5
DeepSeek,examples,validated_paths10_thr0.6,AppleSupport,Unresponsive/Freezing Device,5,20,6,0,0.45454545454545453,1.0,0.625,0.5913123959890826,0.8846153846153846
DeepSeek,examples,validated_paths10_thr0.6,AppleSupport,Update,13,16,1,1,0.9285714285714286,0.9285714285714286,0.9285714285714286,0.8697478991596639,0.9348739495798319
DeepSeek,examples,validated_paths10_thr0.6,AppleSupport,iPad,0,31,0,0,0.0,0.0,0.0,0.0,0.5
DeepSeek,examples,validated_paths10_thr0.6,AppleSupport,iPhone,8,14,7,2,0.5333333333333333,0.8,0.64,0.43652669512362646,0.7333333333333334
DeepSeek,examples,validated_paths10_thr0.6,SpotifyCares,Account,5,26,3,1,0.625,0.8333333333333334,0.7142857142857143,0.6550918874579329,0.8649425287356323
DeepSeek,examples,validated_paths10_thr0.6,SpotifyCares,Advertisement,1,32,1,1,0.5,0.5,0.5,0.4696969696969697,0.7348484848484849
DeepSeek,examples,validated_paths10_thr0.6,SpotifyCares,App,6,22,4,3,0.6,0.6666666666666666,0.631578947368421,0.4961389383568338,0.7564102564102564
DeepSeek,examples,validated_paths10_thr0.6,SpotifyCares,Billing/Payment,7,27,1,0,0.875,1.0,0.9333333333333333,0.9185586535436918,0.9821428571428572
DeepSeek,examples,validated_paths10_thr0.6,SpotifyCares,Family Subscription,1,34,0,0,1.0,1.0,1.0,1.0,1.0
DeepSeek,examples,validated_paths10_thr0.6,SpotifyCares,Hulu,1,34,0,0,1.0,1.0,1.0,1.0,1.0
DeepSeek,examples,validated_paths10_thr0.6,SpotifyCares,Login,2,29,2,2,0.5,0.5,0.5,0.43548387096774194,0.717741935483871
DeepSeek,examples,validated_paths10_thr0.6,SpotifyCares,Logout,1,29,4,1,0.2,0.5,0.28571428571428575,0.251259453814803,0.6893939393939394
DeepSeek,examples,validated_paths10_thr0.6,SpotifyCares,Offer further help,4,20,4,0,0.5,1.0,0.6666666666666666,0.6454972243679028,0.9166666666666667
DeepSeek,examples,validated_paths10_thr0.6,SpotifyCares,Playlist,2,33,0,0,1.0,1.0,1.0,1.0,1.0
DeepSeek,examples,validated_paths10_thr0.6,SpotifyCares,Premium,1,31,2,1,0.3333333333333333,0.5,0.4,0.36432620803146437,0.7196969696969697
DeepSeek,examples,validated_paths10_thr0.6,SpotifyCares,Provide OS version,2,33,0,0,1.0,1.0,1.0,1.0,1.0
DeepSeek,examples,validated_paths10_thr0.6,SpotifyCares,Provide URL,12,15,0,1,1.0,0.9230769230769231,0.9600000000000001,0.9302605094190635,0.9615384615384616
DeepSeek,examples,validated_paths10_thr0.6,SpotifyCares,Provide device model,3,28,3,1,0.5,0.75,0.6,0.5514416337357292,0.8266129032258065
DeepSeek,examples,validated_paths10_thr0.6,SpotifyCares,Provide email address,0,35,0,0,0.0,0.0,0.0,0.0,0.5
DeepSeek,examples,validated_paths10_thr0.6,SpotifyCares,Provide error message,1,28,2,4,0.3333333333333333,0.2,0.25,0.16666666666666666,0.5666666666666667
DeepSeek,examples,validated_paths10_thr0.6,SpotifyCares,Provide spotify version,2,33,0,0,1.0,1.0,1.0,1.0,1.0
DeepSeek,examples,validated_paths10_thr0.6,SpotifyCares,Provide username,0,35,0,0,0.0,0.0,0.0,0.0,0.5
DeepSeek,examples,validated_paths10_thr0.6,SpotifyCares,Refer to specialist team,0,27,1,0,0.0,0.0,0.0,0.0,0.48214285714285715
DeepSeek,examples,validated_paths10_thr0.6,SpotifyCares,Reinstall the app,1,34,0,0,1.0,1.0,1.0,1.0,1.0
DeepSeek,examples,validated_paths10_thr0.6,SpotifyCares,Request DM,2,21,0,5,1.0,0.2857142857142857,0.4444444444444445,0.48038446141526137,0.6428571428571428
DeepSeek,examples,validated_paths10_thr0.6,SpotifyCares,Request OS version,3,25,0,0,1.0,1.0,1.0,1.0,1.0
DeepSeek,examples,validated_paths10_thr0.6,SpotifyCares,Request Spotify version,4,24,0,0,1.0,1.0,1.0,1.0,1.0
DeepSeek,examples,validated_paths10_thr0.6,SpotifyCares,Request device restart,3,25,0,0,1.0,1.0,1.0,1.0,1.0
DeepSeek,examples,validated_paths10_thr0.6,SpotifyCares,Request device version,4,24,0,0,1.0,1.0,1.0,1.0,1.0
DeepSeek,examples,validated_paths10_thr0.6,SpotifyCares,Request email address,5,22,0,1,1.0,0.8333333333333334,0.9090909090909091,0.8928053815224023,0.9166666666666667
DeepSeek,examples,validated_paths10_thr0.6,SpotifyCares,Request error message,3,25,0,0,1.0,1.0,1.0,1.0,1.0
DeepSeek,examples,validated_paths10_thr0.6,SpotifyCares,Request exact issue description,1,27,0,0,1.0,1.0,1.0,1.0,1.0
DeepSeek,examples,validated_paths10_thr0.6,SpotifyCares,Request login,3,25,0,0,1.0,1.0,1.0,1.0,1.0
DeepSeek,examples,validated_paths10_thr0.6,SpotifyCares,Request logout,3,25,0,0,1.0,1.0,1.0,1.0,1.0
DeepSeek,examples,validated_paths10_thr0.6,SpotifyCares,Request reinstall the app,2,26,0,0,1.0,1.0,1.0,1.0,1.0
DeepSeek,examples,validated_paths10_thr0.6,SpotifyCares,Request username,4,23,0,1,1.0,0.8,0.888888888888889,0.8755950357709131,0.9
DeepSeek,examples,validated_paths10_thr0.6,SpotifyCares,Restart device,1,31,2,1,0.3333333333333333,0.5,0.4,0.36432620803146437,0.7196969696969697
DeepSeek,examples,validated_paths10_thr0.6,SpotifyCares,Song/Artist,3,28,2,2,0.6,0.6,0.6,0.5333333333333333,0.7666666666666666
DeepSeek,examples,validated_paths10_thr0.6,SpotifyCares,Student Subscription,2,33,0,0,1.0,1.0,1.0,1.0,1.0
DeepSeek,examples,validated_paths10_thr0.7,AmazonHelp,Account,2,18,0,0,1.0,1.0,1.0,1.0,1.0
DeepSeek,examples,validated_paths10_thr0.7,AmazonHelp,Alexa,2,18,0,0,1.0,1.0,1.0,1.0,1.0
DeepSeek,examples,validated_paths10_thr0.7,AmazonHelp,Apologize,8,11,0,0,1.0,1.0,1.0,1.0,1.0
DeepSeek,examples,validated_paths10_thr0.7,AmazonHelp,Bad Support,2,16,1,1,0.6666666666666666,0.6666666666666666,0.6666666666666666,0.6078431372549019,0.803921568627451
DeepSeek,examples,validated_paths10_thr0.7,AmazonHelp,Delivery,5,13,0,2,1.0,0.7142857142857143,0.8333333333333333,0.7867957924694432,0.8571428571428572
DeepSeek,examples,validated_paths10_thr0.7,AmazonHelp,Echo,3,17,0,0,1.0,1.0,1.0,1.0,1.0
DeepSeek,examples,validated_paths10_thr0.7,AmazonHelp,Investigate Issue,7,9,2,1,0.7777777777777778,0.875,0.823529411764706,0.6854365268376295,0.8465909090909092
DeepSeek,examples,validated_paths10_thr0.7,AmazonHelp,Kindle,0,20,0,0,0.0,0.0,0.0,0.0,0.5
DeepSeek,examples,validated_paths10_thr0.7,AmazonHelp,Order Cancellation,1,19,0,0,1.0,1.0,1.0,1.0,1.0
DeepSeek,examples,validated_paths10_thr0.7,AmazonHelp,Packaging,1,19,0,0,1.0,1.0,1.0,1.0,1.0
DeepSeek,examples,validated_paths10_thr0.7,AmazonHelp,Prime,7,13,0,0,1.0,1.0,1.0,1.0,1.0
DeepSeek,examples,validated_paths10_thr0.7,AmazonHelp,Provide URL,13,6,0,0,1.0,1.0,1.0,1.0,1.0
DeepSeek,examples,validated_paths10_thr0.7,AmazonHelp,Provide delivery date,1,17,0,1,1.0,0.5,0.6666666666666666,0.6871842709362768,0.75
DeepSeek,examples,validated_paths10_thr0.7,AmazonHelp,Refer to specialist team,2,17,0,0,1.0,1.0,1.0,1.0,1.0
DeepSeek,examples,validated_paths10_thr0.7,AmazonHelp,Refund,0,20,0,0,0.0,0.0,0.0,0.0,0.5
DeepSeek,examples,validated_paths10_thr0.7,AmazonHelp,Replacement,0,20,0,0,0.0,0.0,0.0,0.0,0.5
DeepSeek,examples,validated_paths10_thr0.7,AmazonHelp,Request to call by phone,3,16,0,0,1.0,1.0,1.0,1.0,1.0
DeepSeek,examples,validated_paths10_thr0.7,AmazonHelp,Request to not send personal details,1,18,0,0,1.0,1.0,1.0,1.0,1.0
DeepSeek,examples,validated_paths10_thr0.7,AmazonHelp,Request to reach out by chat,2,17,0,0,1.0,1.0,1.0,1.0,1.0
DeepSeek,examples,validated_paths10_thr0.7,AmazonHelp,Return,2,18,0,0,1.0,1.0,1.0,1.0,1.0
DeepSeek,examples,validated_paths10_thr0.7,AppleSupport,Battery,5,24,1,1,0.8333333333333334,0.8333333333333334,0.8333333333333334,0.7933333333333333,0.8966666666666667
DeepSeek,examples,validated_paths10_thr0.7,AppleSupport,Investigate issue,11,7,4,5,0.7333333333333333,0.6875,0.7096774193548386,0.32024493467004,0.6619318181818181
DeepSeek,examples,validated_paths10_thr0.7,AppleSupport,Mac,3,27,1,0,0.75,1.0,0.8571428571428571,0.8504200642707612,0.9821428571428572
DeepSeek,examples,validated_paths10_thr0.7,AppleSupport,Provide URL,15,11,0,1,1.0,0.9375,0.967741935483871,0.9270248108869579,0.96875
DeepSeek,examples,validated_paths10_thr0.7,AppleSupport,Provide device model,6,24,1,0,0.8571428571428571,1.0,0.923076923076923,0.9071147352221454,0.98
DeepSeek,examples,validated_paths10_thr0.7,AppleSupport,Provide system version,10,21,0,0,1.0,1.0,1.0,1.0,1.0
DeepSeek,examples,validated_paths10_thr0.7,AppleSupport,Recommend backing up,0,27,0,0,0.0,0.0,0.0,0.0,0.5
DeepSeek,examples,validated_paths10_thr0.7,AppleSupport,Recommend updating,0,27,0,0,0.0,0.0,0.0,0.0,0.5
DeepSeek,examples,validated_paths10_thr0.7,AppleSupport,Refer to specialist team,0,27,0,0,0.0,0.0,0.0,0.0,0.5
DeepSeek,examples,validated_paths10_thr0.7,AppleSupport,Refund,2,29,0,0,1.0,1.0,1.0,1.0,1.0
DeepSeek,examples,validated_paths10_thr0.7,AppleSupport,Request DM,12,15,0,0,1.0,1.0,1.0,1.0,1.0
DeepSeek,examples,validated_paths10_thr0.7,AppleSupport,Request country,0,27,0,0,0.0,0.0,0.0,0.0,0.5
DeepSeek,examples,validated_paths10_thr0.7,AppleSupport,Request device model,3,24,0,0,1.0,1.0,1.0,1.0,1.0
DeepSeek,examples,validated_paths10_thr0.7,AppleSupport,Request device restart,1,26,0,0,1.0,1.0,1.0,1.0,1.0
DeepSeek,examples,validated_paths10_thr0.7,AppleSupport,Request iOS version,8,19,0,0,1.0,1.0,1.0,1.0,1.0
DeepSeek,examples,validated_paths10_thr0.7,AppleSupport,Restart device,3,27,1,0,0.75,1.0,0.8571428571428571,0.8504200642707612,0.9821428571428572
DeepSeek,examples,validated_paths10_thr0.7,AppleSupport,Software/App,8,18,3,2,0.7272727272727273,0.8,0.761904761904762,0.642034105174945,0.8285714285714285
DeepSeek,examples,validated_paths10_thr0.7,AppleSupport,TV,0,31,0,0,0.0,0.0,0.0,0.0,0.5
DeepSeek,examples,validated_paths10_thr0.7,AppleSupport,Unresponsive/Freezing Device,5,20,6,0,0.45454545454545453,1.0,0.625,0.5913123959890826,0.8846153846153846
DeepSeek,examples,validated_paths10_thr0.7,AppleSupport,Update,13,16,1,1,0.9285714285714286,0.9285714285714286,0.9285714285714286,0.8697478991596639,0.9348739495798319
DeepSeek,examples,validated_paths10_thr0.7,AppleSupport,iPad,0,31,0,0,0.0,0.0,0.0,0.0,0.5
DeepSeek,examples,validated_paths10_thr0.7,AppleSupport,iPhone,7,14,7,3,0.5,0.7,0.5833333333333334,0.3444233600968322,0.6833333333333333
DeepSeek,examples,validated_paths10_thr0.7,SpotifyCares,Account,5,26,3,1,0.625,0.8333333333333334,0.7142857142857143,0.6550918874579329,0.8649425287356323
DeepSeek,examples,validated_paths10_thr0.7,SpotifyCares,Advertisement,1,32,1,1,0.5,0.5,0.5,0.4696969696969697,0.7348484848484849
DeepSeek,examples,validated_paths10_thr0.7,SpotifyCares,App,6,22,4,3,0.6,0.6666666666666666,0.631578947368421,0.4961389383568338,0.7564102564102564
DeepSeek,examples,validated_paths10_thr0.7,SpotifyCares,Billing/Payment,7,27,1,0,0.875,1.0,0.9333333333333333,0.9185586535436918,0.9821428571428572
DeepSeek,examples,validated_paths10_thr0.7,SpotifyCares,Family Subscription,1,34,0,0,1.0,1.0,1.0,1.0,1.0
DeepSeek,examples,validated_paths10_thr0.7,SpotifyCares,Hulu,1,34,0,0,1.0,1.0,1.0,1.0,1.0
DeepSeek,examples,validated_paths10_thr0.7,SpotifyCares,Login,2,29,2,2,0.5,0.5,0.5,0.43548387096774194,0.717741935483871
DeepSeek,examples,validated_paths10_thr0.7,SpotifyCares,Logout,1,29,4,1,0.2,0.5,0.28571428571428575,0.251259453814803,0.6893939393939394
DeepSeek,examples,validated_paths10_thr0.7,SpotifyCares,Offer further help,4,20,4,0,0.5,1.0,0.6666666666666666,0.6454972243679028,0.9166666666666667
DeepSeek,examples,validated_paths10_thr0.7,SpotifyCares,Playlist,2,33,0,0,1.0,1.0,1.0,1.0,1.0
DeepSeek,examples,validated_paths10_thr0.7,SpotifyCares,Premium,1,31,2,1,0.3333333333333333,0.5,0.4,0.36432620803146437,0.7196969696969697
DeepSeek,examples,validated_paths10_thr0.7,SpotifyCares,Provide OS version,2,33,0,0,1.0,1.0,1.0,1.0,1.0
DeepSeek,examples,validated_paths10_thr0.7,SpotifyCares,Provide URL,11,15,0,2,1.0,0.8461538461538461,0.9166666666666666,0.8640638488223129,0.9230769230769231
DeepSeek,examples,validated_paths10_thr0.7,SpotifyCares,Provide device model,3,28,3,1,0.5,0.75,0.6,0.5514416337357292,0.8266129032258065
DeepSeek,examples,validated_paths10_thr0.7,SpotifyCares,Provide email address,0,35,0,0,0.0,0.0,0.0,0.0,0.5
DeepSeek,examples,validated_paths10_thr0.7,SpotifyCares,Provide error message,1,28,2,4,0.3333333333333333,0.2,0.25,0.16666666666666666,0.5666666666666667
DeepSeek,examples,validated_paths10_thr0.7,SpotifyCares,Provide spotify version,2,33,0,0,1.0,1.0,1.0,1.0,1.0
DeepSeek,examples,validated_paths10_thr0.7,SpotifyCares,Provide username,0,35,0,0,0.0,0.0,0.0,0.0,0.5
DeepSeek,examples,validated_paths10_thr0.7,SpotifyCares,Refer to specialist team,0,27,1,0,0.0,0.0,0.0,0.0,0.48214285714285715
DeepSeek,examples,validated_paths10_thr0.7,SpotifyCares,Reinstall the app,1,34,0,0,1.0,1.0,1.0,1.0,1.0
DeepSeek,examples,validated_paths10_thr0.7,SpotifyCares,Request DM,2,21,0,5,1.0,0.2857142857142857,0.4444444444444445,0.48038446141526137,0.6428571428571428
DeepSeek,examples,validated_paths10_thr0.7,SpotifyCares,Request OS version,3,25,0,0,1.0,1.0,1.0,1.0,1.0
DeepSeek,examples,validated_paths10_thr0.7,SpotifyCares,Request Spotify version,4,24,0,0,1.0,1.0,1.0,1.0,1.0
DeepSeek,examples,validated_paths10_thr0.7,SpotifyCares,Request device restart,3,25,0,0,1.0,1.0,1.0,1.0,1.0
DeepSeek,examples,validated_paths10_thr0.7,SpotifyCares,Request device version,4,24,0,0,1.0,1.0,1.0,1.0,1.0
DeepSeek,examples,validated_paths10_thr0.7,SpotifyCares,Request email address,5,22,0,1,1.0,0.8333333333333334,0.9090909090909091,0.8928053815224023,0.9166666666666667
DeepSeek,examples,validated_paths10_thr0.7,SpotifyCares,Request error message,3,25,0,0,1.0,1.0,1.0,1.0,1.0
DeepSeek,examples,validated_paths10_thr0.7,SpotifyCares,Request exact issue description,1,27,0,0,1.0,1.0,1.0,1.0,1.0
DeepSeek,examples,validated_paths10_thr0.7,SpotifyCares,Request login,3,25,0,0,1.0,1.0,1.0,1.0,1.0
DeepSeek,examples,validated_paths10_thr0.7,SpotifyCares,Request logout,3,25,0,0,1.0,1.0,1.0,1.0,1.0
DeepSeek,examples,validated_paths10_thr0.7,SpotifyCares,Request reinstall the app,2,26,0,0,1.0,1.0,1.0,1.0,1.0
DeepSeek,examples,validated_paths10_thr0.7,SpotifyCares,Request username,4,23,0,1,1.0,0.8,0.888888888888889,0.8755950357709131,0.9
DeepSeek,examples,validated_paths10_thr0.7,SpotifyCares,Restart device,1,31,2,1,0.3333333333333333,0.5,0.4,0.36432620803146437,0.7196969696969697
DeepSeek,examples,validated_paths10_thr0.7,SpotifyCares,Song/Artist,3,28,2,2,0.6,0.6,0.6,0.5333333333333333,0.7666666666666666
DeepSeek,examples,validated_paths10_thr0.7,SpotifyCares,Student Subscription,2,33,0,0,1.0,1.0,1.0,1.0,1.0
DeepSeek,examples,validated_paths10_thr0.8,AmazonHelp,Account,2,18,0,0,1.0,1.0,1.0,1.0,1.0
DeepSeek,examples,validated_paths10_thr0.8,AmazonHelp,Alexa,2,18,0,0,1.0,1.0,1.0,1.0,1.0
DeepSeek,examples,validated_paths10_thr0.8,AmazonHelp,Apologize,8,11,0,0,1.0,1.0,1.0,1.0,1.0
DeepSeek,examples,validated_paths10_thr0.8,AmazonHelp,Bad Support,2,16,1,1,0.6666666666666666,0.6666666666666666,0.6666666666666666,0.6078431372549019,0.803921568627451
DeepSeek,examples,validated_paths10_thr0.8,AmazonHelp,Delivery,5,13,0,2,1.0,0.7142857142857143,0.8333333333333333,0.7867957924694432,0.8571428571428572
DeepSeek,examples,validated_paths10_thr0.8,AmazonHelp,Echo,3,17,0,0,1.0,1.0,1.0,1.0,1.0
DeepSeek,examples,validated_paths10_thr0.8,AmazonHelp,Investigate Issue,7,9,2,1,0.7777777777777778,0.875,0.823529411764706,0.6854365268376295,0.8465909090909092
DeepSeek,examples,validated_paths10_thr0.8,AmazonHelp,Kindle,0,20,0,0,0.0,0.0,0.0,0.0,0.5
DeepSeek,examples,validated_paths10_thr0.8,AmazonHelp,Order Cancellation,1,19,0,0,1.0,1.0,1.0,1.0,1.0
DeepSeek,examples,validated_paths10_thr0.8,AmazonHelp,Packaging,1,19,0,0,1.0,1.0,1.0,1.0,1.0
DeepSeek,examples,validated_paths10_thr0.8,AmazonHelp,Prime,7,13,0,0,1.0,1.0,1.0,1.0,1.0
DeepSeek,examples,validated_paths10_thr0.8,AmazonHelp,Provide URL,13,6,0,0,1.0,1.0,1.0,1.0,1.0
DeepSeek,examples,validated_paths10_thr0.8,AmazonHelp,Provide delivery date,1,17,0,1,1.0,0.5,0.6666666666666666,0.6871842709362768,0.75
DeepSeek,examples,validated_paths10_thr0.8,AmazonHelp,Refer to specialist team,2,17,0,0,1.0,1.0,1.0,1.0,1.0
DeepSeek,examples,validated_paths10_thr0.8,AmazonHelp,Refund,0,20,0,0,0.0,0.0,0.0,0.0,0.5
DeepSeek,examples,validated_paths10_thr0.8,AmazonHelp,Replacement,0,20,0,0,0.0,0.0,0.0,0.0,0.5
DeepSeek,examples,validated_paths10_thr0.8,AmazonHelp,Request to call by phone,3,16,0,0,1.0,1.0,1.0,1.0,1.0
DeepSeek,examples,validated_paths10_thr0.8,AmazonHelp,Request to not send personal details,1,18,0,0,1.0,1.0,1.0,1.0,1.0
DeepSeek,examples,validated_paths10_thr0.8,AmazonHelp,Request to reach out by chat,2,17,0,0,1.0,1.0,1.0,1.0,1.0
DeepSeek,examples,validated_paths10_thr0.8,AmazonHelp,Return,2,18,0,0,1.0,1.0,1.0,1.0,1.0
DeepSeek,examples,validated_paths10_thr0.8,AppleSupport,Battery,5,24,1,1,0.8333333333333334,0.8333333333333334,0.8333333333333334,0.7933333333333333,0.8966666666666667
DeepSeek,examples,validated_paths10_thr0.8,AppleSupport,Investigate issue,11,7,4,5,0.7333333333333333,0.6875,0.7096774193548386,0.32024493467004,0.6619318181818181
DeepSeek,examples,validated_paths10_thr0.8,AppleSupport,Mac,3,27,1,0,0.75,1.0,0.8571428571428571,0.8504200642707612,0.9821428571428572
DeepSeek,examples,validated_paths10_thr0.8,AppleSupport,Provide URL,15,11,0,1,1.0,0.9375,0.967741935483871,0.9270248108869579,0.96875
DeepSeek,examples,validated_paths10_thr0.8,AppleSupport,Provide device model,6,24,1,0,0.8571428571428571,1.0,0.923076923076923,0.9071147352221454,0.98
DeepSeek,examples,validated_paths10_thr0.8,AppleSupport,Provide system version,10,21,0,0,1.0,1.0,1.0,1.0,1.0
DeepSeek,examples,validated_paths10_thr0.8,AppleSupport,Recommend backing up,0,27,0,0,0.0,0.0,0.0,0.0,0.5
DeepSeek,examples,validated_paths10_thr0.8,AppleSupport,Recommend updating,0,27,0,0,0.0,0.0,0.0,0.0,0.5
DeepSeek,examples,validated_paths10_thr0.8,AppleSupport,Refer to specialist team,0,27,0,0,0.0,0.0,0.0,0.0,0.5
DeepSeek,examples,validated_paths10_thr0.8,AppleSupport,Refund,2,29,0,0,1.0,1.0,1.0,1.0,1.0
DeepSeek,examples,validated_paths10_thr0.8,AppleSupport,Request DM,12,15,0,0,1.0,1.0,1.0,1.0,1.0
DeepSeek,examples,validated_paths10_thr0.8,AppleSupport,Request country,0,27,0,0,0.0,0.0,0.0,0.0,0.5
DeepSeek,examples,validated_paths10_thr0.8,AppleSupport,Request device model,3,24,0,0,1.0,1.0,1.0,1.0,1.0
DeepSeek,examples,validated_paths10_thr0.8,AppleSupport,Request device restart,1,26,0,0,1.0,1.0,1.0,1.0,1.0
DeepSeek,examples,validated_paths10_thr0.8,AppleSupport,Request iOS version,8,19,0,0,1.0,1.0,1.0,1.0,1.0
DeepSeek,examples,validated_paths10_thr0.8,AppleSupport,Restart device,3,27,1,0,0.75,1.0,0.8571428571428571,0.8504200642707612,0.9821428571428572
DeepSeek,examples,validated_paths10_thr0.8,AppleSupport,Software/App,8,18,3,2,0.7272727272727273,0.8,0.761904761904762,0.642034105174945,0.8285714285714285
DeepSeek,examples,validated_paths10_thr0.8,AppleSupport,TV,0,31,0,0,0.0,0.0,0.0,0.0,0.5
DeepSeek,examples,validated_paths10_thr0.8,AppleSupport,Unresponsive/Freezing Device,5,20,6,0,0.45454545454545453,1.0,0.625,0.5913123959890826,0.8846153846153846
DeepSeek,examples,validated_paths10_thr0.8,AppleSupport,Update,13,16,1,1,0.9285714285714286,0.9285714285714286,0.9285714285714286,0.8697478991596639,0.9348739495798319
DeepSeek,examples,validated_paths10_thr0.8,AppleSupport,iPad,0,31,0,0,0.0,0.0,0.0,0.0,0.5
DeepSeek,examples,validated_paths10_thr0.8,AppleSupport,iPhone,7,14,7,3,0.5,0.7,0.5833333333333334,0.3444233600968322,0.6833333333333333
DeepSeek,examples,validated_paths10_thr0.8,SpotifyCares,Account,5,26,3,1,0.625,0.8333333333333334,0.7142857142857143,0.6550918874579329,0.8649425287356323
DeepSeek,examples,validated_paths10_thr0.8,SpotifyCares,Advertisement,1,32,1,1,0.5,0.5,0.5,0.4696969696969697,0.7348484848484849
DeepSeek,examples,validated_paths10_thr0.8,SpotifyCares,App,6,22,4,3,0.6,0.6666666666666666,0.631578947368421,0.4961389383568338,0.7564102564102564
DeepSeek,examples,validated_paths10_thr0.8,SpotifyCares,Billing/Payment,7,27,1,0,0.875,1.0,0.9333333333333333,0.9185586535436918,0.9821428571428572
DeepSeek,examples,validated_paths10_thr0.8,SpotifyCares,Family Subscription,1,34,0,0,1.0,1.0,1.0,1.0,1.0
DeepSeek,examples,validated_paths10_thr0.8,SpotifyCares,Hulu,1,34,0,0,1.0,1.0,1.0,1.0,1.0
DeepSeek,examples,validated_paths10_thr0.8,SpotifyCares,Login,2,29,2,2,0.5,0.5,0.5,0.43548387096774194,0.717741935483871
DeepSeek,examples,validated_paths10_thr0.8,SpotifyCares,Logout,1,29,4,1,0.2,0.5,0.28571428571428575,0.251259453814803,0.6893939393939394
DeepSeek,examples,validated_paths10_thr0.8,SpotifyCares,Offer further help,4,20,4,0,0.5,1.0,0.6666666666666666,0.6454972243679028,0.9166666666666667
DeepSeek,examples,validated_paths10_thr0.8,SpotifyCares,Playlist,2,33,0,0,1.0,1.0,1.0,1.0,1.0
DeepSeek,examples,validated_paths10_thr0.8,SpotifyCares,Premium,1,31,2,1,0.3333333333333333,0.5,0.4,0.36432620803146437,0.7196969696969697
DeepSeek,examples,validated_paths10_thr0.8,SpotifyCares,Provide OS version,2,33,0,0,1.0,1.0,1.0,1.0,1.0
DeepSeek,examples,validated_paths10_thr0.8,SpotifyCares,Provide URL,11,15,0,2,1.0,0.8461538461538461,0.9166666666666666,0.8640638488223129,0.9230769230769231
DeepSeek,examples,validated_paths10_thr0.8,SpotifyCares,Provide device model,3,28,3,1,0.5,0.75,0.6,0.5514416337357292,0.8266129032258065
DeepSeek,examples,validated_paths10_thr0.8,SpotifyCares,Provide email address,0,35,0,0,0.0,0.0,0.0,0.0,0.5
DeepSeek,examples,validated_paths10_thr0.8,SpotifyCares,Provide error message,1,28,2,4,0.3333333333333333,0.2,0.25,0.16666666666666666,0.5666666666666667
DeepSeek,examples,validated_paths10_thr0.8,SpotifyCares,Provide spotify version,2,33,0,0,1.0,1.0,1.0,1.0,1.0
DeepSeek,examples,validated_paths10_thr0.8,SpotifyCares,Provide username,0,35,0,0,0.0,0.0,0.0,0.0,0.5
DeepSeek,examples,validated_paths10_thr0.8,SpotifyCares,Refer to specialist team,0,27,1,0,0.0,0.0,0.0,0.0,0.48214285714285715
DeepSeek,examples,validated_paths10_thr0.8,SpotifyCares,Reinstall the app,1,34,0,0,1.0,1.0,1.0,1.0,1.0
DeepSeek,examples,validated_paths10_thr0.8,SpotifyCares,Request DM,2,21,0,5,1.0,0.2857142857142857,0.4444444444444445,0.48038446141526137,0.6428571428571428
DeepSeek,examples,validated_paths10_thr0.8,SpotifyCares,Request OS version,3,25,0,0,1.0,1.0,1.0,1.0,1.0
DeepSeek,examples,validated_paths10_thr0.8,SpotifyCares,Request Spotify version,4,24,0,0,1.0,1.0,1.0,1.0,1.0
DeepSeek,examples,validated_paths10_thr0.8,SpotifyCares,Request device restart,3,25,0,0,1.0,1.0,1.0,1.0,1.0
DeepSeek,examples,validated_paths10_thr0.8,SpotifyCares,Request device version,4,24,0,0,1.0,1.0,1.0,1.0,1.0
DeepSeek,examples,validated_paths10_thr0.8,SpotifyCares,Request email address,5,22,0,1,1.0,0.8333333333333334,0.9090909090909091,0.8928053815224023,0.9166666666666667
DeepSeek,examples,validated_paths10_thr0.8,SpotifyCares,Request error message,3,25,0,0,1.0,1.0,1.0,1.0,1.0
DeepSeek,examples,validated_paths10_thr0.8,SpotifyCares,Request exact issue description,1,27,0,0,1.0,1.0,1.0,1.0,1.0
DeepSeek,examples,validated_paths10_thr0.8,SpotifyCares,Request login,3,25,0,0,1.0,1.0,1.0,1.0,1.0
DeepSeek,examples,validated_paths10_thr0.8,SpotifyCares,Request logout,3,25,0,0,1.0,1.0,1.0,1.0,1.0
DeepSeek,examples,validated_paths10_thr0.8,SpotifyCares,Request reinstall the app,2,26,0,0,1.0,1.0,1.0,1.0,1.0
DeepSeek,examples,validated_paths10_thr0.8,SpotifyCares,Request username,4,23,0,1,1.0,0.8,0.888888888888889,0.8755950357709131,0.9
DeepSeek,examples,validated_paths10_thr0.8,SpotifyCares,Restart device,1,31,2,1,0.3333333333333333,0.5,0.4,0.36432620803146437,0.7196969696969697
DeepSeek,examples,validated_paths10_thr0.8,SpotifyCares,Song/Artist,3,28,2,2,0.6,0.6,0.6,0.5333333333333333,0.7666666666666666
DeepSeek,examples,validated_paths10_thr0.8,SpotifyCares,Student Subscription,2,33,0,0,1.0,1.0,1.0,1.0,1.0
DeepSeek,examples,validated_paths10_thr0.9,AmazonHelp,Account,2,18,0,0,1.0,1.0,1.0,1.0,1.0
DeepSeek,examples,validated_paths10_thr0.9,AmazonHelp,Alexa,2,18,0,0,1.0,1.0,1.0,1.0,1.0
DeepSeek,examples,validated_paths10_thr0.9,AmazonHelp,Apologize,8,11,0,0,1.0,1.0,1.0,1.0,1.0
DeepSeek,examples,validated_paths10_thr0.9,AmazonHelp,Bad Support,2,16,1,1,0.6666666666666666,0.6666666666666666,0.6666666666666666,0.6078431372549019,0.803921568627451
DeepSeek,examples,validated_paths10_thr0.9,AmazonHelp,Delivery,5,13,0,2,1.0,0.7142857142857143,0.8333333333333333,0.7867957924694432,0.8571428571428572
DeepSeek,examples,validated_paths10_thr0.9,AmazonHelp,Echo,3,17,0,0,1.0,1.0,1.0,1.0,1.0
DeepSeek,examples,validated_paths10_thr0.9,AmazonHelp,Investigate Issue,7,9,2,1,0.7777777777777778,0.875,0.823529411764706,0.6854365268376295,0.8465909090909092
DeepSeek,examples,validated_paths10_thr0.9,AmazonHelp,Kindle,0,20,0,0,0.0,0.0,0.0,0.0,0.5
DeepSeek,examples,validated_paths10_thr0.9,AmazonHelp,Order Cancellation,1,19,0,0,1.0,1.0,1.0,1.0,1.0
DeepSeek,examples,validated_paths10_thr0.9,AmazonHelp,Packaging,1,19,0,0,1.0,1.0,1.0,1.0,1.0
DeepSeek,examples,validated_paths10_thr0.9,AmazonHelp,Prime,7,13,0,0,1.0,1.0,1.0,1.0,1.0
DeepSeek,examples,validated_paths10_thr0.9,AmazonHelp,Provide URL,13,6,0,0,1.0,1.0,1.0,1.0,1.0
DeepSeek,examples,validated_paths10_thr0.9,AmazonHelp,Provide delivery date,1,17,0,1,1.0,0.5,0.6666666666666666,0.6871842709362768,0.75
DeepSeek,examples,validated_paths10_thr0.9,AmazonHelp,Refer to specialist team,2,17,0,0,1.0,1.0,1.0,1.0,1.0
DeepSeek,examples,validated_paths10_thr0.9,AmazonHelp,Refund,0,20,0,0,0.0,0.0,0.0,0.0,0.5
DeepSeek,examples,validated_paths10_thr0.9,AmazonHelp,Replacement,0,20,0,0,0.0,0.0,0.0,0.0,0.5
DeepSeek,examples,validated_paths10_thr0.9,AmazonHelp,Request to call by phone,3,16,0,0,1.0,1.0,1.0,1.0,1.0
DeepSeek,examples,validated_paths10_thr0.9,AmazonHelp,Request to not send personal details,1,18,0,0,1.0,1.0,1.0,1.0,1.0
DeepSeek,examples,validated_paths10_thr0.9,AmazonHelp,Request to reach out by chat,2,17,0,0,1.0,1.0,1.0,1.0,1.0
DeepSeek,examples,validated_paths10_thr0.9,AmazonHelp,Return,2,18,0,0,1.0,1.0,1.0,1.0,1.0
DeepSeek,examples,validated_paths10_thr0.9,AppleSupport,Battery,5,24,1,1,0.8333333333333334,0.8333333333333334,0.8333333333333334,0.7933333333333333,0.8966666666666667
DeepSeek,examples,validated_paths10_thr0.9,AppleSupport,Investigate issue,11,7,4,5,0.7333333333333333,0.6875,0.7096774193548386,0.32024493467004,0.6619318181818181
DeepSeek,examples,validated_paths10_thr0.9,AppleSupport,Mac,3,27,1,0,0.75,1.0,0.8571428571428571,0.8504200642707612,0.9821428571428572
DeepSeek,examples,validated_paths10_thr0.9,AppleSupport,Provide URL,15,11,0,1,1.0,0.9375,0.967741935483871,0.9270248108869579,0.96875
DeepSeek,examples,validated_paths10_thr0.9,AppleSupport,Provide device model,6,24,1,0,0.8571428571428571,1.0,0.923076923076923,0.9071147352221454,0.98
DeepSeek,examples,validated_paths10_thr0.9,AppleSupport,Provide system version,10,21,0,0,1.0,1.0,1.0,1.0,1.0
DeepSeek,examples,validated_paths10_thr0.9,AppleSupport,Recommend backing up,0,27,0,0,0.0,0.0,0.0,0.0,0.5
DeepSeek,examples,validated_paths10_thr0.9,AppleSupport,Recommend updating,0,27,0,0,0.0,0.0,0.0,0.0,0.5
DeepSeek,examples,validated_paths10_thr0.9,AppleSupport,Refer to specialist team,0,27,0,0,0.0,0.0,0.0,0.0,0.5
DeepSeek,examples,validated_paths10_thr0.9,AppleSupport,Refund,2,29,0,0,1.0,1.0,1.0,1.0,1.0
DeepSeek,examples,validated_paths10_thr0.9,AppleSupport,Request DM,12,15,0,0,1.0,1.0,1.0,1.0,1.0
DeepSeek,examples,validated_paths10_thr0.9,AppleSupport,Request country,0,27,0,0,0.0,0.0,0.0,0.0,0.5
DeepSeek,examples,validated_paths10_thr0.9,AppleSupport,Request device model,3,24,0,0,1.0,1.0,1.0,1.0,1.0
DeepSeek,examples,validated_paths10_thr0.9,AppleSupport,Request device restart,1,26,0,0,1.0,1.0,1.0,1.0,1.0
DeepSeek,examples,validated_paths10_thr0.9,AppleSupport,Request iOS version,8,19,0,0,1.0,1.0,1.0,1.0,1.0
DeepSeek,examples,validated_paths10_thr0.9,AppleSupport,Restart device,3,27,1,0,0.75,1.0,0.8571428571428571,0.8504200642707612,0.9821428571428572
DeepSeek,examples,validated_paths10_thr0.9,AppleSupport,Software/App,8,18,3,2,0.7272727272727273,0.8,0.761904761904762,0.642034105174945,0.8285714285714285
DeepSeek,examples,validated_paths10_thr0.9,AppleSupport,TV,0,31,0,0,0.0,0.0,0.0,0.0,0.5
DeepSeek,examples,validated_paths10_thr0.9,AppleSupport,Unresponsive/Freezing Device,5,20,6,0,0.45454545454545453,1.0,0.625,0.5913123959890826,0.8846153846153846
DeepSeek,examples,validated_paths10_thr0.9,AppleSupport,Update,13,16,1,1,0.9285714285714286,0.9285714285714286,0.9285714285714286,0.8697478991596639,0.9348739495798319
DeepSeek,examples,validated_paths10_thr0.9,AppleSupport,iPad,0,31,0,0,0.0,0.0,0.0,0.0,0.5
DeepSeek,examples,validated_paths10_thr0.9,AppleSupport,iPhone,7,14,7,3,0.5,0.7,0.5833333333333334,0.3444233600968322,0.6833333333333333
DeepSeek,examples,validated_paths10_thr0.9,SpotifyCares,Account,5,26,3,1,0.625,0.8333333333333334,0.7142857142857143,0.6550918874579329,0.8649425287356323
DeepSeek,examples,validated_paths10_thr0.9,SpotifyCares,Advertisement,1,32,1,1,0.5,0.5,0.5,0.4696969696969697,0.7348484848484849
DeepSeek,examples,validated_paths10_thr0.9,SpotifyCares,App,6,22,4,3,0.6,0.6666666666666666,0.631578947368421,0.4961389383568338,0.7564102564102564
DeepSeek,examples,validated_paths10_thr0.9,SpotifyCares,Billing/Payment,7,27,1,0,0.875,1.0,0.9333333333333333,0.9185586535436918,0.9821428571428572
DeepSeek,examples,validated_paths10_thr0.9,SpotifyCares,Family Subscription,1,34,0,0,1.0,1.0,1.0,1.0,1.0
DeepSeek,examples,validated_paths10_thr0.9,SpotifyCares,Hulu,1,34,0,0,1.0,1.0,1.0,1.0,1.0
DeepSeek,examples,validated_paths10_thr0.9,SpotifyCares,Login,2,29,2,2,0.5,0.5,0.5,0.43548387096774194,0.717741935483871
DeepSeek,examples,validated_paths10_thr0.9,SpotifyCares,Logout,1,29,4,1,0.2,0.5,0.28571428571428575,0.251259453814803,0.6893939393939394
DeepSeek,examples,validated_paths10_thr0.9,SpotifyCares,Offer further help,4,20,4,0,0.5,1.0,0.6666666666666666,0.6454972243679028,0.9166666666666667
DeepSeek,examples,validated_paths10_thr0.9,SpotifyCares,Playlist,2,33,0,0,1.0,1.0,1.0,1.0,1.0
DeepSeek,examples,validated_paths10_thr0.9,SpotifyCares,Premium,1,31,2,1,0.3333333333333333,0.5,0.4,0.36432620803146437,0.7196969696969697
DeepSeek,examples,validated_paths10_thr0.9,SpotifyCares,Provide OS version,2,33,0,0,1.0,1.0,1.0,1.0,1.0
DeepSeek,examples,validated_paths10_thr0.9,SpotifyCares,Provide URL,11,15,0,2,1.0,0.8461538461538461,0.9166666666666666,0.8640638488223129,0.9230769230769231
DeepSeek,examples,validated_paths10_thr0.9,SpotifyCares,Provide device model,3,28,3,1,0.5,0.75,0.6,0.5514416337357292,0.8266129032258065
DeepSeek,examples,validated_paths10_thr0.9,SpotifyCares,Provide email address,0,35,0,0,0.0,0.0,0.0,0.0,0.5
DeepSeek,examples,validated_paths10_thr0.9,SpotifyCares,Provide error message,1,28,2,4,0.3333333333333333,0.2,0.25,0.16666666666666666,0.5666666666666667
DeepSeek,examples,validated_paths10_thr0.9,SpotifyCares,Provide spotify version,2,33,0,0,1.0,1.0,1.0,1.0,1.0
DeepSeek,examples,validated_paths10_thr0.9,SpotifyCares,Provide username,0,35,0,0,0.0,0.0,0.0,0.0,0.5
DeepSeek,examples,validated_paths10_thr0.9,SpotifyCares,Refer to specialist team,0,27,1,0,0.0,0.0,0.0,0.0,0.48214285714285715
DeepSeek,examples,validated_paths10_thr0.9,SpotifyCares,Reinstall the app,1,34,0,0,1.0,1.0,1.0,1.0,1.0
DeepSeek,examples,validated_paths10_thr0.9,SpotifyCares,Request DM,2,21,0,5,1.0,0.2857142857142857,0.4444444444444445,0.48038446141526137,0.6428571428571428
DeepSeek,examples,validated_paths10_thr0.9,SpotifyCares,Request OS version,3,25,0,0,1.0,1.0,1.0,1.0,1.0
DeepSeek,examples,validated_paths10_thr0.9,SpotifyCares,Request Spotify version,4,24,0,0,1.0,1.0,1.0,1.0,1.0
DeepSeek,examples,validated_paths10_thr0.9,SpotifyCares,Request device restart,3,25,0,0,1.0,1.0,1.0,1.0,1.0
DeepSeek,examples,validated_paths10_thr0.9,SpotifyCares,Request device version,4,24,0,0,1.0,1.0,1.0,1.0,1.0
DeepSeek,examples,validated_paths10_thr0.9,SpotifyCares,Request email address,5,22,0,1,1.0,0.8333333333333334,0.9090909090909091,0.8928053815224023,0.9166666666666667
DeepSeek,examples,validated_paths10_thr0.9,SpotifyCares,Request error message,3,25,0,0,1.0,1.0,1.0,1.0,1.0
DeepSeek,examples,validated_paths10_thr0.9,SpotifyCares,Request exact issue description,1,27,0,0,1.0,1.0,1.0,1.0,1.0
DeepSeek,examples,validated_paths10_thr0.9,SpotifyCares,Request login,3,25,0,0,1.0,1.0,1.0,1.0,1.0
DeepSeek,examples,validated_paths10_thr0.9,SpotifyCares,Request logout,3,25,0,0,1.0,1.0,1.0,1.0,1.0
DeepSeek,examples,validated_paths10_thr0.9,SpotifyCares,Request reinstall the app,2,26,0,0,1.0,1.0,1.0,1.0,1.0
DeepSeek,examples,validated_paths10_thr0.9,SpotifyCares,Request username,4,23,0,1,1.0,0.8,0.888888888888889,0.8755950357709131,0.9
DeepSeek,examples,validated_paths10_thr0.9,SpotifyCares,Restart device,1,31,2,1,0.3333333333333333,0.5,0.4,0.36432620803146437,0.7196969696969697
DeepSeek,examples,validated_paths10_thr0.9,SpotifyCares,Song/Artist,3,28,2,2,0.6,0.6,0.6,0.5333333333333333,0.7666666666666666
DeepSeek,examples,validated_paths10_thr0.9,SpotifyCares,Student Subscription,2,33,0,0,1.0,1.0,1.0,1.0,1.0
DeepSeek,examples,validated_paths1_thr0.8,AmazonHelp,Account,2,18,0,0,1.0,1.0,1.0,1.0,1.0
DeepSeek,examples,validated_paths1_thr0.8,AmazonHelp,Alexa,2,18,0,0,1.0,1.0,1.0,1.0,1.0
DeepSeek,examples,validated_paths1_thr0.8,AmazonHelp,Apologize,8,10,1,0,0.8888888888888888,1.0,0.9411764705882353,0.8989331499509895,0.9545454545454546
DeepSeek,examples,validated_paths1_thr0.8,AmazonHelp,Bad Support,2,16,1,1,0.6666666666666666,0.6666666666666666,0.6666666666666666,0.6078431372549019,0.803921568627451
DeepSeek,examples,validated_paths1_thr0.8,AmazonHelp,Delivery,5,13,0,2,1.0,0.7142857142857143,0.8333333333333333,0.7867957924694432,0.8571428571428572
DeepSeek,examples,validated_paths1_thr0.8,AmazonHelp,Echo,3,17,0,0,1.0,1.0,1.0,1.0,1.0
DeepSeek,examples,validated_paths1_thr0.8,AmazonHelp,Investigate Issue,7,9,2,1,0.7777777777777778,0.875,0.823529411764706,0.6854365268376295,0.8465909090909092
DeepSeek,examples,validated_paths1_thr0.8,AmazonHelp,Kindle,0,20,0,0,0.0,0.0,0.0,0.0,0.5
DeepSeek,examples,validated_paths1_thr0.8,AmazonHelp,Order Cancellation,1,19,0,0,1.0,1.0,1.0,1.0,1.0
DeepSeek,examples,validated_paths1_thr0.8,AmazonHelp,Packaging,1,19,0,0,1.0,1.0,1.0,1.0,1.0
DeepSeek,examples,validated_paths1_thr0.8,AmazonHelp,Prime,7,13,0,0,1.0,1.0,1.0,1.0,1.0
DeepSeek,examples,validated_paths1_thr0.8,AmazonHelp,Provide URL,13,6,0,0,1.0,1.0,1.0,1.0,1.0
DeepSeek,examples,validated_paths1_thr0.8,AmazonHelp,Provide delivery date,1,17,0,1,1.0,0.5,0.6666666666666666,0.6871842709362768,0.75
DeepSeek,examples,validated_paths1_thr0.8,AmazonHelp,Refer to specialist team,2,15,2,0,0.5,1.0,0.6666666666666666,0.6642111641550715,0.9411764705882353
DeepSeek,examples,validated_paths1_thr0.8,AmazonHelp,Refund,0,19,1,0,0.0,0.0,0.0,0.0,0.475
DeepSeek,examples,validated_paths1_thr0.8,AmazonHelp,Replacement,0,20,0,0,0.0,0.0,0.0,0.0,0.5
DeepSeek,examples,validated_paths1_thr0.8,AmazonHelp,Request to call by phone,3,16,0,0,1.0,1.0,1.0,1.0,1.0
DeepSeek,examples,validated_paths1_thr0.8,AmazonHelp,Request to not send personal details,1,18,0,0,1.0,1.0,1.0,1.0,1.0
DeepSeek,examples,validated_paths1_thr0.8,AmazonHelp,Request to reach out by chat,2,17,0,0,1.0,1.0,1.0,1.0,1.0
DeepSeek,examples,validated_paths1_thr0.8,AmazonHelp,Return,2,18,0,0,1.0,1.0,1.0,1.0,1.0
DeepSeek,examples,validated_paths1_thr0.8,AppleSupport,Battery,6,24,1,0,0.8571428571428571,1.0,0.923076923076923,0.9071147352221454,0.98
DeepSeek,examples,validated_paths1_thr0.8,AppleSupport,Investigate issue,11,7,4,5,0.7333333333333333,0.6875,0.7096774193548386,0.32024493467004,0.6619318181818181
DeepSeek,examples,validated_paths1_thr0.8,AppleSupport,Mac,3,27,1,0,0.75,1.0,0.8571428571428571,0.8504200642707612,0.9821428571428572
DeepSeek,examples,validated_paths1_thr0.8,AppleSupport,Provide URL,15,11,0,1,1.0,0.9375,0.967741935483871,0.9270248108869579,0.96875
DeepSeek,examples,validated_paths1_thr0.8,AppleSupport,Provide device model,6,24,1,0,0.8571428571428571,1.0,0.923076923076923,0.9071147352221454,0.98
DeepSeek,examples,validated_paths1_thr0.8,AppleSupport,Provide system version,10,21,0,0,1.0,1.0,1.0,1.0,1.0
DeepSeek,examples,validated_paths1_thr0.8,AppleSupport,Recommend backing up,0,27,0,0,0.0,0.0,0.0,0.0,0.5
DeepSeek,examples,validated_paths1_thr0.8,AppleSupport,Recommend updating,0,27,0,0,0.0,0.0,0.0,0.0,0.5
DeepSeek,examples,validated_paths1_thr0.8,AppleSupport,Refer to specialist team,0,27,0,0,0.0,0.0,0.0,0.0,0.5
DeepSeek,examples,validated_paths1_thr0.8,AppleSupport,Refund,2,29,0,0,1.0,1.0,1.0,1.0,1.0
DeepSeek,examples,validated_paths1_thr0.8,AppleSupport,Request DM,12,15,0,0,1.0,1.0,1.0,1.0,1.0
DeepSeek,examples,validated_paths1_thr0.8,AppleSupport,Request country,0,27,0,0,0.0,0.0,0.0,0.0,0.5
DeepSeek,examples,validated_paths1_thr0.8,AppleSupport,Request device model,3,24,0,0,1.0,1.0,1.0,1.0,1.0
DeepSeek,examples,validated_paths1_thr0.8,AppleSupport,Request device restart,1,26,0,0,1.0,1.0,1.0,1.0,1.0
DeepSeek,examples,validated_paths1_thr0.8,AppleSupport,Request iOS version,8,19,0,0,1.0,1.0,1.0,1.0,1.0
DeepSeek,examples,validated_paths1_thr0.8,AppleSupport,Restart device,3,27,1,0,0.75,1.0,0.8571428571428571,0.8504200642707612,0.9821428571428572
DeepSeek,examples,validated_paths1_thr0.8,AppleSupport,Software/App,8,18,3,2,0.7272727272727273,0.8,0.761904761904762,0.642034105174945,0.8285714285714285
DeepSeek,examples,validated_paths1_thr0.8,AppleSupport,TV,0,31,0,0,0.0,0.0,0.0,0.0,0.5
DeepSeek,examples,validated_paths1_thr0.8,AppleSupport,Unresponsive/Freezing Device,5,19,7,0,0.4166666666666667,1.0,0.5882352941176471,0.5518035696578806,0.8653846153846154
DeepSeek,examples,validated_paths1_thr0.8,AppleSupport,Update,13,16,1,1,0.9285714285714286,0.9285714285714286,0.9285714285714286,0.8697478991596639,0.9348739495798319
DeepSeek,examples,validated_paths1_thr0.8,AppleSupport,iPad,0,31,0,0,0.0,0.0,0.0,0.0,0.5
DeepSeek,examples,validated_paths1_thr0.8,AppleSupport,iPhone,9,12,9,1,0.5,0.9,0.6428571428571429,0.4465988686176326,0.7357142857142858
DeepSeek,examples,validated_paths1_thr0.8,SpotifyCares,Account,5,25,4,1,0.5555555555555556,0.8333333333333334,0.6666666666666667,0.5996568753954697,0.8477011494252873
DeepSeek,examples,validated_paths1_thr0.8,SpotifyCares,Advertisement,1,32,1,1,0.5,0.5,0.5,0.4696969696969697,0.7348484848484849
DeepSeek,examples,validated_paths1_thr0.8,SpotifyCares,App,6,22,4,3,0.6,0.6666666666666666,0.631578947368421,0.4961389383568338,0.7564102564102564
DeepSeek,examples,validated_paths1_thr0.8,SpotifyCares,Billing/Payment,7,27,1,0,0.875,1.0,0.9333333333333333,0.9185586535436918,0.9821428571428572
DeepSeek,examples,validated_paths1_thr0.8,SpotifyCares,Family Subscription,1,34,0,0,1.0,1.0,1.0,1.0,1.0
DeepSeek,examples,validated_paths1_thr0.8,SpotifyCares,Hulu,1,34,0,0,1.0,1.0,1.0,1.0,1.0
DeepSeek,examples,validated_paths1_thr0.8,SpotifyCares,Login,2,29,2,2,0.5,0.5,0.5,0.43548387096774194,0.717741935483871
DeepSeek,examples,validated_paths1_thr0.8,SpotifyCares,Logout,1,29,4,1,0.2,0.5,0.28571428571428575,0.251259453814803,0.6893939393939394
DeepSeek,examples,validated_paths1_thr0.8,SpotifyCares,Offer further help,4,18,6,0,0.4,1.0,0.5714285714285715,0.5477225575051662,0.875
DeepSeek,examples,validated_paths1_thr0.8,SpotifyCares,Playlist,2,33,0,0,1.0,1.0,1.0,1.0,1.0
DeepSeek,examples,validated_paths1_thr0.8,SpotifyCares,Premium,1,31,2,1,0.3333333333333333,0.5,0.4,0.36432620803146437,0.7196969696969697
DeepSeek,examples,validated_paths1_thr0.8,SpotifyCares,Provide OS version,2,33,0,0,1.0,1.0,1.0,1.0,1.0
DeepSeek,examples,validated_paths1_thr0.8,SpotifyCares,Provide URL,12,15,0,1,1.0,0.9230769230769231,0.9600000000000001,0.9302605094190635,0.9615384615384616
DeepSeek,examples,validated_paths1_thr0.8,SpotifyCares,Provide device model,3,28,3,1,0.5,0.75,0.6,0.5514416337357292,0.8266129032258065
DeepSeek,examples,validated_paths1_thr0.8,SpotifyCares,Provide email address,0,35,0,0,0.0,0.0,0.0,0.0,0.5
DeepSeek,examples,validated_paths1_thr0.8,SpotifyCares,Provide error message,1,28,2,4,0.3333333333333333,0.2,0.25,0.16666666666666666,0.5666666666666667
DeepSeek,examples,validated_paths1_thr0.8,SpotifyCares,Provide spotify version,2,33,0,0,1.0,1.0,1.0,1.0,1.0
DeepSeek,examples,validated_paths1_thr0.8,SpotifyCares,Provide username,0,35,0,0,0.0,0.0,0.0,0.0,0.5
DeepSeek,examples,validated_paths1_thr0.8,SpotifyCares,Refer to specialist team,0,27,1,0,0.0,0.0,0.0,0.0,0.48214285714285715
DeepSeek,examples,validated_paths1_thr0.8,SpotifyCares,Reinstall the app,1,34,0,0,1.0,1.0,1.0,1.0,1.0
DeepSeek,examples,validated_paths1_thr0.8,SpotifyCares,Request DM,2,21,0,5,1.0,0.2857142857142857,0.4444444444444445,0.48038446141526137,0.6428571428571428
DeepSeek,examples,validated_paths1_thr0.8,SpotifyCares,Request OS version,3,25,0,0,1.0,1.0,1.0,1.0,1.0
DeepSeek,examples,validated_paths1_thr0.8,SpotifyCares,Request Spotify version,4,24,0,0,1.0,1.0,1.0,1.0,1.0
DeepSeek,examples,validated_paths1_thr0.8,SpotifyCares,Request device restart,3,25,0,0,1.0,1.0,1.0,1.0,1.0
DeepSeek,examples,validated_paths1_thr0.8,SpotifyCares,Request device version,4,24,0,0,1.0,1.0,1.0,1.0,1.0
DeepSeek,examples,validated_paths1_thr0.8,SpotifyCares,Request email address,5,22,0,1,1.0,0.8333333333333334,0.9090909090909091,0.8928053815224023,0.9166666666666667
DeepSeek,examples,validated_paths1_thr0.8,SpotifyCares,Request error message,3,25,0,0,1.0,1.0,1.0,1.0,1.0
DeepSeek,examples,validated_paths1_thr0.8,SpotifyCares,Request exact issue description,1,27,0,0,1.0,1.0,1.0,1.0,1.0
DeepSeek,examples,validated_paths1_thr0.8,SpotifyCares,Request login,3,25,0,0,1.0,1.0,1.0,1.0,1.0
DeepSeek,examples,validated_paths1_thr0.8,SpotifyCares,Request logout,3,25,0,0,1.0,1.0,1.0,1.0,1.0
DeepSeek,examples,validated_paths1_thr0.8,SpotifyCares,Request reinstall the app,2,26,0,0,1.0,1.0,1.0,1.0,1.0
DeepSeek,examples,validated_paths1_thr0.8,SpotifyCares,Request username,4,23,0,1,1.0,0.8,0.888888888888889,0.8755950357709131,0.9
DeepSeek,examples,validated_paths1_thr0.8,SpotifyCares,Restart device,1,31,2,1,0.3333333333333333,0.5,0.4,0.36432620803146437,0.7196969696969697
DeepSeek,examples,validated_paths1_thr0.8,SpotifyCares,Song/Artist,3,28,2,2,0.6,0.6,0.6,0.5333333333333333,0.7666666666666666
DeepSeek,examples,validated_paths1_thr0.8,SpotifyCares,Student Subscription,2,33,0,0,1.0,1.0,1.0,1.0,1.0
DeepSeek,examples,validated_paths3_thr0.8,AmazonHelp,Account,2,18,0,0,1.0,1.0,1.0,1.0,1.0
DeepSeek,examples,validated_paths3_thr0.8,AmazonHelp,Alexa,2,18,0,0,1.0,1.0,1.0,1.0,1.0
DeepSeek,examples,validated_paths3_thr0.8,AmazonHelp,Apologize,8,11,0,0,1.0,1.0,1.0,1.0,1.0
DeepSeek,examples,validated_paths3_thr0.8,AmazonHelp,Bad Support,2,16,1,1,0.6666666666666666,0.6666666666666666,0.6666666666666666,0.6078431372549019,0.803921568627451
DeepSeek,examples,validated_paths3_thr0.8,AmazonHelp,Delivery,5,13,0,2,1.0,0.7142857142857143,0.8333333333333333,0.7867957924694432,0.8571428571428572
DeepSeek,examples,validated_paths3_thr0.8,AmazonHelp,Echo,3,17,0,0,1.0,1.0,1.0,1.0,1.0
DeepSeek,examples,validated_paths3_thr0.8,AmazonHelp,Investigate Issue,7,9,2,1,0.7777777777777778,0.875,0.823529411764706,0.6854365268376295,0.8465909090909092
DeepSeek,examples,validated_paths3_thr0.8,AmazonHelp,Kindle,0,20,0,0,0.0,0.0,0.0,0.0,0.5
DeepSeek,examples,validated_paths3_thr0.8,AmazonHelp,Order Cancellation,1,19,0,0,1.0,1.0,1.0,1.0,1.0
DeepSeek,examples,validated_paths3_thr0.8,AmazonHelp,Packaging,1,19,0,0,1.0,1.0,1.0,1.0,1.0
DeepSeek,examples,validated_paths3_thr0.8,AmazonHelp,Prime,7,13,0,0,1.0,1.0,1.0,1.0,1.0
DeepSeek,examples,validated_paths3_thr0.8,AmazonHelp,Provide URL,13,6,0,0,1.0,1.0,1.0,1.0,1.0
DeepSeek,examples,validated_paths3_thr0.8,AmazonHelp,Provide delivery date,1,17,0,1,1.0,0.5,0.6666666666666666,0.6871842709362768,0.75
DeepSeek,examples,validated_paths3_thr0.8,AmazonHelp,Refer to specialist team,2,17,0,0,1.0,1.0,1.0,1.0,1.0
DeepSeek,examples,validated_paths3_thr0.8,AmazonHelp,Refund,0,20,0,0,0.0,0.0,0.0,0.0,0.5
DeepSeek,examples,validated_paths3_thr0.8,AmazonHelp,Replacement,0,20,0,0,0.0,0.0,0.0,0.0,0.5
DeepSeek,examples,validated_paths3_thr0.8,AmazonHelp,Request to call by phone,3,16,0,0,1.0,1.0,1.0,1.0,1.0
DeepSeek,examples,validated_paths3_thr0.8,AmazonHelp,Request to not send personal details,1,18,0,0,1.0,1.0,1.0,1.0,1.0
DeepSeek,examples,validated_paths3_thr0.8,AmazonHelp,Request to reach out by chat,2,17,0,0,1.0,1.0,1.0,1.0,1.0
DeepSeek,examples,validated_paths3_thr0.8,AmazonHelp,Return,2,18,0,0,1.0,1.0,1.0,1.0,1.0
DeepSeek,examples,validated_paths3_thr0.8,AppleSupport,Battery,5,24,1,1,0.8333333333333334,0.8333333333333334,0.8333333333333334,0.7933333333333333,0.8966666666666667
DeepSeek,examples,validated_paths3_thr0.8,AppleSupport,Investigate issue,11,7,4,5,0.7333333333333333,0.6875,0.7096774193548386,0.32024493467004,0.6619318181818181
DeepSeek,examples,validated_paths3_thr0.8,AppleSupport,Mac,3,27,1,0,0.75,1.0,0.8571428571428571,0.8504200642707612,0.9821428571428572
DeepSeek,examples,validated_paths3_thr0.8,AppleSupport,Provide URL,15,11,0,1,1.0,0.9375,0.967741935483871,0.9270248108869579,0.96875
DeepSeek,examples,validated_paths3_thr0.8,AppleSupport,Provide device model,6,24,1,0,0.8571428571428571,1.0,0.923076923076923,0.9071147352221454,0.98
DeepSeek,examples,validated_paths3_thr0.8,AppleSupport,Provide system version,10,21,0,0,1.0,1.0,1.0,1.0,1.0
DeepSeek,examples,validated_paths3_thr0.8,AppleSupport,Recommend backing up,0,27,0,0,0.0,0.0,0.0,0.0,0.5
DeepSeek,examples,validated_paths3_thr0.8,AppleSupport,Recommend updating,0,27,0,0,0.0,0.0,0.0,0.0,0.5
DeepSeek,examples,validated_paths3_thr0.8,AppleSupport,Refer to specialist team,0,27,0,0,0.0,0.0,0.0,0.0,0.5
DeepSeek,examples,validated_paths3_thr0.8,AppleSupport,Refund,2,29,0,0,1.0,1.0,1.0,1.0,1.0
DeepSeek,examples,validated_paths3_thr0.8,AppleSupport,Request DM,12,15,0,0,1.0,1.0,1.0,1.0,1.0
DeepSeek,examples,validated_paths3_thr0.8,AppleSupport,Request country,0,27,0,0,0.0,0.0,0.0,0.0,0.5
DeepSeek,examples,validated_paths3_thr0.8,AppleSupport,Request device model,3,24,0,0,1.0,1.0,1.0,1.0,1.0
DeepSeek,examples,validated_paths3_thr0.8,AppleSupport,Request device restart,1,26,0,0,1.0,1.0,1.0,1.0,1.0
DeepSeek,examples,validated_paths3_thr0.8,AppleSupport,Request iOS version,8,19,0,0,1.0,1.0,1.0,1.0,1.0
DeepSeek,examples,validated_paths3_thr0.8,AppleSupport,Restart device,3,27,1,0,0.75,1.0,0.8571428571428571,0.8504200642707612,0.9821428571428572
DeepSeek,examples,validated_paths3_thr0.8,AppleSupport,Software/App,8,18,3,2,0.7272727272727273,0.8,0.761904761904762,0.642034105174945,0.8285714285714285
DeepSeek,examples,validated_paths3_thr0.8,AppleSupport,TV,0,31,0,0,0.0,0.0,0.0,0.0,0.5
DeepSeek,examples,validated_paths3_thr0.8,AppleSupport,Unresponsive/Freezing Device,5,20,6,0,0.45454545454545453,1.0,0.625,0.5913123959890826,0.8846153846153846
DeepSeek,examples,validated_paths3_thr0.8,AppleSupport,Update,13,16,1,1,0.9285714285714286,0.9285714285714286,0.9285714285714286,0.8697478991596639,0.9348739495798319
DeepSeek,examples,validated_paths3_thr0.8,AppleSupport,iPad,0,31,0,0,0.0,0.0,0.0,0.0,0.5
DeepSeek,examples,validated_paths3_thr0.8,AppleSupport,iPhone,7,14,7,3,0.5,0.7,0.5833333333333334,0.3444233600968322,0.6833333333333333
DeepSeek,examples,validated_paths3_thr0.8,SpotifyCares,Account,5,26,3,1,0.625,0.8333333333333334,0.7142857142857143,0.6550918874579329,0.8649425287356323
DeepSeek,examples,validated_paths3_thr0.8,SpotifyCares,Advertisement,1,32,1,1,0.5,0.5,0.5,0.4696969696969697,0.7348484848484849
DeepSeek,examples,validated_paths3_thr0.8,SpotifyCares,App,6,22,4,3,0.6,0.6666666666666666,0.631578947368421,0.4961389383568338,0.7564102564102564
DeepSeek,examples,validated_paths3_thr0.8,SpotifyCares,Billing/Payment,7,27,1,0,0.875,1.0,0.9333333333333333,0.9185586535436918,0.9821428571428572
DeepSeek,examples,validated_paths3_thr0.8,SpotifyCares,Family Subscription,1,34,0,0,1.0,1.0,1.0,1.0,1.0
DeepSeek,examples,validated_paths3_thr0.8,SpotifyCares,Hulu,1,34,0,0,1.0,1.0,1.0,1.0,1.0
DeepSeek,examples,validated_paths3_thr0.8,SpotifyCares,Login,2,29,2,2,0.5,0.5,0.5,0.43548387096774194,0.717741935483871
DeepSeek,examples,validated_paths3_thr0.8,SpotifyCares,Logout,1,29,4,1,0.2,0.5,0.28571428571428575,0.251259453814803,0.6893939393939394
DeepSeek,examples,validated_paths3_thr0.8,SpotifyCares,Offer further help,4,20,4,0,0.5,1.0,0.6666666666666666,0.6454972243679028,0.9166666666666667
DeepSeek,examples,validated_paths3_thr0.8,SpotifyCares,Playlist,2,33,0,0,1.0,1.0,1.0,1.0,1.0
DeepSeek,examples,validated_paths3_thr0.8,SpotifyCares,Premium,1,31,2,1,0.3333333333333333,0.5,0.4,0.36432620803146437,0.7196969696969697
DeepSeek,examples,validated_paths3_thr0.8,SpotifyCares,Provide OS version,2,33,0,0,1.0,1.0,1.0,1.0,1.0
DeepSeek,examples,validated_paths3_thr0.8,SpotifyCares,Provide URL,11,15,0,2,1.0,0.8461538461538461,0.9166666666666666,0.8640638488223129,0.9230769230769231
DeepSeek,examples,validated_paths3_thr0.8,SpotifyCares,Provide device model,3,28,3,1,0.5,0.75,0.6,0.5514416337357292,0.8266129032258065
DeepSeek,examples,validated_paths3_thr0.8,SpotifyCares,Provide email address,0,35,0,0,0.0,0.0,0.0,0.0,0.5
DeepSeek,examples,validated_paths3_thr0.8,SpotifyCares,Provide error message,1,28,2,4,0.3333333333333333,0.2,0.25,0.16666666666666666,0.5666666666666667
DeepSeek,examples,validated_paths3_thr0.8,SpotifyCares,Provide spotify version,2,33,0,0,1.0,1.0,1.0,1.0,1.0
DeepSeek,examples,validated_paths3_thr0.8,SpotifyCares,Provide username,0,35,0,0,0.0,0.0,0.0,0.0,0.5
DeepSeek,examples,validated_paths3_thr0.8,SpotifyCares,Refer to specialist team,0,27,1,0,0.0,0.0,0.0,0.0,0.48214285714285715
DeepSeek,examples,validated_paths3_thr0.8,SpotifyCares,Reinstall the app,1,34,0,0,1.0,1.0,1.0,1.0,1.0
DeepSeek,examples,validated_paths3_thr0.8,SpotifyCares,Request DM,2,21,0,5,1.0,0.2857142857142857,0.4444444444444445,0.48038446141526137,0.6428571428571428
DeepSeek,examples,validated_paths3_thr0.8,SpotifyCares,Request OS version,3,25,0,0,1.0,1.0,1.0,1.0,1.0
DeepSeek,examples,validated_paths3_thr0.8,SpotifyCares,Request Spotify version,4,24,0,0,1.0,1.0,1.0,1.0,1.0
DeepSeek,examples,validated_paths3_thr0.8,SpotifyCares,Request device restart,3,25,0,0,1.0,1.0,1.0,1.0,1.0
DeepSeek,examples,validated_paths3_thr0.8,SpotifyCares,Request device version,4,24,0,0,1.0,1.0,1.0,1.0,1.0
DeepSeek,examples,validated_paths3_thr0.8,SpotifyCares,Request email address,5,22,0,1,1.0,0.8333333333333334,0.9090909090909091,0.8928053815224023,0.9166666666666667
DeepSeek,examples,validated_paths3_thr0.8,SpotifyCares,Request error message,3,25,0,0,1.0,1.0,1.0,1.0,1.0
DeepSeek,examples,validated_paths3_thr0.8,SpotifyCares,Request exact issue description,1,27,0,0,1.0,1.0,1.0,1.0,1.0
DeepSeek,examples,validated_paths3_thr0.8,SpotifyCares,Request login,3,25,0,0,1.0,1.0,1.0,1.0,1.0
DeepSeek,examples,validated_paths3_thr0.8,SpotifyCares,Request logout,3,25,0,0,1.0,1.0,1.0,1.0,1.0
DeepSeek,examples,validated_paths3_thr0.8,SpotifyCares,Request reinstall the app,2,26,0,0,1.0,1.0,1.0,1.0,1.0
DeepSeek,examples,validated_paths3_thr0.8,SpotifyCares,Request username,4,23,0,1,1.0,0.8,0.888888888888889,0.8755950357709131,0.9
DeepSeek,examples,validated_paths3_thr0.8,SpotifyCares,Restart device,1,31,2,1,0.3333333333333333,0.5,0.4,0.36432620803146437,0.7196969696969697
DeepSeek,examples,validated_paths3_thr0.8,SpotifyCares,Song/Artist,3,28,2,2,0.6,0.6,0.6,0.5333333333333333,0.7666666666666666
DeepSeek,examples,validated_paths3_thr0.8,SpotifyCares,Student Subscription,2,33,0,0,1.0,1.0,1.0,1.0,1.0
DeepSeek,examples,validated_paths5_thr0.8,AmazonHelp,Account,2,18,0,0,1.0,1.0,1.0,1.0,1.0
DeepSeek,examples,validated_paths5_thr0.8,AmazonHelp,Alexa,2,18,0,0,1.0,1.0,1.0,1.0,1.0
DeepSeek,examples,validated_paths5_thr0.8,AmazonHelp,Apologize,8,11,0,0,1.0,1.0,1.0,1.0,1.0
DeepSeek,examples,validated_paths5_thr0.8,AmazonHelp,Bad Support,2,16,1,1,0.6666666666666666,0.6666666666666666,0.6666666666666666,0.6078431372549019,0.803921568627451
DeepSeek,examples,validated_paths5_thr0.8,AmazonHelp,Delivery,5,13,0,2,1.0,0.7142857142857143,0.8333333333333333,0.7867957924694432,0.8571428571428572
DeepSeek,examples,validated_paths5_thr0.8,AmazonHelp,Echo,3,17,0,0,1.0,1.0,1.0,1.0,1.0
DeepSeek,examples,validated_paths5_thr0.8,AmazonHelp,Investigate Issue,7,9,2,1,0.7777777777777778,0.875,0.823529411764706,0.6854365268376295,0.8465909090909092
DeepSeek,examples,validated_paths5_thr0.8,AmazonHelp,Kindle,0,20,0,0,0.0,0.0,0.0,0.0,0.5
DeepSeek,examples,validated_paths5_thr0.8,AmazonHelp,Order Cancellation,1,19,0,0,1.0,1.0,1.0,1.0,1.0
DeepSeek,examples,validated_paths5_thr0.8,AmazonHelp,Packaging,1,19,0,0,1.0,1.0,1.0,1.0,1.0
DeepSeek,examples,validated_paths5_thr0.8,AmazonHelp,Prime,7,13,0,0,1.0,1.0,1.0,1.0,1.0
DeepSeek,examples,validated_paths5_thr0.8,AmazonHelp,Provide URL,13,6,0,0,1.0,1.0,1.0,1.0,1.0
DeepSeek,examples,validated_paths5_thr0.8,AmazonHelp,Provide delivery date,1,17,0,1,1.0,0.5,0.6666666666666666,0.6871842709362768,0.75
DeepSeek,examples,validated_paths5_thr0.8,AmazonHelp,Refer to specialist team,2,17,0,0,1.0,1.0,1.0,1.0,1.0
DeepSeek,examples,validated_paths5_thr0.8,AmazonHelp,Refund,0,20,0,0,0.0,0.0,0.0,0.0,0.5
DeepSeek,examples,validated_paths5_thr0.8,AmazonHelp,Replacement,0,20,0,0,0.0,0.0,0.0,0.0,0.5
DeepSeek,examples,validated_paths5_thr0.8,AmazonHelp,Request to call by phone,3,16,0,0,1.0,1.0,1.0,1.0,1.0
DeepSeek,examples,validated_paths5_thr0.8,AmazonHelp,Request to not send personal details,1,18,0,0,1.0,1.0,1.0,1.0,1.0
DeepSeek,examples,validated_paths5_thr0.8,AmazonHelp,Request to reach out by chat,2,17,0,0,1.0,1.0,1.0,1.0,1.0
DeepSeek,examples,validated_paths5_thr0.8,AmazonHelp,Return,2,18,0,0,1.0,1.0,1.0,1.0,1.0
DeepSeek,examples,validated_paths5_thr0.8,AppleSupport,Battery,5,24,1,1,0.8333333333333334,0.8333333333333334,0.8333333333333334,0.7933333333333333,0.8966666666666667
DeepSeek,examples,validated_paths5_thr0.8,AppleSupport,Investigate issue,11,7,4,5,0.7333333333333333,0.6875,0.7096774193548386,0.32024493467004,0.6619318181818181
DeepSeek,examples,validated_paths5_thr0.8,AppleSupport,Mac,3,27,1,0,0.75,1.0,0.8571428571428571,0.8504200642707612,0.9821428571428572
DeepSeek,examples,validated_paths5_thr0.8,AppleSupport,Provide URL,15,11,0,1,1.0,0.9375,0.967741935483871,0.9270248108869579,0.96875
DeepSeek,examples,validated_paths5_thr0.8,AppleSupport,Provide device model,6,24,1,0,0.8571428571428571,1.0,0.923076923076923,0.9071147352221454,0.98
DeepSeek,examples,validated_paths5_thr0.8,AppleSupport,Provide system version,10,21,0,0,1.0,1.0,1.0,1.0,1.0
DeepSeek,examples,validated_paths5_thr0.8,AppleSupport,Recommend backing up,0,27,0,0,0.0,0.0,0.0,0.0,0.5
DeepSeek,examples,validated_paths5_thr0.8,AppleSupport,Recommend updating,0,27,0,0,0.0,0.0,0.0,0.0,0.5
DeepSeek,examples,validated_paths5_thr0.8,AppleSupport,Refer to specialist team,0,27,0,0,0.0,0.0,0.0,0.0,0.5
DeepSeek,examples,validated_paths5_thr0.8,AppleSupport,Refund,2,29,0,0,1.0,1.0,1.0,1.0,1.0
DeepSeek,examples,validated_paths5_thr0.8,AppleSupport,Request DM,12,15,0,0,1.0,1.0,1.0,1.0,1.0
DeepSeek,examples,validated_paths5_thr0.8,AppleSupport,Request country,0,27,0,0,0.0,0.0,0.0,0.0,0.5
DeepSeek,examples,validated_paths5_thr0.8,AppleSupport,Request device model,3,24,0,0,1.0,1.0,1.0,1.0,1.0
DeepSeek,examples,validated_paths5_thr0.8,AppleSupport,Request device restart,1,26,0,0,1.0,1.0,1.0,1.0,1.0
DeepSeek,examples,validated_paths5_thr0.8,AppleSupport,Request iOS version,8,19,0,0,1.0,1.0,1.0,1.0,1.0
DeepSeek,examples,validated_paths5_thr0.8,AppleSupport,Restart device,3,27,1,0,0.75,1.0,0.8571428571428571,0.8504200642707612,0.9821428571428572
DeepSeek,examples,validated_paths5_thr0.8,AppleSupport,Software/App,8,18,3,2,0.7272727272727273,0.8,0.761904761904762,0.642034105174945,0.8285714285714285
DeepSeek,examples,validated_paths5_thr0.8,AppleSupport,TV,0,31,0,0,0.0,0.0,0.0,0.0,0.5
DeepSeek,examples,validated_paths5_thr0.8,AppleSupport,Unresponsive/Freezing Device,5,20,6,0,0.45454545454545453,1.0,0.625,0.5913123959890826,0.8846153846153846
DeepSeek,examples,validated_paths5_thr0.8,AppleSupport,Update,13,16,1,1,0.9285714285714286,0.9285714285714286,0.9285714285714286,0.8697478991596639,0.9348739495798319
DeepSeek,examples,validated_paths5_thr0.8,AppleSupport,iPad,0,31,0,0,0.0,0.0,0.0,0.0,0.5
DeepSeek,examples,validated_paths5_thr0.8,AppleSupport,iPhone,7,14,7,3,0.5,0.7,0.5833333333333334,0.3444233600968322,0.6833333333333333
DeepSeek,examples,validated_paths5_thr0.8,SpotifyCares,Account,5,26,3,1,0.625,0.8333333333333334,0.7142857142857143,0.6550918874579329,0.8649425287356323
DeepSeek,examples,validated_paths5_thr0.8,SpotifyCares,Advertisement,1,32,1,1,0.5,0.5,0.5,0.4696969696969697,0.7348484848484849
DeepSeek,examples,validated_paths5_thr0.8,SpotifyCares,App,6,22,4,3,0.6,0.6666666666666666,0.631578947368421,0.4961389383568338,0.7564102564102564
DeepSeek,examples,validated_paths5_thr0.8,SpotifyCares,Billing/Payment,7,27,1,0,0.875,1.0,0.9333333333333333,0.9185586535436918,0.9821428571428572
DeepSeek,examples,validated_paths5_thr0.8,SpotifyCares,Family Subscription,1,34,0,0,1.0,1.0,1.0,1.0,1.0
DeepSeek,examples,validated_paths5_thr0.8,SpotifyCares,Hulu,1,34,0,0,1.0,1.0,1.0,1.0,1.0
DeepSeek,examples,validated_paths5_thr0.8,SpotifyCares,Login,2,29,2,2,0.5,0.5,0.5,0.43548387096774194,0.717741935483871
DeepSeek,examples,validated_paths5_thr0.8,SpotifyCares,Logout,1,29,4,1,0.2,0.5,0.28571428571428575,0.251259453814803,0.6893939393939394
DeepSeek,examples,validated_paths5_thr0.8,SpotifyCares,Offer further help,4,20,4,0,0.5,1.0,0.6666666666666666,0.6454972243679028,0.9166666666666667
DeepSeek,examples,validated_paths5_thr0.8,SpotifyCares,Playlist,2,33,0,0,1.0,1.0,1.0,1.0,1.0
DeepSeek,examples,validated_paths5_thr0.8,SpotifyCares,Premium,1,31,2,1,0.3333333333333333,0.5,0.4,0.36432620803146437,0.7196969696969697
DeepSeek,examples,validated_paths5_thr0.8,SpotifyCares,Provide OS version,2,33,0,0,1.0,1.0,1.0,1.0,1.0
DeepSeek,examples,validated_paths5_thr0.8,SpotifyCares,Provide URL,11,15,0,2,1.0,0.8461538461538461,0.9166666666666666,0.8640638488223129,0.9230769230769231
DeepSeek,examples,validated_paths5_thr0.8,SpotifyCares,Provide device model,3,28,3,1,0.5,0.75,0.6,0.5514416337357292,0.8266129032258065
DeepSeek,examples,validated_paths5_thr0.8,SpotifyCares,Provide email address,0,35,0,0,0.0,0.0,0.0,0.0,0.5
DeepSeek,examples,validated_paths5_thr0.8,SpotifyCares,Provide error message,1,28,2,4,0.3333333333333333,0.2,0.25,0.16666666666666666,0.5666666666666667
DeepSeek,examples,validated_paths5_thr0.8,SpotifyCares,Provide spotify version,2,33,0,0,1.0,1.0,1.0,1.0,1.0
DeepSeek,examples,validated_paths5_thr0.8,SpotifyCares,Provide username,0,35,0,0,0.0,0.0,0.0,0.0,0.5
DeepSeek,examples,validated_paths5_thr0.8,SpotifyCares,Refer to specialist team,0,27,1,0,0.0,0.0,0.0,0.0,0.48214285714285715
DeepSeek,examples,validated_paths5_thr0.8,SpotifyCares,Reinstall the app,1,34,0,0,1.0,1.0,1.0,1.0,1.0
DeepSeek,examples,validated_paths5_thr0.8,SpotifyCares,Request DM,2,21,0,5,1.0,0.2857142857142857,0.4444444444444445,0.48038446141526137,0.6428571428571428
DeepSeek,examples,validated_paths5_thr0.8,SpotifyCares,Request OS version,3,25,0,0,1.0,1.0,1.0,1.0,1.0
DeepSeek,examples,validated_paths5_thr0.8,SpotifyCares,Request Spotify version,4,24,0,0,1.0,1.0,1.0,1.0,1.0
DeepSeek,examples,validated_paths5_thr0.8,SpotifyCares,Request device restart,3,25,0,0,1.0,1.0,1.0,1.0,1.0
DeepSeek,examples,validated_paths5_thr0.8,SpotifyCares,Request device version,4,24,0,0,1.0,1.0,1.0,1.0,1.0
DeepSeek,examples,validated_paths5_thr0.8,SpotifyCares,Request email address,5,22,0,1,1.0,0.8333333333333334,0.9090909090909091,0.8928053815224023,0.9166666666666667
DeepSeek,examples,validated_paths5_thr0.8,SpotifyCares,Request error message,3,25,0,0,1.0,1.0,1.0,1.0,1.0
DeepSeek,examples,validated_paths5_thr0.8,SpotifyCares,Request exact issue description,1,27,0,0,1.0,1.0,1.0,1.0,1.0
DeepSeek,examples,validated_paths5_thr0.8,SpotifyCares,Request login,3,25,0,0,1.0,1.0,1.0,1.0,1.0
DeepSeek,examples,validated_paths5_thr0.8,SpotifyCares,Request logout,3,25,0,0,1.0,1.0,1.0,1.0,1.0
DeepSeek,examples,validated_paths5_thr0.8,SpotifyCares,Request reinstall the app,2,26,0,0,1.0,1.0,1.0,1.0,1.0
DeepSeek,examples,validated_paths5_thr0.8,SpotifyCares,Request username,4,23,0,1,1.0,0.8,0.888888888888889,0.8755950357709131,0.9
DeepSeek,examples,validated_paths5_thr0.8,SpotifyCares,Restart device,1,31,2,1,0.3333333333333333,0.5,0.4,0.36432620803146437,0.7196969696969697
DeepSeek,examples,validated_paths5_thr0.8,SpotifyCares,Song/Artist,3,28,2,2,0.6,0.6,0.6,0.5333333333333333,0.7666666666666666
DeepSeek,examples,validated_paths5_thr0.8,SpotifyCares,Student Subscription,2,33,0,0,1.0,1.0,1.0,1.0,1.0
DeepSeek,full,raw_10call_majority,AmazonHelp,Account,2,18,0,0,1.0,1.0,1.0,1.0,1.0
DeepSeek,full,raw_10call_majority,AmazonHelp,Alexa,1,18,0,1,1.0,0.5,0.6666666666666666,0.6882472016116853,0.75
DeepSeek,full,raw_10call_majority,AmazonHelp,Apologize,6,9,2,2,0.75,0.75,0.75,0.5681818181818182,0.7840909090909092
DeepSeek,full,raw_10call_majority,AmazonHelp,Bad Support,2,15,2,1,0.5,0.6666666666666666,0.5714285714285715,0.4900980294098034,0.7745098039215685
DeepSeek,full,raw_10call_majority,AmazonHelp,Delivery,5,13,0,2,1.0,0.7142857142857143,0.8333333333333333,0.7867957924694432,0.8571428571428572
DeepSeek,full,raw_10call_majority,AmazonHelp,Echo,2,17,0,1,1.0,0.6666666666666666,0.8,0.7934920476158722,0.8333333333333333
DeepSeek,full,raw_10call_majority,AmazonHelp,Investigate Issue,5,9,2,3,0.7142857142857143,0.625,0.6666666666666666,0.45361105256925455,0.7215909090909092
DeepSeek,full,raw_10call_majority,AmazonHelp,Kindle,0,20,0,0,0.0,0.0,0.0,0.0,0.5
DeepSeek,full,raw_10call_majority,AmazonHelp,Order Cancellation,0,19,0,1,0.0,0.0,0.0,0.0,0.5
DeepSeek,full,raw_10call_majority,AmazonHelp,Packaging,0,19,0,1,0.0,0.0,0.0,0.0,0.5
DeepSeek,full,raw_10call_majority,AmazonHelp,Prime,3,13,0,4,1.0,0.42857142857142855,0.6,0.5724780279075999,0.7142857142857143
DeepSeek,full,raw_10call_majority,AmazonHelp,Provide URL,13,6,0,0,1.0,1.0,1.0,1.0,1.0
DeepSeek,full,raw_10call_majority,AmazonHelp,Provide delivery date,1,16,1,1,0.5,0.5,0.5,0.4411764705882353,0.7205882352941176
DeepSeek,full,raw_10call_majority,AmazonHelp,Refer to specialist team,2,17,0,0,1.0,1.0,1.0,1.0,1.0
DeepSeek,full,raw_10call_majority,AmazonHelp,Refund,0,20,0,0,0.0,0.0,0.0,0.0,0.5
DeepSeek,full,raw_10call_majority,AmazonHelp,Replacement,0,20,0,0,0.0,0.0,0.0,0.0,0.5
DeepSeek,full,raw_10call_majority,AmazonHelp,Request to call by phone,3,16,0,0,1.0,1.0,1.0,1.0,1.0
DeepSeek,full,raw_10call_majority,AmazonHelp,Request to not send personal details,1,18,0,0,1.0,1.0,1.0,1.0,1.0
DeepSeek,full,raw_10call_majority,AmazonHelp,Request to reach out by chat,2,17,0,0,1.0,1.0,1.0,1.0,1.0
DeepSeek,full,raw_10call_majority,AmazonHelp,Return,0,18,0,2,0.0,0.0,0.0,0.0,0.5
DeepSeek,full,raw_10call_majority,AppleSupport,Battery,6,24,1,0,0.8571428571428571,1.0,0.923076923076923,0.9071147352221454,0.98
DeepSeek,full,raw_10call_majority,AppleSupport,Investigate issue,2,10,1,14,0.6666666666666666,0.125,0.21052631578947367,0.05330017908890261,0.5170454545454546
DeepSeek,full,raw_10call_majority,AppleSupport,Mac,2,28,0,1,1.0,0.6666666666666666,0.8,0.802295557085754,0.8333333333333333
DeepSeek,full,raw_10call_majority,AppleSupport,Provide URL,14,11,0,2,1.0,0.875,0.9333333333333333,0.8604560508152728,0.9375
DeepSeek,full,raw_10call_majority,AppleSupport,Provide device model,5,24,1,1,0.8333333333333334,0.8333333333333334,0.8333333333333334,0.7933333333333333,0.8966666666666667
DeepSeek,full,raw_10call_majority,AppleSupport,Provide system version,9,21,0,1,1.0,0.9,0.9473684210526316,0.926871570979987,0.95
DeepSeek,full,raw_10call_majority,AppleSupport,Recommend backing up,0,27,0,0,0.0,0.0,0.0,0.0,0.5
DeepSeek,full,raw_10call_majority,AppleSupport,Recommend updating,0,27,0,0,0.0,0.0,0.0,0.0,0.5
DeepSeek,full,raw_10call_majority,AppleSupport,Refer to specialist team,0,27,0,0,0.0,0.0,0.0,0.0,0.5
DeepSeek,full,raw_10call_majority,AppleSupport,Refund,2,29,0,0,1.0,1.0,1.0,1.0,1.0
DeepSeek,full,raw_10call_majority,AppleSupport,Request DM,7,15,0,5,1.0,0.5833333333333334,0.7368421052631579,0.6614378277661477,0.7916666666666667
DeepSeek,full,raw_10call_majority,AppleSupport,Request country,0,27,0,0,0.0,0.0,0.0,0.0,0.5
DeepSeek,full,raw_10call_majority,AppleSupport,Request device model,2,24,0,1,1.0,0.6666666666666666,0.8,0.8,0.8333333333333333
DeepSeek,full,raw_10call_majority,AppleSupport,Request device restart,0,26,0,1,0.0,0.0,0.0,0.0,0.5
DeepSeek,full,raw_10call_majority,AppleSupport,Request iOS version,8,19,0,0,1.0,1.0,1.0,1.0,1.0
DeepSeek,full,raw_10call_majority,AppleSupport,Restart device,2,28,0,1,1.0,0.6666666666666666,0.8,0.802295557085754,0.8333333333333333
DeepSeek,full,raw_10call_majority,AppleSupport,Software/App,1,21,0,9,1.0,0.1,0.18181818181818182,0.2645751311064591,0.55
DeepSeek,full,raw_10call_majority,AppleSupport,TV,0,31,0,0,0.0,0.0,0.0,0.0,0.5
DeepSeek,full,raw_10call_majority,AppleSupport,Unresponsive/Freezing Device,4,21,5,1,0.4444444444444444,0.8,0.5714285714285714,0.4924054147377875,0.8038461538461539
DeepSeek,full,raw_10call_majority,AppleSupport,Update,7,16,1,7,0.875,0.5,0.6363636363636364,0.5017552311839513,0.7205882352941176
DeepSeek,full,raw_10call_majority,AppleSupport,iPad,0,31,0,0,0.0,0.0,0.0,0.0,0.5
DeepSeek,full,raw_10call_majority,AppleSupport,iPhone,10,11,10,0,0.5,1.0,0.6666666666666666,0.511766315719159,0.7619047619047619
DeepSeek,full,raw_10call_majority,SpotifyCares,Account,2,28,1,4,0.6666666666666666,0.3333333333333333,0.4444444444444444,0.4023398993836124,0.6494252873563219
DeepSeek,full,raw_10call_majority,SpotifyCares,Advertisement,1,33,0,1,1.0,0.5,0.6666666666666666,0.696630546019236,0.75
DeepSeek,full,raw_10call_majority,SpotifyCares,App,5,23,3,4,0.625,0.5555555555555556,0.5882352941176471,0.45814444005344374,0.7200854700854701
DeepSeek,full,raw_10call_majority,SpotifyCares,Billing/Payment,6,28,0,1,1.0,0.8571428571428571,0.923076923076923,0.909717652294684,0.9285714285714286
DeepSeek,full,raw_10call_majority,SpotifyCares,Family Subscription,1,34,0,0,1.0,1.0,1.0,1.0,1.0
DeepSeek,full,raw_10call_majority,SpotifyCares,Hulu,1,34,0,0,1.0,1.0,1.0,1.0,1.0
DeepSeek,full,raw_10call_majority,SpotifyCares,Login,0,31,0,4,0.0,0.0,0.0,0.0,0.5
DeepSeek,full,raw_10call_majority,SpotifyCares,Logout,1,33,0,1,1.0,0.5,0.6666666666666666,0.696630546019236,0.75
DeepSeek,full,raw_10call_majority,SpotifyCares,Offer further help,3,21,3,1,0.5,0.75,0.6,0.5330017908890261,0.8125
DeepSeek,full,raw_10call_majority,SpotifyCares,Playlist,2,33,0,0,1.0,1.0,1.0,1.0,1.0
DeepSeek,full,raw_10call_majority,SpotifyCares,Premium,2,32,1,0,0.6666666666666666,1.0,0.8,0.8040302522073697,0.9848484848484849
DeepSeek,full,raw_10call_majority,SpotifyCares,Provide OS version,2,32,1,0,0.6666666666666666,1.0,0.8,0.8040302522073697,0.9848484848484849
DeepSeek,full,raw_10call_majority,SpotifyCares,Provide URL,12,15,0,1,1.0,0.9230769230769231,0.9600000000000001,0.9302605094190635,0.9615384615384616
DeepSeek,full,raw_10call_majority,SpotifyCares,Provide device model,2,30,1,2,0.6666666666666666,0.5,0.5714285714285715,0.5315957919524057,0.7338709677419355
DeepSeek,full,raw_10call_majority,SpotifyCares,Provide email address,0,35,0,0,0.0,0.0,0.0,0.0,0.5
DeepSeek,full,raw_10call_majority,SpotifyCares,Provide error message,1,30,0,4,1.0,0.2,0.33333333333333337,0.420084025208403,0.6
DeepSeek,full,raw_10call_majority,SpotifyCares,Provide spotify version,1,33,0,1,1.0,0.5,0.6666666666666666,0.696630546019236,0.75
DeepSeek,full,raw_10call_majority,SpotifyCares,Provide username,0,35,0,0,0.0,0.0,0.0,0.0,0.5
DeepSeek,full,raw_10call_majority,SpotifyCares,Refer to specialist team,0,27,1,0,0.0,0.0,0.0,0.0,0.48214285714285715
DeepSeek,full,raw_10call_majority,SpotifyCares,Reinstall the app,1,34,0,0,1.0,1.0,1.0,1.0,1.0
DeepSeek,full,raw_10call_majority,SpotifyCares,Request DM,2,21,0,5,1.0,0.2857142857142857,0.4444444444444445,0.48038446141526137,0.6428571428571428
DeepSeek,full,raw_10call_majority,SpotifyCares,Request OS version,2,25,0,1,1.0,0.6666666666666666,0.8,0.8006407690254357,0.8333333333333333
DeepSeek,full,raw_10call_majority,SpotifyCares,Request Spotify version,4,24,0,0,1.0,1.0,1.0,1.0,1.0
DeepSeek,full,raw_10call_majority,SpotifyCares,Request device restart,3,24,1,0,0.75,1.0,0.8571428571428571,0.848528137423857,0.98
DeepSeek,full,raw_10call_majority,SpotifyCares,Request device version,4,24,0,0,1.0,1.0,1.0,1.0,1.0
DeepSeek,full,raw_10call_majority,SpotifyCares,Request email address,0,22,0,6,0.0,0.0,0.0,0.0,0.5
DeepSeek,full,raw_10call_majority,SpotifyCares,Request error message,3,25,0,0,1.0,1.0,1.0,1.0,1.0
DeepSeek,full,raw_10call_majority,SpotifyCares,Request exact issue description,1,27,0,0,1.0,1.0,1.0,1.0,1.0
DeepSeek,full,raw_10call_majority,SpotifyCares,Request login,2,25,0,1,1.0,0.6666666666666666,0.8,0.8006407690254357,0.8333333333333333
DeepSeek,full,raw_10call_majority,SpotifyCares,Request logout,3,25,0,0,1.0,1.0,1.0,1.0,1.0
DeepSeek,full,raw_10call_majority,SpotifyCares,Request reinstall the app,0,26,0,2,0.0,0.0,0.0,0.0,0.5
DeepSeek,full,raw_10call_majority,SpotifyCares,Request username,0,23,0,5,0.0,0.0,0.0,0.0,0.5
DeepSeek,full,raw_10call_majority,SpotifyCares,Restart device,0,33,0,2,0.0,0.0,0.0,0.0,0.5
DeepSeek,full,raw_10call_majority,SpotifyCares,Song/Artist,3,29,1,2,0.75,0.6,0.6666666666666665,0.6232502388407515,0.7833333333333333
DeepSeek,full,raw_10call_majority,SpotifyCares,Student Subscription,2,33,0,0,1.0,1.0,1.0,1.0,1.0
DeepSeek,full,raw_1call,AmazonHelp,Account,2,17,1,0,0.6666666666666666,1.0,0.8,0.7934920476158722,0.9722222222222222
DeepSeek,full,raw_1call,AmazonHelp,Alexa,1,17,1,1,0.5,0.5,0.5,0.4444444444444444,0.7222222222222222
DeepSeek,full,raw_1call,AmazonHelp,Apologize,5,10,1,3,0.8333333333333334,0.625,0.7142857142857143,0.5672953457626894,0.7670454545454546
DeepSeek,full,raw_1call,AmazonHelp,Bad Support,2,12,5,1,0.2857142857142857,0.6666666666666666,0.4,0.2788995520575487,0.6862745098039216
DeepSeek,full,raw_1call,AmazonHelp,Delivery,6,11,2,1,0.75,0.8571428571428571,0.7999999999999999,0.6847367880174606,0.8516483516483516
DeepSeek,full,raw_1call,AmazonHelp,Echo,3,17,0,0,1.0,1.0,1.0,1.0,1.0
DeepSeek,full,raw_1call,AmazonHelp,Investigate Issue,3,8,3,5,0.5,0.375,0.42857142857142855,0.1086310236566852,0.5511363636363636
DeepSeek,full,raw_1call,AmazonHelp,Kindle,0,20,0,0,0.0,0.0,0.0,0.0,0.5
DeepSeek,full,raw_1call,AmazonHelp,Order Cancellation,0,19,0,1,0.0,0.0,0.0,0.0,0.5
DeepSeek,full,raw_1call,AmazonHelp,Packaging,1,19,0,0,1.0,1.0,1.0,1.0,1.0
DeepSeek,full,raw_1call,AmazonHelp,Prime,5,13,0,2,1.0,0.7142857142857143,0.8333333333333333,0.7867957924694432,0.8571428571428572
DeepSeek,full,raw_1call,AmazonHelp,Provide URL,13,6,0,0,1.0,1.0,1.0,1.0,1.0
DeepSeek,full,raw_1call,AmazonHelp,Provide delivery date,1,16,1,1,0.5,0.5,0.5,0.4411764705882353,0.7205882352941176
DeepSeek,full,raw_1call,AmazonHelp,Refer to specialist team,2,17,0,0,1.0,1.0,1.0,1.0,1.0
DeepSeek,full,raw_1call,AmazonHelp,Refund,0,20,0,0,0.0,0.0,0.0,0.0,0.5
DeepSeek,full,raw_1call,AmazonHelp,Replacement,0,20,0,0,0.0,0.0,0.0,0.0,0.5
DeepSeek,full,raw_1call,AmazonHelp,Request to call by phone,3,16,0,0,1.0,1.0,1.0,1.0,1.0
DeepSeek,full,raw_1call,AmazonHelp,Request to not send personal details,1,18,0,0,1.0,1.0,1.0,1.0,1.0
DeepSeek,full,raw_1call,AmazonHelp,Request to reach out by chat,2,17,0,0,1.0,1.0,1.0,1.0,1.0
DeepSeek,full,raw_1call,AmazonHelp,Return,2,18,0,0,1.0,1.0,1.0,1.0,1.0
DeepSeek,full,raw_1call,AppleSupport,Battery,5,24,1,1,0.8333333333333334,0.8333333333333334,0.8333333333333334,0.7933333333333333,0.8966666666666667
DeepSeek,full,raw_1call,AppleSupport,Investigate issue,3,11,0,13,1.0,0.1875,0.3157894736842105,0.29315098498896436,0.59375
DeepSeek,full,raw_1call,AppleSupport,Mac,1,27,1,2,0.5,0.3333333333333333,0.4,0.358167659413283,0.6488095238095238
DeepSeek,full,raw_1call,AppleSupport,Provide URL,13,11,0,3,1.0,0.8125,0.896551724137931,0.7989949043284676,0.90625
DeepSeek,full,raw_1call,AppleSupport,Provide device model,3,21,4,3,0.42857142857142855,0.5,0.4615384615384615,0.32126980205784317,0.6699999999999999
DeepSeek,full,raw_1call,AppleSupport,Provide system version,7,21,0,3,1.0,0.7,0.8235294117647058,0.7826237921249264,0.85
DeepSeek,full,raw_1call,AppleSupport,Recommend backing up,0,27,0,0,0.0,0.0,0.0,0.0,0.5
DeepSeek,full,raw_1call,AppleSupport,Recommend updating,0,27,0,0,0.0,0.0,0.0,0.0,0.5
DeepSeek,full,raw_1call,AppleSupport,Refer to specialist team,0,26,1,0,0.0,0.0,0.0,0.0,0.48148148148148145
DeepSeek,full,raw_1call,AppleSupport,Refund,2,29,0,0,1.0,1.0,1.0,1.0,1.0
DeepSeek,full,raw_1call,AppleSupport,Request DM,6,15,0,6,1.0,0.5,0.6666666666666666,0.5976143046671969,0.75
DeepSeek,full,raw_1call,AppleSupport,Request country,0,27,0,0,0.0,0.0,0.0,0.0,0.5
DeepSeek,full,raw_1call,AppleSupport,Request device model,1,24,0,2,1.0,0.3333333333333333,0.5,0.554700196225229,0.6666666666666666
DeepSeek,full,raw_1call,AppleSupport,Request device restart,0,26,0,1,0.0,0.0,0.0,0.0,0.5
DeepSeek,full,raw_1call,AppleSupport,Request iOS version,6,19,0,2,1.0,0.75,0.8571428571428571,0.823754471047914,0.875
DeepSeek,full,raw_1call,AppleSupport,Restart device,2,28,0,1,1.0,0.6666666666666666,0.8,0.802295557085754,0.8333333333333333
DeepSeek,full,raw_1call,AppleSupport,Software/App,0,20,1,10,0.0,0.0,0.0,-0.12598815766974242,0.47619047619047616
DeepSeek,full,raw_1call,AppleSupport,TV,0,31,0,0,0.0,0.0,0.0,0.0,0.5
DeepSeek,full,raw_1call,AppleSupport,Unresponsive/Freezing Device,4,18,8,1,0.3333333333333333,0.8,0.47058823529411764,0.3717413521905722,0.7461538461538462
DeepSeek,full,raw_1call,AppleSupport,Update,8,16,1,6,0.8888888888888888,0.5714285714285714,0.6956521739130435,0.5620031593698284,0.7563025210084033
DeepSeek,full,raw_1call,AppleSupport,iPad,0,31,0,0,0.0,0.0,0.0,0.0,0.5
DeepSeek,full,raw_1call,AppleSupport,iPhone,10,13,8,0,0.5555555555555556,1.0,0.7142857142857143,0.5864429587908307,0.8095238095238095
DeepSeek,full,raw_1call,SpotifyCares,Account,1,26,3,5,0.25,0.16666666666666666,0.2,0.07488713544559286,0.5316091954022989
DeepSeek,full,raw_1call,SpotifyCares,Advertisement,2,33,0,0,1.0,1.0,1.0,1.0,1.0
DeepSeek,full,raw_1call,SpotifyCares,App,4,22,4,5,0.5,0.4444444444444444,0.47058823529411764,0.30246429052072016,0.6452991452991452
DeepSeek,full,raw_1call,SpotifyCares,Billing/Payment,4,28,0,3,1.0,0.5714285714285714,0.7272727272727273,0.7184212081070996,0.7857142857142857
DeepSeek,full,raw_1call,SpotifyCares,Family Subscription,1,34,0,0,1.0,1.0,1.0,1.0,1.0
DeepSeek,full,raw_1call,SpotifyCares,Hulu,0,34,0,1,0.0,0.0,0.0,0.0,0.5
DeepSeek,full,raw_1call,SpotifyCares,Login,1,31,0,3,1.0,0.25,0.4,0.47743185531611554,0.625
DeepSeek,full,raw_1call,SpotifyCares,Logout,1,32,1,1,0.5,0.5,0.5,0.4696969696969697,0.7348484848484849
DeepSeek,full,raw_1call,SpotifyCares,Offer further help,2,22,2,2,0.5,0.5,0.5,0.4166666666666667,0.7083333333333333
DeepSeek,full,raw_1call,SpotifyCares,Playlist,2,33,0,0,1.0,1.0,1.0,1.0,1.0
DeepSeek,full,raw_1call,SpotifyCares,Premium,2,32,1,0,0.6666666666666666,1.0,0.8,0.8040302522073697,0.9848484848484849
DeepSeek,full,raw_1call,SpotifyCares,Provide OS version,1,31,2,1,0.3333333333333333,0.5,0.4,0.36432620803146437,0.7196969696969697
DeepSeek,full,raw_1call,SpotifyCares,Provide URL,10,15,0,3,1.0,0.7692307692307693,0.8695652173913044,0.8006407690254357,0.8846153846153846
DeepSeek,full,raw_1call,SpotifyCares,Provide device model,2,29,2,2,0.5,0.5,0.5,0.43548387096774194,0.717741935483871
DeepSeek,full,raw_1call,SpotifyCares,Provide email address,0,35,0,0,0.0,0.0,0.0,0.0,0.5
DeepSeek,full,raw_1call,SpotifyCares,Provide error message,1,30,0,4,1.0,0.2,0.33333333333333337,0.420084025208403,0.6
DeepSeek,full,raw_1call,SpotifyCares,Provide spotify version,1,33,0,1,1.0,0.5,0.6666666666666666,0.696630546019236,0.75
DeepSeek,full,raw_1call,SpotifyCares,Provide username,0,35,0,0,0.0,0.0,0.0,0.0,0.5
DeepSeek,full,raw_1call,SpotifyCares,Refer to specialist team,0,27,1,0,0.0,0.0,0.0,0.0,0.48214285714285715
DeepSeek,full,raw_1call,SpotifyCares,Reinstall the app,1,34,0,0,1.0,1.0,1.0,1.0,1.0
DeepSeek,full,raw_1call,SpotifyCares,Request DM,3,21,0,4,1.0,0.42857142857142855,0.6,0.6,0.7142857142857143
DeepSeek,full,raw_1call,SpotifyCares,Request OS version,1,25,0,2,1.0,0.3333333333333333,0.5,0.5555555555555556,0.6666666666666666
DeepSeek,full,raw_1call,SpotifyCares,Request Spotify version,3,24,0,1,1.0,0.75,0.8571428571428571,0.848528137423857,0.875
DeepSeek,full,raw_1call,SpotifyCares,Request device restart,3,24,1,0,0.75,1.0,0.8571428571428571,0.848528137423857,0.98
DeepSeek,full,raw_1call,SpotifyCares,Request device version,2,24,0,2,1.0,0.5,0.6666666666666666,0.6793662204867574,0.75
DeepSeek,full,raw_1call,SpotifyCares,Request email address,0,22,0,6,0.0,0.0,0.0,0.0,0.5
DeepSeek,full,raw_1call,SpotifyCares,Request error message,3,25,0,0,1.0,1.0,1.0,1.0,1.0
DeepSeek,full,raw_1call,SpotifyCares,Request exact issue description,1,25,2,0,0.3333333333333333,1.0,0.5,0.5555555555555556,0.962962962962963
DeepSeek,full,raw_1call,SpotifyCares,Request login,2,25,0,1,1.0,0.6666666666666666,0.8,0.8006407690254357,0.8333333333333333
DeepSeek,full,raw_1call,SpotifyCares,Request logout,3,25,0,0,1.0,1.0,1.0,1.0,1.0
DeepSeek,full,raw_1call,SpotifyCares,Request reinstall the app,0,26,0,2,0.0,0.0,0.0,0.0,0.5
DeepSeek,full,raw_1call,SpotifyCares,Request username,0,23,0,5,0.0,0.0,0.0,0.0,0.5
DeepSeek,full,raw_1call,SpotifyCares,Restart device,1,32,1,1,0.5,0.5,0.5,0.4696969696969697,0.7348484848484849
DeepSeek,full,raw_1call,SpotifyCares,Song/Artist,2,28,2,3,0.5,0.4,0.4444444444444445,0.3666177875533832,0.6666666666666667
DeepSeek,full,raw_1call,SpotifyCares,Student Subscription,2,33,0,0,1.0,1.0,1.0,1.0,1.0
DeepSeek,full,validated_paths10_thr0.5,AmazonHelp,Account,2,18,0,0,1.0,1.0,1.0,1.0,1.0
DeepSeek,full,validated_paths10_thr0.5,AmazonHelp,Alexa,2,18,0,0,1.0,1.0,1.0,1.0,1.0
DeepSeek,full,validated_paths10_thr0.5,AmazonHelp,Apologize,8,9,2,0,0.8,1.0,0.888888888888889,0.8090398349558905,0.9090909090909092
DeepSeek,full,validated_paths10_thr0.5,AmazonHelp,Bad Support,2,14,3,1,0.4,0.6666666666666666,0.5,0.40422604172722165,0.7450980392156863
DeepSeek,full,validated_paths10_thr0.5,AmazonHelp,Delivery,6,11,2,1,0.75,0.8571428571428571,0.7999999999999999,0.6847367880174606,0.8516483516483516
DeepSeek,full,validated_paths10_thr0.5,AmazonHelp,Echo,3,17,0,0,1.0,1.0,1.0,1.0,1.0
DeepSeek,full,validated_paths10_thr0.5,AmazonHelp,Investigate Issue,7,9,2,1,0.7777777777777778,0.875,0.823529411764706,0.6854365268376295,0.8465909090909092
DeepSeek,full,validated_paths10_thr0.5,AmazonHelp,Kindle,0,20,0,0,0.0,0.0,0.0,0.0,0.5
DeepSeek,full,validated_paths10_thr0.5,AmazonHelp,Order Cancellation,1,19,0,0,1.0,1.0,1.0,1.0,1.0
DeepSeek,full,validated_paths10_thr0.5,AmazonHelp,Packaging,1,19,0,0,1.0,1.0,1.0,1.0,1.0
DeepSeek,full,validated_paths10_thr0.5,AmazonHelp,Prime,7,13,0,0,1.0,1.0,1.0,1.0,1.0
DeepSeek,full,validated_paths10_thr0.5,AmazonHelp,Provide URL,13,6,0,0,1.0,1.0,1.0,1.0,1.0
DeepSeek,full,validated_paths10_thr0.5,AmazonHelp,Provide delivery date,2,16,1,0,0.6666666666666666,1.0,0.8,0.7921180343813395,0.9705882352941176
DeepSeek,full,validated_paths10_thr0.5,AmazonHelp,Refer to specialist team,2,17,0,0,1.0,1.0,1.0,1.0,1.0
DeepSeek,full,validated_paths10_thr0.5,AmazonHelp,Refund,0,20,0,0,0.0,0.0,0.0,0.0,0.5
DeepSeek,full,validated_paths10_thr0.5,AmazonHelp,Replacement,0,20,0,0,0.0,0.0,0.0,0.0,0.5
DeepSeek,full,validated_paths10_thr0.5,AmazonHelp,Request to call by phone,3,16,0,0,1.0,1.0,1.0,1.0,1.0
DeepSeek,full,validated_paths10_thr0.5,AmazonHelp,Request to not send personal details,1,18,0,0,1.0,1.0,1.0,1.0,1.0
DeepSeek,full,validated_paths10_thr0.5,AmazonHelp,Request to reach out by chat,2,17,0,0,1.0,1.0,1.0,1.0,1.0
DeepSeek,full,validated_paths10_thr0.5,AmazonHelp,Return,2,18,0,0,1.0,1.0,1.0,1.0,1.0
DeepSeek,full,validated_paths10_thr0.5,AppleSupport,Battery,6,24,1,0,0.8571428571428571,1.0,0.923076923076923,0.9071147352221454,0.98
DeepSeek,full,validated_paths10_thr0.5,AppleSupport,Investigate issue,12,7,4,4,0.75,0.75,0.75,0.38636363636363635,0.6931818181818181
DeepSeek,full,validated_paths10_thr0.5,AppleSupport,Mac,3,27,1,0,0.75,1.0,0.8571428571428571,0.8504200642707612,0.9821428571428572
DeepSeek,full,validated_paths10_thr0.5,AppleSupport,Provide URL,16,11,0,0,1.0,1.0,1.0,1.0,1.0
DeepSeek,full,validated_paths10_thr0.5,AppleSupport,Provide device model,6,23,2,0,0.75,1.0,0.8571428571428571,0.8306623862918076,0.96
DeepSeek,full,validated_paths10_thr0.5,AppleSupport,Provide system version,10,21,0,0,1.0,1.0,1.0,1.0,1.0
DeepSeek,full,validated_paths10_thr0.5,AppleSupport,Recommend backing up,0,27,0,0,0.0,0.0,0.0,0.0,0.5
DeepSeek,full,validated_paths10_thr0.5,AppleSupport,Recommend updating,0,27,0,0,0.0,0.0,0.0,0.0,0.5
DeepSeek,full,validated_paths10_thr0.5,AppleSupport,Refer to specialist team,0,27,0,0,0.0,0.0,0.0,0.0,0.5
DeepSeek,full,validated_paths10_thr0.5,AppleSupport,Refund,2,29,0,0,1.0,1.0,1.0,1.0,1.0
DeepSeek,full,validated_paths10_thr0.5,AppleSupport,Request DM,12,15,0,0,1.0,1.0,1.0,1.0,1.0
DeepSeek,full,validated_paths10_thr0.5,AppleSupport,Request country,0,27,0,0,0.0,0.0,0.0,0.0,0.5
DeepSeek,full,validated_paths10_thr0.5,AppleSupport,Request device model,3,24,0,0,1.0,1.0,1.0,1.0,1.0
DeepSeek,full,validated_paths10_thr0.5,AppleSupport,Request device restart,1,26,0,0,1.0,1.0,1.0,1.0,1.0
DeepSeek,full,validated_paths10_thr0.5,AppleSupport,Request iOS version,8,19,0,0,1.0,1.0,1.0,1.0,1.0
DeepSeek,full,validated_paths10_thr0.5,AppleSupport,Restart device,2,27,1,1,0.6666666666666666,0.6666666666666666,0.6666666666666666,0.6309523809523809,0.8154761904761905
DeepSeek,full,validated_paths10_thr0.5,AppleSupport,Software/App,6,20,1,4,0.8571428571428571,0.6,0.7058823529411764,0.6175806794999419,0.7761904761904761
DeepSeek,full,validated_paths10_thr0.5,AppleSupport,TV,0,31,0,0,0.0,0.0,0.0,0.0,0.5
DeepSeek,full,validated_paths10_thr0.5,AppleSupport,Unresponsive/Freezing Device,5,20,6,0,0.45454545454545453,1.0,0.625,0.5913123959890826,0.8846153846153846
DeepSeek,full,validated_paths10_thr0.5,AppleSupport,Update,12,16,1,2,0.9230769230769231,0.8571428571428571,0.888888888888889,0.805113657286459,0.8991596638655461
DeepSeek,full,validated_paths10_thr0.5,AppleSupport,iPad,0,31,0,0,0.0,0.0,0.0,0.0,0.5
DeepSeek,full,validated_paths10_thr0.5,AppleSupport,iPhone,10,10,11,0,0.47619047619047616,1.0,0.6451612903225806,0.47619047619047616,0.7380952380952381
DeepSeek,full,validated_paths10_thr0.5,SpotifyCares,Account,6,27,2,0,0.75,1.0,0.8571428571428571,0.8356290217967334,0.9655172413793103
DeepSeek,full,validated_paths10_thr0.5,SpotifyCares,Advertisement,2,32,1,0,0.6666666666666666,1.0,0.8,0.8040302522073697,0.9848484848484849
DeepSeek,full,validated_paths10_thr0.5,SpotifyCares,App,7,21,5,2,0.5833333333333334,0.7777777777777778,0.6666666666666666,0.5390860546419528,0.7927350427350428
DeepSeek,full,validated_paths10_thr0.5,SpotifyCares,Billing/Payment,6,27,1,1,0.8571428571428571,0.8571428571428571,0.8571428571428571,0.8214285714285714,0.9107142857142857
DeepSeek,full,validated_paths10_thr0.5,SpotifyCares,Family Subscription,1,34,0,0,1.0,1.0,1.0,1.0,1.0
DeepSeek,full,validated_paths10_thr0.5,SpotifyCares,Hulu,1,34,0,0,1.0,1.0,1.0,1.0,1.0
DeepSeek,full,validated_paths10_thr0.5,SpotifyCares,Login,4,31,0,0,1.0,1.0,1.0,1.0,1.0
DeepSeek,full,validated_paths10_thr0.5,SpotifyCares,Logout,2,31,2,0,0.5,1.0,0.6666666666666666,0.6853444168423419,0.9696969696969697
DeepSeek,full,validated_paths10_thr0.5,SpotifyCares,Offer further help,4,21,3,0,0.5714285714285714,1.0,0.7272727272727273,0.7071067811865476,0.9375
DeepSeek,full,validated_paths10_thr0.5,SpotifyCares,Playlist,2,33,0,0,1.0,1.0,1.0,1.0,1.0
DeepSeek,full,validated_paths10_thr0.5,SpotifyCares,Premium,2,31,2,0,0.5,1.0,0.6666666666666666,0.6853444168423419,0.9696969696969697
DeepSeek,full,validated_paths10_thr0.5,SpotifyCares,Provide OS version,2,32,1,0,0.6666666666666666,1.0,0.8,0.8040302522073697,0.9848484848484849
DeepSeek,full,validated_paths10_thr0.5,SpotifyCares,Provide URL,12,15,0,1,1.0,0.9230769230769231,0.9600000000000001,0.9302605094190635,0.9615384615384616
DeepSeek,full,validated_paths10_thr0.5,SpotifyCares,Provide device model,3,28,3,1,0.5,0.75,0.6,0.5514416337357292,0.8266129032258065
DeepSeek,full,validated_paths10_thr0.5,SpotifyCares,Provide email address,0,35,0,0,0.0,0.0,0.0,0.0,0.5
DeepSeek,full,validated_paths10_thr0.5,SpotifyCares,Provide error message,2,30,0,3,1.0,0.4,0.5714285714285715,0.6030226891555273,0.7
DeepSeek,full,validated_paths10_thr0.5,SpotifyCares,Provide spotify version,2,33,0,0,1.0,1.0,1.0,1.0,1.0
DeepSeek,full,validated_paths10_thr0.5,SpotifyCares,Provide username,0,35,0,0,0.0,0.0,0.0,0.0,0.5
DeepSeek,full,validated_paths10_thr0.5,SpotifyCares,Refer to specialist team,0,27,1,0,0.0,0.0,0.0,0.0,0.48214285714285715
DeepSeek,full,validated_paths10_thr0.5,SpotifyCares,Reinstall the app,1,34,0,0,1.0,1.0,1.0,1.0,1.0
DeepSeek,full,validated_paths10_thr0.5,SpotifyCares,Request DM,3,21,0,4,1.0,0.42857142857142855,0.6,0.6,0.7142857142857143
DeepSeek,full,validated_paths10_thr0.5,SpotifyCares,Request OS version,3,25,0,0,1.0,1.0,1.0,1.0,1.0
DeepSeek,full,validated_paths10_thr0.5,SpotifyCares,Request Spotify version,4,24,0,0,1.0,1.0,1.0,1.0,1.0
DeepSeek,full,validated_paths10_thr0.5,SpotifyCares,Request device restart,3,24,1,0,0.75,1.0,0.8571428571428571,0.848528137423857,0.98
DeepSeek,full,validated_paths10_thr0.5,SpotifyCares,Request device version,4,24,0,0,1.0,1.0,1.0,1.0,1.0
DeepSeek,full,validated_paths10_thr0.5,SpotifyCares,Request email address,5,22,0,1,1.0,0.8333333333333334,0.9090909090909091,0.8928053815224023,0.9166666666666667
DeepSeek,full,validated_paths10_thr0.5,SpotifyCares,Request error message,3,25,0,0,1.0,1.0,1.0,1.0,1.0
DeepSeek,full,validated_paths10_thr0.5,SpotifyCares,Request exact issue description,1,27,0,0,1.0,1.0,1.0,1.0,1.0
DeepSeek,full,validated_paths10_thr0.5,SpotifyCares,Request login,3,25,0,0,1.0,1.0,1.0,1.0,1.0
DeepSeek,full,validated_paths10_thr0.5,SpotifyCares,Request logout,3,25,0,0,1.0,1.0,1.0,1.0,1.0
DeepSeek,full,validated_paths10_thr0.5,SpotifyCares,Request reinstall the app,2,26,0,0,1.0,1.0,1.0,1.0,1.0
DeepSeek,full,validated_paths10_thr0.5,SpotifyCares,Request username,4,23,0,1,1.0,0.8,0.888888888888889,0.8755950357709131,0.9
DeepSeek,full,validated_paths10_thr0.5,SpotifyCares,Restart device,2,33,0,0,1.0,1.0,1.0,1.0,1.0
DeepSeek,full,validated_paths10_thr0.5,SpotifyCares,Song/Artist,4,28,2,1,0.6666666666666666,0.8,0.7272727272727272,0.6808829066491902,0.8666666666666667
DeepSeek,full,validated_paths10_thr0.5,SpotifyCares,Student Subscription,2,33,0,0,1.0,1.0,1.0,1.0,1.0
DeepSeek,full,validated_paths10_thr0.6,AmazonHelp,Account,2,18,0,0,1.0,1.0,1.0,1.0,1.0
DeepSeek,full,validated_paths10_thr0.6,AmazonHelp,Alexa,2,18,0,0,1.0,1.0,1.0,1.0,1.0
DeepSeek,full,validated_paths10_thr0.6,AmazonHelp,Apologize,8,10,1,0,0.8888888888888888,1.0,0.9411764705882353,0.8989331499509895,0.9545454545454546
DeepSeek,full,validated_paths10_thr0.6,AmazonHelp,Bad Support,2,15,2,1,0.5,0.6666666666666666,0.5714285714285715,0.4900980294098034,0.7745098039215685
DeepSeek,full,validated_paths10_thr0.6,AmazonHelp,Delivery,6,11,2,1,0.75,0.8571428571428571,0.7999999999999999,0.6847367880174606,0.8516483516483516
DeepSeek,full,validated_paths10_thr0.6,AmazonHelp,Echo,3,17,0,0,1.0,1.0,1.0,1.0,1.0
DeepSeek,full,validated_paths10_thr0.6,AmazonHelp,Investigate Issue,7,9,2,1,0.7777777777777778,0.875,0.823529411764706,0.6854365268376295,0.8465909090909092
DeepSeek,full,validated_paths10_thr0.6,AmazonHelp,Kindle,0,20,0,0,0.0,0.0,0.0,0.0,0.5
DeepSeek,full,validated_paths10_thr0.6,AmazonHelp,Order Cancellation,1,19,0,0,1.0,1.0,1.0,1.0,1.0
DeepSeek,full,validated_paths10_thr0.6,AmazonHelp,Packaging,1,19,0,0,1.0,1.0,1.0,1.0,1.0
DeepSeek,full,validated_paths10_thr0.6,AmazonHelp,Prime,7,13,0,0,1.0,1.0,1.0,1.0,1.0
DeepSeek,full,validated_paths10_thr0.6,AmazonHelp,Provide URL,13,6,0,0,1.0,1.0,1.0,1.0,1.0
DeepSeek,full,validated_paths10_thr0.6,AmazonHelp,Provide delivery date,1,16,1,1,0.5,0.5,0.5,0.4411764705882353,0.7205882352941176
DeepSeek,full,validated_paths10_thr0.6,AmazonHelp,Refer to specialist team,2,17,0,0,1.0,1.0,1.0,1.0,1.0
DeepSeek,full,validated_paths10_thr0.6,AmazonHelp,Refund,0,20,0,0,0.0,0.0,0.0,0.0,0.5
DeepSeek,full,validated_paths10_thr0.6,AmazonHelp,Replacement,0,20,0,0,0.0,0.0,0.0,0.0,0.5
DeepSeek,full,validated_paths10_thr0.6,AmazonHelp,Request to call by phone,3,16,0,0,1.0,1.0,1.0,1.0,1.0
DeepSeek,full,validated_paths10_thr0.6,AmazonHelp,Request to not send personal details,1,18,0,0,1.0,1.0,1.0,1.0,1.0
DeepSeek,full,validated_paths10_thr0.6,AmazonHelp,Request to reach out by chat,2,17,0,0,1.0,1.0,1.0,1.0,1.0
DeepSeek,full,validated_paths10_thr0.6,AmazonHelp,Return,2,18,0,0,1.0,1.0,1.0,1.0,1.0
DeepSeek,full,validated_paths10_thr0.6,AppleSupport,Battery,6,24,1,0,0.8571428571428571,1.0,0.923076923076923,0.9071147352221454,0.98
DeepSeek,full,validated_paths10_thr0.6,AppleSupport,Investigate issue,12,7,4,4,0.75,0.75,0.75,0.38636363636363635,0.6931818181818181
DeepSeek,full,validated_paths10_thr0.6,AppleSupport,Mac,3,27,1,0,0.75,1.0,0.8571428571428571,0.8504200642707612,0.9821428571428572
DeepSeek,full,validated_paths10_thr0.6,AppleSupport,Provide URL,16,11,0,0,1.0,1.0,1.0,1.0,1.0
DeepSeek,full,validated_paths10_thr0.6,AppleSupport,Provide device model,6,23,2,0,0.75,1.0,0.8571428571428571,0.8306623862918076,0.96
DeepSeek,full,validated_paths10_thr0.6,AppleSupport,Provide system version,10,21,0,0,1.0,1.0,1.0,1.0,1.0
DeepSeek,full,validated_paths10_thr0.6,AppleSupport,Recommend backing up,0,27,0,0,0.0,0.0,0.0,0.0,0.5
DeepSeek,full,validated_paths10_thr0.6,AppleSupport,Recommend updating,0,27,0,0,0.0,0.0,0.0,0.0,0.5
DeepSeek,full,validated_paths10_thr0.6,AppleSupport,Refer to specialist team,0,27,0,0,0.0,0.0,0.0,0.0,0.5
DeepSeek,full,validated_paths10_thr0.6,AppleSupport,Refund,2,29,0,0,1.0,1.0,1.0,1.0,1.0
DeepSeek,full,validated_paths10_thr0.6,AppleSupport,Request DM,12,15,0,0,1.0,1.0,1.0,1.0,1.0
DeepSeek,full,validated_paths10_thr0.6,AppleSupport,Request country,0,27,0,0,0.0,0.0,0.0,0.0,0.5
DeepSeek,full,validated_paths10_thr0.6,AppleSupport,Request device model,3,24,0,0,1.0,1.0,1.0,1.0,1.0
DeepSeek,full,validated_paths10_thr0.6,AppleSupport,Request device restart,1,26,0,0,1.0,1.0,1.0,1.0,1.0
DeepSeek,full,validated_paths10_thr0.6,AppleSupport,Request iOS version,8,19,0,0,1.0,1.0,1.0,1.0,1.0
DeepSeek,full,validated_paths10_thr0.6,AppleSupport,Restart device,2,27,1,1,0.6666666666666666,0.6666666666666666,0.6666666666666666,0.6309523809523809,0.8154761904761905
DeepSeek,full,validated_paths10_thr0.6,AppleSupport,Software/App,6,20,1,4,0.8571428571428571,0.6,0.7058823529411764,0.6175806794999419,0.7761904761904761
DeepSeek,full,validated_paths10_thr0.6,AppleSupport,TV,0,31,0,0,0.0,0.0,0.0,0.0,0.5
DeepSeek,full,validated_paths10_thr0.6,AppleSupport,Unresponsive/Freezing Device,5,20,6,0,0.45454545454545453,1.0,0.625,0.5913123959890826,0.8846153846153846
DeepSeek,full,validated_paths10_thr0.6,AppleSupport,Update,12,16,1,2,0.9230769230769231,0.8571428571428571,0.888888888888889,0.805113657286459,0.8991596638655461
DeepSeek,full,validated_paths10_thr0.6,AppleSupport,iPad,0,31,0,0,0.0,0.0,0.0,0.0,0.5
DeepSeek,full,validated_paths10_thr0.6,AppleSupport,iPhone,10,11,10,0,0.5,1.0,0.6666666666666666,0.511766315719159,0.7619047619047619
DeepSeek,full,validated_paths10_thr0.6,SpotifyCares,Account,6,27,2,0,0.75,1.0,0.8571428571428571,0.8356290217967334,0.9655172413793103
DeepSeek,full,validated_paths10_thr0.6,SpotifyCares,Advertisement,2,32,1,0,0.6666666666666666,1.0,0.8,0.8040302522073697,0.9848484848484849
DeepSeek,full,validated_paths10_thr0.6,SpotifyCares,App,7,21,5,2,0.5833333333333334,0.7777777777777778,0.6666666666666666,0.5390860546419528,0.7927350427350428
DeepSeek,full,validated_paths10_thr0.6,SpotifyCares,Billing/Payment,6,27,1,1,0.8571428571428571,0.8571428571428571,0.8571428571428571,0.8214285714285714,0.9107142857142857
DeepSeek,full,validated_paths10_thr0.6,SpotifyCares,Family Subscription,1,34,0,0,1.0,1.0,1.0,1.0,1.0
DeepSeek,full,validated_paths10_thr0.6,SpotifyCares,Hulu,1,34,0,0,1.0,1.0,1.0,1.0,1.0
DeepSeek,full,validated_paths10_thr0.6,SpotifyCares,Login,4,31,0,0,1.0,1.0,1.0,1.0,1.0
DeepSeek,full,validated_paths10_thr0.6,SpotifyCares,Logout,2,31,2,0,0.5,1.0,0.6666666666666666,0.6853444168423419,0.9696969696969697
DeepSeek,full,validated_paths10_thr0.6,SpotifyCares,Offer further help,4,21,3,0,0.5714285714285714,1.0,0.7272727272727273,0.7071067811865476,0.9375
DeepSeek,full,validated_paths10_thr0.6,SpotifyCares,Playlist,2,33,0,0,1.0,1.0,1.0,1.0,1.0
DeepSeek,full,validated_paths10_thr0.6,SpotifyCares,Premium,2,31,2,0,0.5,1.0,0.6666666666666666,0.6853444168423419,0.9696969696969697
DeepSeek,full,validated_paths10_thr0.6,SpotifyCares,Provide OS version,2,33,0,0,1.0,1.0,1.0,1.0,1.0
DeepSeek,full,validated_paths10_thr0.6,SpotifyCares,Provide URL,12,15,0,1,1.0,0.9230769230769231,0.9600000000000001,0.9302605094190635,0.9615384615384616
DeepSeek,full,validated_paths10_thr0.6,SpotifyCares,Provide device model,3,28,3,1,0.5,0.75,0.6,0.5514416337357292,0.8266129032258065
DeepSeek,full,validated_paths10_thr0.6,SpotifyCares,Provide email address,0,35,0,0,0.0,0.0,0.0,0.0,0.5
DeepSeek,full,validated_paths10_thr0.6,SpotifyCares,Provide error message,1,30,0,4,1.0,0.2,0.33333333333333337,0.420084025208403,0.6
DeepSeek,full,validated_paths10_thr0.6,SpotifyCares,Provide spotify version,2,33,0,0,1.0,1.0,1.0,1.0,1.0
DeepSeek,full,validated_paths10_thr0.6,SpotifyCares,Provide username,0,35,0,0,0.0,0.0,0.0,0.0,0.5
DeepSeek,full,validated_paths10_thr0.6,SpotifyCares,Refer to specialist team,0,27,1,0,0.0,0.0,0.0,0.0,0.48214285714285715
DeepSeek,full,validated_paths10_thr0.6,SpotifyCares,Reinstall the app,1,34,0,0,1.0,1.0,1.0,1.0,1.0
DeepSeek,full,validated_paths10_thr0.6,SpotifyCares,Request DM,3,21,0,4,1.0,0.42857142857142855,0.6,0.6,0.7142857142857143
DeepSeek,full,validated_paths10_thr0.6,SpotifyCares,Request OS version,3,25,0,0,1.0,1.0,1.0,1.0,1.0
DeepSeek,full,validated_paths10_thr0.6,SpotifyCares,Request Spotify version,4,24,0,0,1.0,1.0,1.0,1.0,1.0
DeepSeek,full,validated_paths10_thr0.6,SpotifyCares,Request device restart,3,24,1,0,0.75,1.0,0.8571428571428571,0.848528137423857,0.98
DeepSeek,full,validated_paths10_thr0.6,SpotifyCares,Request device version,4,24,0,0,1.0,1.0,1.0,1.0,1.0
DeepSeek,full,validated_paths10_thr0.6,SpotifyCares,Request email address,5,22,0,1,1.0,0.8333333333333334,0.9090909090909091,0.8928053815224023,0.9166666666666667
DeepSeek,full,validated_paths10_thr0.6,SpotifyCares,Request error message,3,25,0,0,1.0,1.0,1.0,1.0,1.0
DeepSeek,full,validated_paths10_thr0.6,SpotifyCares,Request exact issue description,1,27,0,0,1.0,1.0,1.0,1.0,1.0
DeepSeek,full,validated_paths10_thr0.6,SpotifyCares,Request login,3,25,0,0,1.0,1.0,1.0,1.0,1.0
DeepSeek,full,validated_paths10_thr0.6,SpotifyCares,Request logout,3,25,0,0,1.0,1.0,1.0,1.0,1.0
DeepSeek,full,validated_paths10_thr0.6,SpotifyCares,Request reinstall the app,2,26,0,0,1.0,1.0,1.0,1.0,1.0
DeepSeek,full,validated_paths10_thr0.6,SpotifyCares,Request username,4,23,0,1,1.0,0.8,0.888888888888889,0.8755950357709131,0.9
DeepSeek,full,validated_paths10_thr0.6,SpotifyCares,Restart device,2,33,0,0,1.0,1.0,1.0,1.0,1.0
DeepSeek,full,validated_paths10_thr0.6,SpotifyCares,Song/Artist,4,28,2,1,0.6666666666666666,0.8,0.7272727272727272,0.6808829066491902,0.8666666666666667
DeepSeek,full,validated_paths10_thr0.6,SpotifyCares,Student Subscription,2,33,0,0,1.0,1.0,1.0,1.0,1.0
DeepSeek,full,validated_paths10_thr0.7,AmazonHelp,Account,2,18,0,0,1.0,1.0,1.0,1.0,1.0
DeepSeek,full,validated_paths10_thr0.7,AmazonHelp,Alexa,2,18,0,0,1.0,1.0,1.0,1.0,1.0
DeepSeek,full,validated_paths10_thr0.7,AmazonHelp,Apologize,8,10,1,0,0.8888888888888888,1.0,0.9411764705882353,0.8989331499509895,0.9545454545454546
DeepSeek,full,validated_paths10_thr0.7,AmazonHelp,Bad Support,2,15,2,1,0.5,0.6666666666666666,0.5714285714285715,0.4900980294098034,0.7745098039215685
DeepSeek,full,validated_paths10_thr0.7,AmazonHelp,Delivery,6,11,2,1,0.75,0.8571428571428571,0.7999999999999999,0.6847367880174606,0.8516483516483516
DeepSeek,full,validated_paths10_thr0.7,AmazonHelp,Echo,3,17,0,0,1.0,1.0,1.0,1.0,1.0
DeepSeek,full,validated_paths10_thr0.7,AmazonHelp,Investigate Issue,7,9,2,1,0.7777777777777778,0.875,0.823529411764706,0.6854365268376295,0.8465909090909092
DeepSeek,full,validated_paths10_thr0.7,AmazonHelp,Kindle,0,20,0,0,0.0,0.0,0.0,0.0,0.5
DeepSeek,full,validated_paths10_thr0.7,AmazonHelp,Order Cancellation,1,19,0,0,1.0,1.0,1.0,1.0,1.0
DeepSeek,full,validated_paths10_thr0.7,AmazonHelp,Packaging,1,19,0,0,1.0,1.0,1.0,1.0,1.0
DeepSeek,full,validated_paths10_thr0.7,AmazonHelp,Prime,7,13,0,0,1.0,1.0,1.0,1.0,1.0
DeepSeek,full,validated_paths10_thr0.7,AmazonHelp,Provide URL,13,6,0,0,1.0,1.0,1.0,1.0,1.0
DeepSeek,full,validated_paths10_thr0.7,AmazonHelp,Provide delivery date,1,16,1,1,0.5,0.5,0.5,0.4411764705882353,0.7205882352941176
DeepSeek,full,validated_paths10_thr0.7,AmazonHelp,Refer to specialist team,2,17,0,0,1.0,1.0,1.0,1.0,1.0
DeepSeek,full,validated_paths10_thr0.7,AmazonHelp,Refund,0,20,0,0,0.0,0.0,0.0,0.0,0.5
DeepSeek,full,validated_paths10_thr0.7,AmazonHelp,Replacement,0,20,0,0,0.0,0.0,0.0,0.0,0.5
DeepSeek,full,validated_paths10_thr0.7,AmazonHelp,Request to call by phone,3,16,0,0,1.0,1.0,1.0,1.0,1.0
DeepSeek,full,validated_paths10_thr0.7,AmazonHelp,Request to not send personal details,1,18,0,0,1.0,1.0,1.0,1.0,1.0
DeepSeek,full,validated_paths10_thr0.7,AmazonHelp,Request to reach out by chat,2,17,0,0,1.0,1.0,1.0,1.0,1.0
DeepSeek,full,validated_paths10_thr0.7,AmazonHelp,Return,2,18,0,0,1.0,1.0,1.0,1.0,1.0
DeepSeek,full,validated_paths10_thr0.7,AppleSupport,Battery,6,24,1,0,0.8571428571428571,1.0,0.923076923076923,0.9071147352221454,0.98
DeepSeek,full,validated_paths10_thr0.7,AppleSupport,Investigate issue,12,7,4,4,0.75,0.75,0.75,0.38636363636363635,0.6931818181818181
DeepSeek,full,validated_paths10_thr0.7,AppleSupport,Mac,3,27,1,0,0.75,1.0,0.8571428571428571,0.8504200642707612,0.9821428571428572
DeepSeek,full,validated_paths10_thr0.7,AppleSupport,Provide URL,16,11,0,0,1.0,1.0,1.0,1.0,1.0
DeepSeek,full,validated_paths10_thr0.7,AppleSupport,Provide device model,6,23,2,0,0.75,1.0,0.8571428571428571,0.8306623862918076,0.96
DeepSeek,full,validated_paths10_thr0.7,AppleSupport,Provide system version,10,21,0,0,1.0,1.0,1.0,1.0,1.0
DeepSeek,full,validated_paths10_thr0.7,AppleSupport,Recommend backing up,0,27,0,0,0.0,0.0,0.0,0.0,0.5
DeepSeek,full,validated_paths10_thr0.7,AppleSupport,Recommend updating,0,27,0,0,0.0,0.0,0.0,0.0,0.5
DeepSeek,full,validated_paths10_thr0.7,AppleSupport,Refer to specialist team,0,27,0,0,0.0,0.0,0.0,0.0,0.5
DeepSeek,full,validated_paths10_thr0.7,AppleSupport,Refund,2,29,0,0,1.0,1.0,1.0,1.0,1.0
DeepSeek,full,validated_paths10_thr0.7,AppleSupport,Request DM,12,15,0,0,1.0,1.0,1.0,1.0,1.0
DeepSeek,full,validated_paths10_thr0.7,AppleSupport,Request country,0,27,0,0,0.0,0.0,0.0,0.0,0.5
DeepSeek,full,validated_paths10_thr0.7,AppleSupport,Request device model,3,24,0,0,1.0,1.0,1.0,1.0,1.0
DeepSeek,full,validated_paths10_thr0.7,AppleSupport,Request device restart,1,26,0,0,1.0,1.0,1.0,1.0,1.0
DeepSeek,full,validated_paths10_thr0.7,AppleSupport,Request iOS version,8,19,0,0,1.0,1.0,1.0,1.0,1.0
DeepSeek,full,validated_paths10_thr0.7,AppleSupport,Restart device,1,27,1,2,0.5,0.3333333333333333,0.4,0.358167659413283,0.6488095238095238
DeepSeek,full,validated_paths10_thr0.7,AppleSupport,Software/App,6,20,1,4,0.8571428571428571,0.6,0.7058823529411764,0.6175806794999419,0.7761904761904761
DeepSeek,full,validated_paths10_thr0.7,AppleSupport,TV,0,31,0,0,0.0,0.0,0.0,0.0,0.5
DeepSeek,full,validated_paths10_thr0.7,AppleSupport,Unresponsive/Freezing Device,5,20,6,0,0.45454545454545453,1.0,0.625,0.5913123959890826,0.8846153846153846
DeepSeek,full,validated_paths10_thr0.7,AppleSupport,Update,12,16,1,2,0.9230769230769231,0.8571428571428571,0.888888888888889,0.805113657286459,0.8991596638655461
DeepSeek,full,validated_paths10_thr0.7,AppleSupport,iPad,0,31,0,0,0.0,0.0,0.0,0.0,0.5
DeepSeek,full,validated_paths10_thr0.7,AppleSupport,iPhone,10,14,7,0,0.5882352941176471,1.0,0.7407407407407407,0.6262242910851495,0.8333333333333333
DeepSeek,full,validated_paths10_thr0.7,SpotifyCares,Account,6,27,2,0,0.75,1.0,0.8571428571428571,0.8356290217967334,0.9655172413793103
DeepSeek,full,validated_paths10_thr0.7,SpotifyCares,Advertisement,2,32,1,0,0.6666666666666666,1.0,0.8,0.8040302522073697,0.9848484848484849
DeepSeek,full,validated_paths10_thr0.7,SpotifyCares,App,7,21,5,2,0.5833333333333334,0.7777777777777778,0.6666666666666666,0.5390860546419528,0.7927350427350428
DeepSeek,full,validated_paths10_thr0.7,SpotifyCares,Billing/Payment,6,27,1,1,0.8571428571428571,0.8571428571428571,0.8571428571428571,0.8214285714285714,0.9107142857142857
DeepSeek,full,validated_paths10_thr0.7,SpotifyCares,Family Subscription,1,34,0,0,1.0,1.0,1.0,1.0,1.0
DeepSeek,full,validated_paths10_thr0.7,SpotifyCares,Hulu,1,34,0,0,1.0,1.0,1.0,1.0,1.0
DeepSeek,full,validated_paths10_thr0.7,SpotifyCares,Login,4,31,0,0,1.0,1.0,1.0,1.0,1.0
DeepSeek,full,validated_paths10_thr0.7,SpotifyCares,Logout,2,31,2,0,0.5,1.0,0.6666666666666666,0.6853444168423419,0.9696969696969697
DeepSeek,full,validated_paths10_thr0.7,SpotifyCares,Offer further help,4,21,3,0,0.5714285714285714,1.0,0.7272727272727273,0.7071067811865476,0.9375
DeepSeek,full,validated_paths10_thr0.7,SpotifyCares,Playlist,2,33,0,0,1.0,1.0,1.0,1.0,1.0
DeepSeek,full,validated_paths10_thr0.7,SpotifyCares,Premium,2,31,2,0,0.5,1.0,0.6666666666666666,0.6853444168423419,0.9696969696969697
DeepSeek,full,validated_paths10_thr0.7,SpotifyCares,Provide OS version,2,33,0,0,1.0,1.0,1.0,1.0,1.0
DeepSeek,full,validated_paths10_thr0.7,SpotifyCares,Provide URL,12,15,0,1,1.0,0.9230769230769231,0.9600000000000001,0.9302605094190635,0.9615384615384616
DeepSeek,full,validated_paths10_thr0.7,SpotifyCares,Provide device model,3,28,3,1,0.5,0.75,0.6,0.5514416337357292,0.8266129032258065
DeepSeek,full,validated_paths10_thr0.7,SpotifyCares,Provide email address,0,35,0,0,0.0,0.0,0.0,0.0,0.5
DeepSeek,full,validated_paths10_thr0.7,SpotifyCares,Provide error message,1,30,0,4,1.0,0.2,0.33333333333333337,0.420084025208403,0.6
DeepSeek,full,validated_paths10_thr0.7,SpotifyCares,Provide spotify version,2,33,0,0,1.0,1.0,1.0,1.0,1.0
DeepSeek,full,validated_paths10_thr0.7,SpotifyCares,Provide username,0,35,0,0,0.0,0.0,0.0,0.0,0.5
DeepSeek,full,validated_paths10_thr0.7,SpotifyCares,Refer to specialist team,0,27,1,0,0.0,0.0,0.0,0.0,0.48214285714285715
DeepSeek,full,validated_paths10_thr0.7,SpotifyCares,Reinstall the app,1,34,0,0,1.0,1.0,1.0,1.0,1.0
DeepSeek,full,validated_paths10_thr0.7,SpotifyCares,Request DM,3,21,0,4,1.0,0.42857142857142855,0.6,0.6,0.7142857142857143
DeepSeek,full,validated_paths10_thr0.7,SpotifyCares,Request OS version,3,25,0,0,1.0,1.0,1.0,1.0,1.0
DeepSeek,full,validated_paths10_thr0.7,SpotifyCares,Request Spotify version,4,24,0,0,1.0,1.0,1.0,1.0,1.0
DeepSeek,full,validated_paths10_thr0.7,SpotifyCares,Request device restart,3,24,1,0,0.75,1.0,0.8571428571428571,0.848528137423857,0.98
DeepSeek,full,validated_paths10_thr0.7,SpotifyCares,Request device version,4,24,0,0,1.0,1.0,1.0,1.0,1.0
DeepSeek,full,validated_paths10_thr0.7,SpotifyCares,Request email address,5,22,0,1,1.0,0.8333333333333334,0.9090909090909091,0.8928053815224023,0.9166666666666667
DeepSeek,full,validated_paths10_thr0.7,SpotifyCares,Request error message,3,25,0,0,1.0,1.0,1.0,1.0,1.0
DeepSeek,full,validated_paths10_thr0.7,SpotifyCares,Request exact issue description,1,27,0,0,1.0,1.0,1.0,1.0,1.0
DeepSeek,full,validated_paths10_thr0.7,SpotifyCares,Request login,3,25,0,0,1.0,1.0,1.0,1.0,1.0
DeepSeek,full,validated_paths10_thr0.7,SpotifyCares,Request logout,3,25,0,0,1.0,1.0,1.0,1.0,1.0
DeepSeek,full,validated_paths10_thr0.7,SpotifyCares,Request reinstall the app,2,26,0,0,1.0,1.0,1.0,1.0,1.0
DeepSeek,full,validated_paths10_thr0.7,SpotifyCares,Request username,4,23,0,1,1.0,0.8,0.888888888888889,0.8755950357709131,0.9
DeepSeek,full,validated_paths10_thr0.7,SpotifyCares,Restart device,2,33,0,0,1.0,1.0,1.0,1.0,1.0
DeepSeek,full,validated_paths10_thr0.7,SpotifyCares,Song/Artist,4,28,2,1,0.6666666666666666,0.8,0.7272727272727272,0.6808829066491902,0.8666666666666667
DeepSeek,full,validated_paths10_thr0.7,SpotifyCares,Student Subscription,2,33,0,0,1.0,1.0,1.0,1.0,1.0
DeepSeek,full,validated_paths10_thr0.8,AmazonHelp,Account,2,18,0,0,1.0,1.0,1.0,1.0,1.0
DeepSeek,full,validated_paths10_thr0.8,AmazonHelp,Alexa,2,18,0,0,1.0,1.0,1.0,1.0,1.0
DeepSeek,full,validated_paths10_thr0.8,AmazonHelp,Apologize,8,10,1,0,0.8888888888888888,1.0,0.9411764705882353,0.8989331499509895,0.9545454545454546
DeepSeek,full,validated_paths10_thr0.8,AmazonHelp,Bad Support,2,15,2,1,0.5,0.6666666666666666,0.5714285714285715,0.4900980294098034,0.7745098039215685
DeepSeek,full,validated_paths10_thr0.8,AmazonHelp,Delivery,6,11,2,1,0.75,0.8571428571428571,0.7999999999999999,0.6847367880174606,0.8516483516483516
DeepSeek,full,validated_paths10_thr0.8,AmazonHelp,Echo,3,17,0,0,1.0,1.0,1.0,1.0,1.0
DeepSeek,full,validated_paths10_thr0.8,AmazonHelp,Investigate Issue,7,9,2,1,0.7777777777777778,0.875,0.823529411764706,0.6854365268376295,0.8465909090909092
DeepSeek,full,validated_paths10_thr0.8,AmazonHelp,Kindle,0,20,0,0,0.0,0.0,0.0,0.0,0.5
DeepSeek,full,validated_paths10_thr0.8,AmazonHelp,Order Cancellation,1,19,0,0,1.0,1.0,1.0,1.0,1.0
DeepSeek,full,validated_paths10_thr0.8,AmazonHelp,Packaging,1,19,0,0,1.0,1.0,1.0,1.0,1.0
DeepSeek,full,validated_paths10_thr0.8,AmazonHelp,Prime,7,13,0,0,1.0,1.0,1.0,1.0,1.0
DeepSeek,full,validated_paths10_thr0.8,AmazonHelp,Provide URL,13,6,0,0,1.0,1.0,1.0,1.0,1.0
DeepSeek,full,validated_paths10_thr0.8,AmazonHelp,Provide delivery date,1,17,0,1,1.0,0.5,0.6666666666666666,0.6871842709362768,0.75
DeepSeek,full,validated_paths10_thr0.8,AmazonHelp,Refer to specialist team,2,17,0,0,1.0,1.0,1.0,1.0,1.0
DeepSeek,full,validated_paths10_thr0.8,AmazonHelp,Refund,0,20,0,0,0.0,0.0,0.0,0.0,0.5
DeepSeek,full,validated_paths10_thr0.8,AmazonHelp,Replacement,0,20,0,0,0.0,0.0,0.0,0.0,0.5
DeepSeek,full,validated_paths10_thr0.8,AmazonHelp,Request to call by phone,3,16,0,0,1.0,1.0,1.0,1.0,1.0
DeepSeek,full,validated_paths10_thr0.8,AmazonHelp,Request to not send personal details,1,18,0,0,1.0,1.0,1.0,1.0,1.0
DeepSeek,full,validated_paths10_thr0.8,AmazonHelp,Request to reach out by chat,2,17,0,0,1.0,1.0,1.0,1.0,1.0
DeepSeek,full,validated_paths10_thr0.8,AmazonHelp,Return,2,18,0,0,1.0,1.0,1.0,1.0,1.0
DeepSeek,full,validated_paths10_thr0.8,AppleSupport,Battery,6,24,1,0,0.8571428571428571,1.0,0.923076923076923,0.9071147352221454,0.98
DeepSeek,full,validated_paths10_thr0.8,AppleSupport,Investigate issue,12,7,4,4,0.75,0.75,0.75,0.38636363636363635,0.6931818181818181
DeepSeek,full,validated_paths10_thr0.8,AppleSupport,Mac,3,27,1,0,0.75,1.0,0.8571428571428571,0.8504200642707612,0.9821428571428572
DeepSeek,full,validated_paths10_thr0.8,AppleSupport,Provide URL,16,11,0,0,1.0,1.0,1.0,1.0,1.0
DeepSeek,full,validated_paths10_thr0.8,AppleSupport,Provide device model,6,23,2,0,0.75,1.0,0.8571428571428571,0.8306623862918076,0.96
DeepSeek,full,validated_paths10_thr0.8,AppleSupport,Provide system version,10,21,0,0,1.0,1.0,1.0,1.0,1.0
DeepSeek,full,validated_paths10_thr0.8,AppleSupport,Recommend backing up,0,27,0,0,0.0,0.0,0.0,0.0,0.5
DeepSeek,full,validated_paths10_thr0.8,AppleSupport,Recommend updating,0,27,0,0,0.0,0.0,0.0,0.0,0.5
DeepSeek,full,validated_paths10_thr0.8,AppleSupport,Refer to specialist team,0,27,0,0,0.0,0.0,0.0,0.0,0.5
DeepSeek,full,validated_paths10_thr0.8,AppleSupport,Refund,2,29,0,0,1.0,1.0,1.0,1.0,1.0
DeepSeek,full,validated_paths10_thr0.8,AppleSupport,Request DM,12,15,0,0,1.0,1.0,1.0,1.0,1.0
DeepSeek,full,validated_paths10_thr0.8,AppleSupport,Request country,0,27,0,0,0.0,0.0,0.0,0.0,0.5
DeepSeek,full,validated_paths10_thr0.8,AppleSupport,Request device model,3,24,0,0,1.0,1.0,1.0,1.0,1.0
DeepSeek,full,validated_paths10_thr0.8,AppleSupport,Request device restart,1,26,0,0,1.0,1.0,1.0,1.0,1.0
DeepSeek,full,validated_paths10_thr0.8,AppleSupport,Request iOS version,8,19,0,0,1.0,1.0,1.0,1.0,1.0
DeepSeek,full,validated_paths10_thr0.8,AppleSupport,Restart device,1,27,1,2,0.5,0.3333333333333333,0.4,0.358167659413283,0.6488095238095238
DeepSeek,full,validated_paths10_thr0.8,AppleSupport,Software/App,6,20,1,4,0.8571428571428571,0.6,0.7058823529411764,0.6175806794999419,0.7761904761904761
DeepSeek,full,validated_paths10_thr0.8,AppleSupport,TV,0,31,0,0,0.0,0.0,0.0,0.0,0.5
DeepSeek,full,validated_paths10_thr0.8,AppleSupport,Unresponsive/Freezing Device,5,21,5,0,0.5,1.0,0.6666666666666666,0.6354889093022426,0.9038461538461539
DeepSeek,full,validated_paths10_thr0.8,AppleSupport,Update,12,16,1,2,0.9230769230769231,0.8571428571428571,0.888888888888889,0.805113657286459,0.8991596638655461
DeepSeek,full,validated_paths10_thr0.8,AppleSupport,iPad,0,31,0,0,0.0,0.0,0.0,0.0,0.5
DeepSeek,full,validated_paths10_thr0.8,AppleSupport,iPhone,10,15,6,0,0.625,1.0,0.7692307692307693,0.6681531047810609,0.8571428571428572
DeepSeek,full,validated_paths10_thr0.8,SpotifyCares,Account,6,27,2,0,0.75,1.0,0.8571428571428571,0.8356290217967334,0.9655172413793103
DeepSeek,full,validated_paths10_thr0.8,SpotifyCares,Advertisement,2,32,1,0,0.6666666666666666,1.0,0.8,0.8040302522073697,0.9848484848484849
DeepSeek,full,validated_paths10_thr0.8,SpotifyCares,App,7,21,5,2,0.5833333333333334,0.7777777777777778,0.6666666666666666,0.5390860546419528,0.7927350427350428
DeepSeek,full,validated_paths10_thr0.8,SpotifyCares,Billing/Payment,6,27,1,1,0.8571428571428571,0.8571428571428571,0.8571428571428571,0.8214285714285714,0.9107142857142857
DeepSeek,full,validated_paths10_thr0.8,SpotifyCares,Family Subscription,1,34,0,0,1.0,1.0,1.0,1.0,1.0
DeepSeek,full,validated_paths10_thr0.8,SpotifyCares,Hulu,1,34,0,0,1.0,1.0,1.0,1.0,1.0
DeepSeek,full,validated_paths10_thr0.8,SpotifyCares,Login,4,31,0,0,1.0,1.0,1.0,1.0,1.0
DeepSeek,full,validated_paths10_thr0.8,SpotifyCares,Logout,2,31,2,0,0.5,1.0,0.6666666666666666,0.6853444168423419,0.9696969696969697
DeepSeek,full,validated_paths10_thr0.8,SpotifyCares,Offer further help,4,21,3,0,0.5714285714285714,1.0,0.7272727272727273,0.7071067811865476,0.9375
DeepSeek,full,validated_paths10_thr0.8,SpotifyCares,Playlist,2,33,0,0,1.0,1.0,1.0,1.0,1.0
DeepSeek,full,validated_paths10_thr0.8,SpotifyCares,Premium,2,31,2,0,0.5,1.0,0.6666666666666666,0.6853444168423419,0.9696969696969697
DeepSeek,full,validated_paths10_thr0.8,SpotifyCares,Provide OS version,2,33,0,0,1.0,1.0,1.0,1.0,1.0
DeepSeek,full,validated_paths10_thr0.8,SpotifyCares,Provide URL,11,15,0,2,1.0,0.8461538461538461,0.9166666666666666,0.8640638488223129,0.9230769230769231
DeepSeek,full,validated_paths10_thr0.8,SpotifyCares,Provide device model,3,28,3,1,0.5,0.75,0.6,0.5514416337357292,0.8266129032258065
DeepSeek,full,validated_paths10_thr0.8,SpotifyCares,Provide email address,0,35,0,0,0.0,0.0,0.0,0.0,0.5
DeepSeek,full,validated_paths10_thr0.8,SpotifyCares,Provide error message,1,30,0,4,1.0,0.2,0.33333333333333337,0.420084025208403,0.6
DeepSeek,full,validated_paths10_thr0.8,SpotifyCares,Provide spotify version,2,33,0,0,1.0,1.0,1.0,1.0,1.0
DeepSeek,full,validated_paths10_thr0.8,SpotifyCares,Provide username,0,35,0,0,0.0,0.0,0.0,0.0,0.5
DeepSeek,full,validated_paths10_thr0.8,SpotifyCares,Refer to specialist team,0,27,1,0,0.0,0.0,0.0,0.0,0.48214285714285715
DeepSeek,full,validated_paths10_thr0.8,SpotifyCares,Reinstall the app,1,34,0,0,1.0,1.0,1.0,1.0,1.0
DeepSeek,full,validated_paths10_thr0.8,SpotifyCares,Request DM,3,21,0,4,1.0,0.42857142857142855,0.6,0.6,0.7142857142857143
DeepSeek,full,validated_paths10_thr0.8,SpotifyCares,Request OS version,3,25,0,0,1.0,1.0,1.0,1.0,1.0
DeepSeek,full,validated_paths10_thr0.8,SpotifyCares,Request Spotify version,4,24,0,0,1.0,1.0,1.0,1.0,1.0
DeepSeek,full,validated_paths10_thr0.8,SpotifyCares,Request device restart,3,24,1,0,0.75,1.0,0.8571428571428571,0.848528137423857,0.98
DeepSeek,full,validated_paths10_thr0.8,SpotifyCares,Request device version,4,24,0,0,1.0,1.0,1.0,1.0,1.0
DeepSeek,full,validated_paths10_thr0.8,SpotifyCares,Request email address,5,22,0,1,1.0,0.8333333333333334,0.9090909090909091,0.8928053815224023,0.9166666666666667
DeepSeek,full,validated_paths10_thr0.8,SpotifyCares,Request error message,3,25,0,0,1.0,1.0,1.0,1.0,1.0
DeepSeek,full,validated_paths10_thr0.8,SpotifyCares,Request exact issue description,1,27,0,0,1.0,1.0,1.0,1.0,1.0
DeepSeek,full,validated_paths10_thr0.8,SpotifyCares,Request login,3,25,0,0,1.0,1.0,1.0,1.0,1.0
DeepSeek,full,validated_paths10_thr0.8,SpotifyCares,Request logout,3,25,0,0,1.0,1.0,1.0,1.0,1.0
DeepSeek,full,validated_paths10_thr0.8,SpotifyCares,Request reinstall the app,2,26,0,0,1.0,1.0,1.0,1.0,1.0
DeepSeek,full,validated_paths10_thr0.8,SpotifyCares,Request username,4,23,0,1,1.0,0.8,0.888888888888889,0.8755950357709131,0.9
DeepSeek,full,validated_paths10_thr0.8,SpotifyCares,Restart device,2,33,0,0,1.0,1.0,1.0,1.0,1.0
DeepSeek,full,validated_paths10_thr0.8,SpotifyCares,Song/Artist,4,28,2,1,0.6666666666666666,0.8,0.7272727272727272,0.6808829066491902,0.8666666666666667
DeepSeek,full,validated_paths10_thr0.8,SpotifyCares,Student Subscription,2,33,0,0,1.0,1.0,1.0,1.0,1.0
DeepSeek,full,validated_paths10_thr0.9,AmazonHelp,Account,2,18,0,0,1.0,1.0,1.0,1.0,1.0
DeepSeek,full,validated_paths10_thr0.9,AmazonHelp,Alexa,2,18,0,0,1.0,1.0,1.0,1.0,1.0
DeepSeek,full,validated_paths10_thr0.9,AmazonHelp,Apologize,8,10,1,0,0.8888888888888888,1.0,0.9411764705882353,0.8989331499509895,0.9545454545454546
DeepSeek,full,validated_paths10_thr0.9,AmazonHelp,Bad Support,2,15,2,1,0.5,0.6666666666666666,0.5714285714285715,0.4900980294098034,0.7745098039215685
DeepSeek,full,validated_paths10_thr0.9,AmazonHelp,Delivery,6,11,2,1,0.75,0.8571428571428571,0.7999999999999999,0.6847367880174606,0.8516483516483516
DeepSeek,full,validated_paths10_thr0.9,AmazonHelp,Echo,3,17,0,0,1.0,1.0,1.0,1.0,1.0
DeepSeek,full,validated_paths10_thr0.9,AmazonHelp,Investigate Issue,7,9,2,1,0.7777777777777778,0.875,0.823529411764706,0.6854365268376295,0.8465909090909092
DeepSeek,full,validated_paths10_thr0.9,AmazonHelp,Kindle,0,20,0,0,0.0,0.0,0.0,0.0,0.5
DeepSeek,full,validated_paths10_thr0.9,AmazonHelp,Order Cancellation,1,19,0,0,1.0,1.0,1.0,1.0,1.0
DeepSeek,full,validated_paths10_thr0.9,AmazonHelp,Packaging,1,19,0,0,1.0,1.0,1.0,1.0,1.0
DeepSeek,full,validated_paths10_thr0.9,AmazonHelp,Prime,7,13,0,0,1.0,1.0,1.0,1.0,1.0
DeepSeek,full,validated_paths10_thr0.9,AmazonHelp,Provide URL,13,6,0,0,1.0,1.0,1.0,1.0,1.0
DeepSeek,full,validated_paths10_thr0.9,AmazonHelp,Provide delivery date,1,17,0,1,1.0,0.5,0.6666666666666666,0.6871842709362768,0.75
DeepSeek,full,validated_paths10_thr0.9,AmazonHelp,Refer to specialist team,2,17,0,0,1.0,1.0,1.0,1.0,1.0
DeepSeek,full,validated_paths10_thr0.9,AmazonHelp,Refund,0,20,0,0,0.0,0.0,0.0,0.0,0.5
DeepSeek,full,validated_paths10_thr0.9,AmazonHelp,Replacement,0,20,0,0,0.0,0.0,0.0,0.0,0.5
DeepSeek,full,validated_paths10_thr0.9,AmazonHelp,Request to call by phone,3,16,0,0,1.0,1.0,1.0,1.0,1.0
DeepSeek,full,validated_paths10_thr0.9,AmazonHelp,Request to not send personal details,1,18,0,0,1.0,1.0,1.0,1.0,1.0
DeepSeek,full,validated_paths10_thr0.9,AmazonHelp,Request to reach out by chat,2,17,0,0,1.0,1.0,1.0,1.0,1.0
DeepSeek,full,validated_paths10_thr0.9,AmazonHelp,Return,2,18,0,0,1.0,1.0,1.0,1.0,1.0
DeepSeek,full,validated_paths10_thr0.9,AppleSupport,Battery,6,24,1,0,0.8571428571428571,1.0,0.923076923076923,0.9071147352221454,0.98
DeepSeek,full,validated_paths10_thr0.9,AppleSupport,Investigate issue,12,7,4,4,0.75,0.75,0.75,0.38636363636363635,0.6931818181818181
DeepSeek,full,validated_paths10_thr0.9,AppleSupport,Mac,3,27,1,0,0.75,1.0,0.8571428571428571,0.8504200642707612,0.9821428571428572
DeepSeek,full,validated_paths10_thr0.9,AppleSupport,Provide URL,16,11,0,0,1.0,1.0,1.0,1.0,1.0
DeepSeek,full,validated_paths10_thr0.9,AppleSupport,Provide device model,6,23,2,0,0.75,1.0,0.8571428571428571,0.8306623862918076,0.96
DeepSeek,full,validated_paths10_thr0.9,AppleSupport,Provide system version,10,21,0,0,1.0,1.0,1.0,1.0,1.0
DeepSeek,full,validated_paths10_thr0.9,AppleSupport,Recommend backing up,0,27,0,0,0.0,0.0,0.0,0.0,0.5
DeepSeek,full,validated_paths10_thr0.9,AppleSupport,Recommend updating,0,27,0,0,0.0,0.0,0.0,0.0,0.5
DeepSeek,full,validated_paths10_thr0.9,AppleSupport,Refer to specialist team,0,27,0,0,0.0,0.0,0.0,0.0,0.5
DeepSeek,full,validated_paths10_thr0.9,AppleSupport,Refund,2,29,0,0,1.0,1.0,1.0,1.0,1.0
DeepSeek,full,validated_paths10_thr0.9,AppleSupport,Request DM,12,15,0,0,1.0,1.0,1.0,1.0,1.0
DeepSeek,full,validated_paths10_thr0.9,AppleSupport,Request country,0,27,0,0,0.0,0.0,0.0,0.0,0.5
DeepSeek,full,validated_paths10_thr0.9,AppleSupport,Request device model,3,24,0,0,1.0,1.0,1.0,1.0,1.0
DeepSeek,full,validated_paths10_thr0.9,AppleSupport,Request device restart,1,26,0,0,1.0,1.0,1.0,1.0,1.0
DeepSeek,full,validated_paths10_thr0.9,AppleSupport,Request iOS version,8,19,0,0,1.0,1.0,1.0,1.0,1.0
DeepSeek,full,validated_paths10_thr0.9,AppleSupport,Restart device,1,27,1,2,0.5,0.3333333333333333,0.4,0.358167659413283,0.6488095238095238
DeepSeek,full,validated_paths10_thr0.9,AppleSupport,Software/App,6,20,1,4,0.8571428571428571,0.6,0.7058823529411764,0.6175806794999419,0.7761904761904761
DeepSeek,full,validated_paths10_thr0.9,AppleSupport,TV,0,31,0,0,0.0,0.0,0.0,0.0,0.5
DeepSeek,full,validated_paths10_thr0.9,AppleSupport,Unresponsive/Freezing Device,5,21,5,0,0.5,1.0,0.6666666666666666,0.6354889093022426,0.9038461538461539
DeepSeek,full,validated_paths10_thr0.9,AppleSupport,Update,12,16,1,2,0.9230769230769231,0.8571428571428571,0.888888888888889,0.805113657286459,0.8991596638655461
DeepSeek,full,validated_paths10_thr0.9,AppleSupport,iPad,0,31,0,0,0.0,0.0,0.0,0.0,0.5
DeepSeek,full,validated_paths10_thr0.9,AppleSupport,iPhone,10,15,6,0,0.625,1.0,0.7692307692307693,0.6681531047810609,0.8571428571428572
DeepSeek,full,validated_paths10_thr0.9,SpotifyCares,Account,6,27,2,0,0.75,1.0,0.8571428571428571,0.8356290217967334,0.9655172413793103
DeepSeek,full,validated_paths10_thr0.9,SpotifyCares,Advertisement,2,32,1,0,0.6666666666666666,1.0,0.8,0.8040302522073697,0.9848484848484849
DeepSeek,full,validated_paths10_thr0.9,SpotifyCares,App,7,21,5,2,0.5833333333333334,0.7777777777777778,0.6666666666666666,0.5390860546419528,0.7927350427350428
DeepSeek,full,validated_paths10_thr0.9,SpotifyCares,Billing/Payment,6,27,1,1,0.8571428571428571,0.8571428571428571,0.8571428571428571,0.8214285714285714,0.9107142857142857
DeepSeek,full,validated_paths10_thr0.9,SpotifyCares,Family Subscription,1,34,0,0,1.0,1.0,1.0,1.0,1.0
DeepSeek,full,validated_paths10_thr0.9,SpotifyCares,Hulu,1,34,0,0,1.0,1.0,1.0,1.0,1.0
DeepSeek,full,validated_paths10_thr0.9,SpotifyCares,Login,4,31,0,0,1.0,1.0,1.0,1.0,1.0
DeepSeek,full,validated_paths10_thr0.9,SpotifyCares,Logout,2,31,2,0,0.5,1.0,0.6666666666666666,0.6853444168423419,0.9696969696969697
DeepSeek,full,validated_paths10_thr0.9,SpotifyCares,Offer further help,4,23,1,0,0.8,1.0,0.888888888888889,0.8755950357709131,0.9791666666666667
DeepSeek,full,validated_paths10_thr0.9,SpotifyCares,Playlist,2,33,0,0,1.0,1.0,1.0,1.0,1.0
DeepSeek,full,validated_paths10_thr0.9,SpotifyCares,Premium,2,31,2,0,0.5,1.0,0.6666666666666666,0.6853444168423419,0.9696969696969697
DeepSeek,full,validated_paths10_thr0.9,SpotifyCares,Provide OS version,2,33,0,0,1.0,1.0,1.0,1.0,1.0
DeepSeek,full,validated_paths10_thr0.9,SpotifyCares,Provide URL,11,15,0,2,1.0,0.8461538461538461,0.9166666666666666,0.8640638488223129,0.9230769230769231
DeepSeek,full,validated_paths10_thr0.9,SpotifyCares,Provide device model,3,28,3,1,0.5,0.75,0.6,0.5514416337357292,0.8266129032258065
DeepSeek,full,validated_paths10_thr0.9,SpotifyCares,Provide email address,0,35,0,0,0.0,0.0,0.0,0.0,0.5
DeepSeek,full,validated_paths10_thr0.9,SpotifyCares,Provide error message,1,30,0,4,1.0,0.2,0.33333333333333337,0.420084025208403,0.6
DeepSeek,full,validated_paths10_thr0.9,SpotifyCares,Provide spotify version,2,33,0,0,1.0,1.0,1.0,1.0,1.0
DeepSeek,full,validated_paths10_thr0.9,SpotifyCares,Provide username,0,35,0,0,0.0,0.0,0.0,0.0,0.5
DeepSeek,full,validated_paths10_thr0.9,SpotifyCares,Refer to specialist team,0,27,1,0,0.0,0.0,0.0,0.0,0.48214285714285715
DeepSeek,full,validated_paths10_thr0.9,SpotifyCares,Reinstall the app,1,34,0,0,1.0,1.0,1.0,1.0,1.0
DeepSeek,full,validated_paths10_thr0.9,SpotifyCares,Request DM,3,21,0,4,1.0,0.42857142857142855,0.6,0.6,0.7142857142857143
DeepSeek,full,validated_paths10_thr0.9,SpotifyCares,Request OS version,3,25,0,0,1.0,1.0,1.0,1.0,1.0
DeepSeek,full,validated_paths10_thr0.9,SpotifyCares,Request Spotify version,4,24,0,0,1.0,1.0,1.0,1.0,1.0
DeepSeek,full,validated_paths10_thr0.9,SpotifyCares,Request device restart,3,25,0,0,1.0,1.0,1.0,1.0,1.0
DeepSeek,full,validated_paths10_thr0.9,SpotifyCares,Request device version,4,24,0,0,1.0,1.0,1.0,1.0,1.0
DeepSeek,full,validated_paths10_thr0.9,SpotifyCares,Request email address,5,22,0,1,1.0,0.8333333333333334,0.9090909090909091,0.8928053815224023,0.9166666666666667
DeepSeek,full,validated_paths10_thr0.9,SpotifyCares,Request error message,3,25,0,0,1.0,1.0,1.0,1.0,1.0
DeepSeek,full,validated_paths10_thr0.9,SpotifyCares,Request exact issue description,1,27,0,0,1.0,1.0,1.0,1.0,1.0
DeepSeek,full,validated_paths10_thr0.9,SpotifyCares,Request login,3,25,0,0,1.0,1.0,1.0,1.0,1.0
DeepSeek,full,validated_paths10_thr0.9,SpotifyCares,Request logout,3,25,0,0,1.0,1.0,1.0,1.0,1.0
DeepSeek,full,validated_paths10_thr0.9,SpotifyCares,Request reinstall the app,2,26,0,0,1.0,1.0,1.0,1.0,1.0
DeepSeek,full,validated_paths10_thr0.9,SpotifyCares,Request username,4,23,0,1,1.0,0.8,0.888888888888889,0.8755950357709131,0.9
DeepSeek,full,validated_paths10_thr0.9,SpotifyCares,Restart device,2,33,0,0,1.0,1.0,1.0,1.0,1.0
DeepSeek,full,validated_paths10_thr0.9,SpotifyCares,Song/Artist,4,28,2,1,0.6666666666666666,0.8,0.7272727272727272,0.6808829066491902,0.8666666666666667
DeepSeek,full,validated_paths10_thr0.9,SpotifyCares,Student Subscription,2,33,0,0,1.0,1.0,1.0,1.0,1.0
DeepSeek,full,validated_paths1_thr0.8,AmazonHelp,Account,2,17,1,0,0.6666666666666666,1.0,0.8,0.7934920476158722,0.9722222222222222
DeepSeek,full,validated_paths1_thr0.8,AmazonHelp,Alexa,2,17,1,0,0.6666666666666666,1.0,0.8,0.7934920476158722,0.9722222222222222
DeepSeek,full,validated_paths1_thr0.8,AmazonHelp,Apologize,8,10,1,0,0.8888888888888888,1.0,0.9411764705882353,0.8989331499509895,0.9545454545454546
DeepSeek,full,validated_paths1_thr0.8,AmazonHelp,Bad Support,2,12,5,1,0.2857142857142857,0.6666666666666666,0.4,0.2788995520575487,0.6862745098039216
DeepSeek,full,validated_paths1_thr0.8,AmazonHelp,Delivery,6,10,3,1,0.6666666666666666,0.8571428571428571,0.75,0.6005325641789633,0.8131868131868132
DeepSeek,full,validated_paths1_thr0.8,AmazonHelp,Echo,3,17,0,0,1.0,1.0,1.0,1.0,1.0
DeepSeek,full,validated_paths1_thr0.8,AmazonHelp,Investigate Issue,7,8,3,1,0.7,0.875,0.7777777777777777,0.5955432118425306,0.8011363636363636
DeepSeek,full,validated_paths1_thr0.8,AmazonHelp,Kindle,0,20,0,0,0.0,0.0,0.0,0.0,0.5
DeepSeek,full,validated_paths1_thr0.8,AmazonHelp,Order Cancellation,1,19,0,0,1.0,1.0,1.0,1.0,1.0
DeepSeek,full,validated_paths1_thr0.8,AmazonHelp,Packaging,1,19,0,0,1.0,1.0,1.0,1.0,1.0
DeepSeek,full,validated_paths1_thr0.8,AmazonHelp,Prime,7,13,0,0,1.0,1.0,1.0,1.0,1.0
DeepSeek,full,validated_paths1_thr0.8,AmazonHelp,Provide URL,13,6,0,0,1.0,1.0,1.0,1.0,1.0
DeepSeek,full,validated_paths1_thr0.8,AmazonHelp,Provide delivery date,2,16,1,0,0.6666666666666666,1.0,0.8,0.7921180343813395,0.9705882352941176
DeepSeek,full,validated_paths1_thr0.8,AmazonHelp,Refer to specialist team,2,17,0,0,1.0,1.0,1.0,1.0,1.0
DeepSeek,full,validated_paths1_thr0.8,AmazonHelp,Refund,0,20,0,0,0.0,0.0,0.0,0.0,0.5
DeepSeek,full,validated_paths1_thr0.8,AmazonHelp,Replacement,0,20,0,0,0.0,0.0,0.0,0.0,0.5
DeepSeek,full,validated_paths1_thr0.8,AmazonHelp,Request to call by phone,3,16,0,0,1.0,1.0,1.0,1.0,1.0
DeepSeek,full,validated_paths1_thr0.8,AmazonHelp,Request to not send personal details,1,18,0,0,1.0,1.0,1.0,1.0,1.0
DeepSeek,full,validated_paths1_thr0.8,AmazonHelp,Request to reach out by chat,2,17,0,0,1.0,1.0,1.0,1.0,1.0
DeepSeek,full,validated_paths1_thr0.8,AmazonHelp,Return,2,18,0,0,1.0,1.0,1.0,1.0,1.0
DeepSeek,full,validated_paths1_thr0.8,AppleSupport,Battery,6,23,2,0,0.75,1.0,0.8571428571428571,0.8306623862918076,0.96
DeepSeek,full,validated_paths1_thr0.8,AppleSupport,Investigate issue,12,7,4,4,0.75,0.75,0.75,0.38636363636363635,0.6931818181818181
DeepSeek,full,validated_paths1_thr0.8,AppleSupport,Mac,3,27,1,0,0.75,1.0,0.8571428571428571,0.8504200642707612,0.9821428571428572
DeepSeek,full,validated_paths1_thr0.8,AppleSupport,Provide URL,16,11,0,0,1.0,1.0,1.0,1.0,1.0
DeepSeek,full,validated_paths1_thr0.8,AppleSupport,Provide device model,6,20,5,0,0.5454545454545454,1.0,0.7058823529411764,0.6605782590758164,0.9
DeepSeek,full,validated_paths1_thr0.8,AppleSupport,Provide system version,10,21,0,0,1.0,1.0,1.0,1.0,1.0
DeepSeek,full,validated_paths1_thr0.8,AppleSupport,Recommend backing up,0,27,0,0,0.0,0.0,0.0,0.0,0.5
DeepSeek,full,validated_paths1_thr0.8,AppleSupport,Recommend updating,0,27,0,0,0.0,0.0,0.0,0.0,0.5
DeepSeek,full,validated_paths1_thr0.8,AppleSupport,Refer to specialist team,0,26,1,0,0.0,0.0,0.0,0.0,0.48148148148148145
DeepSeek,full,validated_paths1_thr0.8,AppleSupport,Refund,2,29,0,0,1.0,1.0,1.0,1.0,1.0
DeepSeek,full,validated_paths1_thr0.8,AppleSupport,Request DM,12,15,0,0,1.0,1.0,1.0,1.0,1.0
DeepSeek,full,validated_paths1_thr0.8,AppleSupport,Request country,0,27,0,0,0.0,0.0,0.0,0.0,0.5
DeepSeek,full,validated_paths1_thr0.8,AppleSupport,Request device model,3,24,0,0,1.0,1.0,1.0,1.0,1.0
DeepSeek,full,validated_paths1_thr0.8,AppleSupport,Request device restart,1,26,0,0,1.0,1.0,1.0,1.0,1.0
DeepSeek,full,validated_paths1_thr0.8,AppleSupport,Request iOS version,8,19,0,0,1.0,1.0,1.0,1.0,1.0
DeepSeek,full,validated_paths1_thr0.8,AppleSupport,Restart device,2,27,1,1,0.6666666666666666,0.6666666666666666,0.6666666666666666,0.6309523809523809,0.8154761904761905
DeepSeek,full,validated_paths1_thr0.8,AppleSupport,Software/App,6,20,1,4,0.8571428571428571,0.6,0.7058823529411764,0.6175806794999419,0.7761904761904761
DeepSeek,full,validated_paths1_thr0.8,AppleSupport,TV,0,31,0,0,0.0,0.0,0.0,0.0,0.5
DeepSeek,full,validated_paths1_thr0.8,AppleSupport,Unresponsive/Freezing Device,5,16,10,0,0.3333333333333333,1.0,0.5,0.4529108136578383,0.8076923076923077
DeepSeek,full,validated_paths1_thr0.8,AppleSupport,Update,13,16,1,1,0.9285714285714286,0.9285714285714286,0.9285714285714286,0.8697478991596639,0.9348739495798319
DeepSeek,full,validated_paths1_thr0.8,AppleSupport,iPad,0,31,0,0,0.0,0.0,0.0,0.0,0.5
DeepSeek,full,validated_paths1_thr0.8,AppleSupport,iPhone,10,12,9,0,0.5263157894736842,1.0,0.6896551724137931,0.5484084971070818,0.7857142857142857
DeepSeek,full,validated_paths1_thr0.8,SpotifyCares,Account,6,25,4,0,0.6,1.0,0.7499999999999999,0.7191949522280762,0.9310344827586207
DeepSeek,full,validated_paths1_thr0.8,SpotifyCares,Advertisement,2,32,1,0,0.6666666666666666,1.0,0.8,0.8040302522073697,0.9848484848484849
DeepSeek,full,validated_paths1_thr0.8,SpotifyCares,App,7,20,6,2,0.5384615384615384,0.7777777777777778,0.6363636363636364,0.49478784751222743,0.7735042735042735
DeepSeek,full,validated_paths1_thr0.8,SpotifyCares,Billing/Payment,6,27,1,1,0.8571428571428571,0.8571428571428571,0.8571428571428571,0.8214285714285714,0.9107142857142857
DeepSeek,full,validated_paths1_thr0.8,SpotifyCares,Family Subscription,1,34,0,0,1.0,1.0,1.0,1.0,1.0
DeepSeek,full,validated_paths1_thr0.8,SpotifyCares,Hulu,1,34,0,0,1.0,1.0,1.0,1.0,1.0
DeepSeek,full,validated_paths1_thr0.8,SpotifyCares,Login,4,31,0,0,1.0,1.0,1.0,1.0,1.0
DeepSeek,full,validated_paths1_thr0.8,SpotifyCares,Logout,2,31,2,0,0.5,1.0,0.6666666666666666,0.6853444168423419,0.9696969696969697
DeepSeek,full,validated_paths1_thr0.8,SpotifyCares,Offer further help,4,21,3,0,0.5714285714285714,1.0,0.7272727272727273,0.7071067811865476,0.9375
DeepSeek,full,validated_paths1_thr0.8,SpotifyCares,Playlist,2,33,0,0,1.0,1.0,1.0,1.0,1.0
DeepSeek,full,validated_paths1_thr0.8,SpotifyCares,Premium,2,30,3,0,0.4,1.0,0.5714285714285715,0.6030226891555273,0.9545454545454546
DeepSeek,full,validated_paths1_thr0.8,SpotifyCares,Provide OS version,2,31,2,0,0.5,1.0,0.6666666666666666,0.6853444168423419,0.9696969696969697
DeepSeek,full,validated_paths1_thr0.8,SpotifyCares,Provide URL,12,15,0,1,1.0,0.9230769230769231,0.9600000000000001,0.9302605094190635,0.9615384615384616
DeepSeek,full,validated_paths1_thr0.8,SpotifyCares,Provide device model,3,27,4,1,0.42857142857142855,0.75,0.5454545454545454,0.49391458057363097,0.810483870967742
DeepSeek,full,validated_paths1_thr0.8,SpotifyCares,Provide email address,0,35,0,0,0.0,0.0,0.0,0.0,0.5
DeepSeek,full,validated_paths1_thr0.8,SpotifyCares,Provide error message,2,30,0,3,1.0,0.4,0.5714285714285715,0.6030226891555273,0.7
DeepSeek,full,validated_paths1_thr0.8,SpotifyCares,Provide spotify version,2,33,0,0,1.0,1.0,1.0,1.0,1.0
DeepSeek,full,validated_paths1_thr0.8,SpotifyCares,Provide username,0,35,0,0,0.0,0.0,0.0,0.0,0.5
DeepSeek,full,validated_paths1_thr0.8,SpotifyCares,Refer to specialist team,0,27,1,0,0.0,0.0,0.0,0.0,0.48214285714285715
DeepSeek,full,validated_paths1_thr0.8,SpotifyCares,Reinstall the app,1,34,0,0,1.0,1.0,1.0,1.0,1.0
DeepSeek,full,validated_paths1_thr0.8,SpotifyCares,Request DM,4,21,0,3,1.0,0.5714285714285714,0.7272727272727273,0.7071067811865476,0.7857142857142857
DeepSeek,full,validated_paths1_thr0.8,SpotifyCares,Request OS version,3,25,0,0,1.0,1.0,1.0,1.0,1.0
DeepSeek,full,validated_paths1_thr0.8,SpotifyCares,Request Spotify version,4,24,0,0,1.0,1.0,1.0,1.0,1.0
DeepSeek,full,validated_paths1_thr0.8,SpotifyCares,Request device restart,3,24,1,0,0.75,1.0,0.8571428571428571,0.848528137423857,0.98
DeepSeek,full,validated_paths1_thr0.8,SpotifyCares,Request device version,4,24,0,0,1.0,1.0,1.0,1.0,1.0
DeepSeek,full,validated_paths1_thr0.8,SpotifyCares,Request email address,5,22,0,1,1.0,0.8333333333333334,0.9090909090909091,0.8928053815224023,0.9166666666666667
DeepSeek,full,validated_paths1_thr0.8,SpotifyCares,Request error message,3,25,0,0,1.0,1.0,1.0,1.0,1.0
DeepSeek,full,validated_paths1_thr0.8,SpotifyCares,Request exact issue description,1,25,2,0,0.3333333333333333,1.0,0.5,0.5555555555555556,0.962962962962963
DeepSeek,full,validated_paths1_thr0.8,SpotifyCares,Request login,3,25,0,0,1.0,1.0,1.0,1.0,1.0
DeepSeek,full,validated_paths1_thr0.8,SpotifyCares,Request logout,3,25,0,0,1.0,1.0,1.0,1.0,1.0
DeepSeek,full,validated_paths1_thr0.8,SpotifyCares,Request reinstall the app,2,26,0,0,1.0,1.0,1.0,1.0,1.0
DeepSeek,full,validated_paths1_thr0.8,SpotifyCares,Request username,4,23,0,1,1.0,0.8,0.888888888888889,0.8755950357709131,0.9
DeepSeek,full,validated_paths1_thr0.8,SpotifyCares,Restart device,2,32,1,0,0.6666666666666666,1.0,0.8,0.8040302522073697,0.9848484848484849
DeepSeek,full,validated_paths1_thr0.8,SpotifyCares,Song/Artist,4,27,3,1,0.5714285714285714,0.8,0.6666666666666666,0.6123724356957945,0.8500000000000001
DeepSeek,full,validated_paths1_thr0.8,SpotifyCares,Student Subscription,2,33,0,0,1.0,1.0,1.0,1.0,1.0
DeepSeek,full,validated_paths3_thr0.8,AmazonHelp,Account,2,18,0,0,1.0,1.0,1.0,1.0,1.0
DeepSeek,full,validated_paths3_thr0.8,AmazonHelp,Alexa,2,18,0,0,1.0,1.0,1.0,1.0,1.0
DeepSeek,full,validated_paths3_thr0.8,AmazonHelp,Apologize,8,11,0,0,1.0,1.0,1.0,1.0,1.0
DeepSeek,full,validated_paths3_thr0.8,AmazonHelp,Bad Support,2,15,2,1,0.5,0.6666666666666666,0.5714285714285715,0.4900980294098034,0.7745098039215685
DeepSeek,full,validated_paths3_thr0.8,AmazonHelp,Delivery,6,11,2,1,0.75,0.8571428571428571,0.7999999999999999,0.6847367880174606,0.8516483516483516
DeepSeek,full,validated_paths3_thr0.8,AmazonHelp,Echo,3,17,0,0,1.0,1.0,1.0,1.0,1.0
DeepSeek,full,validated_paths3_thr0.8,AmazonHelp,Investigate Issue,7,9,2,1,0.7777777777777778,0.875,0.823529411764706,0.6854365268376295,0.8465909090909092
DeepSeek,full,validated_paths3_thr0.8,AmazonHelp,Kindle,0,20,0,0,0.0,0.0,0.0,0.0,0.5
DeepSeek,full,validated_paths3_thr0.8,AmazonHelp,Order Cancellation,1,19,0,0,1.0,1.0,1.0,1.0,1.0
DeepSeek,full,validated_paths3_thr0.8,AmazonHelp,Packaging,1,19,0,0,1.0,1.0,1.0,1.0,1.0
DeepSeek,full,validated_paths3_thr0.8,AmazonHelp,Prime,7,13,0,0,1.0,1.0,1.0,1.0,1.0
DeepSeek,full,validated_paths3_thr0.8,AmazonHelp,Provide URL,13,6,0,0,1.0,1.0,1.0,1.0,1.0
DeepSeek,full,validated_paths3_thr0.8,AmazonHelp,Provide delivery date,1,17,0,1,1.0,0.5,0.6666666666666666,0.6871842709362768,0.75
DeepSeek,full,validated_paths3_thr0.8,AmazonHelp,Refer to specialist team,2,17,0,0,1.0,1.0,1.0,1.0,1.0
DeepSeek,full,validated_paths3_thr0.8,AmazonHelp,Refund,0,20,0,0,0.0,0.0,0.0,0.0,0.5
DeepSeek,full,validated_paths3_thr0.8,AmazonHelp,Replacement,0,20,0,0,0.0,0.0,0.0,0.0,0.5
DeepSeek,full,validated_paths3_thr0.8,AmazonHelp,Request to call by phone,3,16,0,0,1.0,1.0,1.0,1.0,1.0
DeepSeek,full,validated_paths3_thr0.8,AmazonHelp,Request to not send personal details,1,18,0,0,1.0,1.0,1.0,1.0,1.0
DeepSeek,full,validated_paths3_thr0.8,AmazonHelp,Request to reach out by chat,2,17,0,0,1.0,1.0,1.0,1.0,1.0
DeepSeek,full,validated_paths3_thr0.8,AmazonHelp,Return,2,18,0,0,1.0,1.0,1.0,1.0,1.0
DeepSeek,full,validated_paths3_thr0.8,AppleSupport,Battery,6,24,1,0,0.8571428571428571,1.0,0.923076923076923,0.9071147352221454,0.98
DeepSeek,full,validated_paths3_thr0.8,AppleSupport,Investigate issue,12,7,4,4,0.75,0.75,0.75,0.38636363636363635,0.6931818181818181
DeepSeek,full,validated_paths3_thr0.8,AppleSupport,Mac,3,27,1,0,0.75,1.0,0.8571428571428571,0.8504200642707612,0.9821428571428572
DeepSeek,full,validated_paths3_thr0.8,AppleSupport,Provide URL,16,11,0,0,1.0,1.0,1.0,1.0,1.0
DeepSeek,full,validated_paths3_thr0.8,AppleSupport,Provide device model,6,23,2,0,0.75,1.0,0.8571428571428571,0.8306623862918076,0.96
DeepSeek,full,validated_paths3_thr0.8,AppleSupport,Provide system version,10,21,0,0,1.0,1.0,1.0,1.0,1.0
DeepSeek,full,validated_paths3_thr0.8,AppleSupport,Recommend backing up,0,27,0,0,0.0,0.0,0.0,0.0,0.5
DeepSeek,full,validated_paths3_thr0.8,AppleSupport,Recommend updating,0,27,0,0,0.0,0.0,0.0,0.0,0.5
DeepSeek,full,validated_paths3_thr0.8,AppleSupport,Refer to specialist team,0,27,0,0,0.0,0.0,0.0,0.0,0.5
DeepSeek,full,validated_paths3_thr0.8,AppleSupport,Refund,2,29,0,0,1.0,1.0,1.0,1.0,1.0
DeepSeek,full,validated_paths3_thr0.8,AppleSupport,Request DM,12,15,0,0,1.0,1.0,1.0,1.0,1.0
DeepSeek,full,validated_paths3_thr0.8,AppleSupport,Request country,0,27,0,0,0.0,0.0,0.0,0.0,0.5
DeepSeek,full,validated_paths3_thr0.8,AppleSupport,Request device model,3,24,0,0,1.0,1.0,1.0,1.0,1.0
DeepSeek,full,validated_paths3_thr0.8,AppleSupport,Request device restart,1,26,0,0,1.0,1.0,1.0,1.0,1.0
DeepSeek,full,validated_paths3_thr0.8,AppleSupport,Request iOS version,8,19,0,0,1.0,1.0,1.0,1.0,1.0
DeepSeek,full,validated_paths3_thr0.8,AppleSupport,Restart device,1,27,1,2,0.5,0.3333333333333333,0.4,0.358167659413283,0.6488095238095238
DeepSeek,full,validated_paths3_thr0.8,AppleSupport,Software/App,6,20,1,4,0.8571428571428571,0.6,0.7058823529411764,0.6175806794999419,0.7761904761904761
DeepSeek,full,validated_paths3_thr0.8,AppleSupport,TV,0,31,0,0,0.0,0.0,0.0,0.0,0.5
DeepSeek,full,validated_paths3_thr0.8,AppleSupport,Unresponsive/Freezing Device,5,20,6,0,0.45454545454545453,1.0,0.625,0.5913123959890826,0.8846153846153846
DeepSeek,full,validated_paths3_thr0.8,AppleSupport,Update,12,16,1,2,0.9230769230769231,0.8571428571428571,0.888888888888889,0.805113657286459,0.8991596638655461
DeepSeek,full,validated_paths3_thr0.8,AppleSupport,iPad,0,31,0,0,0.0,0.0,0.0,0.0,0.5
DeepSeek,full,validated_paths3_thr0.8,AppleSupport,iPhone,10,15,6,0,0.625,1.0,0.7692307692307693,0.6681531047810609,0.8571428571428572
DeepSeek,full,validated_paths3_thr0.8,SpotifyCares,Account,6,27,2,0,0.75,1.0,0.8571428571428571,0.8356290217967334,0.9655172413793103
DeepSeek,full,validated_paths3_thr0.8,SpotifyCares,Advertisement,2,32,1,0,0.6666666666666666,1.0,0.8,0.8040302522073697,0.9848484848484849
DeepSeek,full,validated_paths3_thr0.8,SpotifyCares,App,7,21,5,2,0.5833333333333334,0.7777777777777778,0.6666666666666666,0.5390860546419528,0.7927350427350428
DeepSeek,full,validated_paths3_thr0.8,SpotifyCares,Billing/Payment,6,27,1,1,0.8571428571428571,0.8571428571428571,0.8571428571428571,0.8214285714285714,0.9107142857142857
DeepSeek,full,validated_paths3_thr0.8,SpotifyCares,Family Subscription,1,34,0,0,1.0,1.0,1.0,1.0,1.0
DeepSeek,full,validated_paths3_thr0.8,SpotifyCares,Hulu,1,34,0,0,1.0,1.0,1.0,1.0,1.0
DeepSeek,full,validated_paths3_thr0.8,SpotifyCares,Login,4,31,0,0,1.0,1.0,1.0,1.0,1.0
DeepSeek,full,validated_paths3_thr0.8,SpotifyCares,Logout,2,31,2,0,0.5,1.0,0.6666666666666666,0.6853444168423419,0.9696969696969697
DeepSeek,full,validated_paths3_thr0.8,SpotifyCares,Offer further help,4,21,3,0,0.5714285714285714,1.0,0.7272727272727273,0.7071067811865476,0.9375
DeepSeek,full,validated_paths3_thr0.8,SpotifyCares,Playlist,2,33,0,0,1.0,1.0,1.0,1.0,1.0
DeepSeek,full,validated_paths3_thr0.8,SpotifyCares,Premium,2,31,2,0,0.5,1.0,0.6666666666666666,0.6853444168423419,0.9696969696969697
DeepSeek,full,validated_paths3_thr0.8,SpotifyCares,Provide OS version,2,33,0,0,1.0,1.0,1.0,1.0,1.0
DeepSeek,full,validated_paths3_thr0.8,SpotifyCares,Provide URL,11,15,0,2,1.0,0.8461538461538461,0.9166666666666666,0.8640638488223129,0.9230769230769231
DeepSeek,full,validated_paths3_thr0.8,SpotifyCares,Provide device model,3,28,3,1,0.5,0.75,0.6,0.5514416337357292,0.8266129032258065
DeepSeek,full,validated_paths3_thr0.8,SpotifyCares,Provide email address,0,35,0,0,0.0,0.0,0.0,0.0,0.5
DeepSeek,full,validated_paths3_thr0.8,SpotifyCares,Provide error message,1,30,0,4,1.0,0.2,0.33333333333333337,0.420084025208403,0.6
DeepSeek,full,validated_paths3_thr0.8,SpotifyCares,Provide spotify version,2,33,0,0,1.0,1.0,1.0,1.0,1.0
DeepSeek,full,validated_paths3_thr0.8,SpotifyCares,Provide username,0,35,0,0,0.0,0.0,0.0,0.0,0.5
DeepSeek,full,validated_paths3_thr0.8,SpotifyCares,Refer to specialist team,0,27,1,0,0.0,0.0,0.0,0.0,0.48214285714285715
DeepSeek,full,validated_paths3_thr0.8,SpotifyCares,Reinstall the app,1,34,0,0,1.0,1.0,1.0,1.0,1.0
DeepSeek,full,validated_paths3_thr0.8,SpotifyCares,Request DM,3,21,0,4,1.0,0.42857142857142855,0.6,0.6,0.7142857142857143
DeepSeek,full,validated_paths3_thr0.8,SpotifyCares,Request OS version,3,25,0,0,1.0,1.0,1.0,1.0,1.0
DeepSeek,full,validated_paths3_thr0.8,SpotifyCares,Request Spotify version,4,24,0,0,1.0,1.0,1.0,1.0,1.0
DeepSeek,full,validated_paths3_thr0.8,SpotifyCares,Request device restart,3,25,0,0,1.0,1.0,1.0,1.0,1.0
DeepSeek,full,validated_paths3_thr0.8,SpotifyCares,Request device version,4,24,0,0,1.0,1.0,1.0,1.0,1.0
DeepSeek,full,validated_paths3_thr0.8,SpotifyCares,Request email address,5,22,0,1,1.0,0.8333333333333334,0.9090909090909091,0.8928053815224023,0.9166666666666667
DeepSeek,full,validated_paths3_thr0.8,SpotifyCares,Request error message,3,25,0,0,1.0,1.0,1.0,1.0,1.0
DeepSeek,full,validated_paths3_thr0.8,SpotifyCares,Request exact issue description,1,27,0,0,1.0,1.0,1.0,1.0,1.0
DeepSeek,full,validated_paths3_thr0.8,SpotifyCares,Request login,3,25,0,0,1.0,1.0,1.0,1.0,1.0
DeepSeek,full,validated_paths3_thr0.8,SpotifyCares,Request logout,3,25,0,0,1.0,1.0,1.0,1.0,1.0
DeepSeek,full,validated_paths3_thr0.8,SpotifyCares,Request reinstall the app,2,26,0,0,1.0,1.0,1.0,1.0,1.0
DeepSeek,full,validated_paths3_thr0.8,SpotifyCares,Request username,4,23,0,1,1.0,0.8,0.888888888888889,0.8755950357709131,0.9
DeepSeek,full,validated_paths3_thr0.8,SpotifyCares,Restart device,2,33,0,0,1.0,1.0,1.0,1.0,1.0
DeepSeek,full,validated_paths3_thr0.8,SpotifyCares,Song/Artist,4,28,2,1,0.6666666666666666,0.8,0.7272727272727272,0.6808829066491902,0.8666666666666667
DeepSeek,full,validated_paths3_thr0.8,SpotifyCares,Student Subscription,2,33,0,0,1.0,1.0,1.0,1.0,1.0
DeepSeek,full,validated_paths5_thr0.8,AmazonHelp,Account,2,18,0,0,1.0,1.0,1.0,1.0,1.0
DeepSeek,full,validated_paths5_thr0.8,AmazonHelp,Alexa,2,18,0,0,1.0,1.0,1.0,1.0,1.0
DeepSeek,full,validated_paths5_thr0.8,AmazonHelp,Apologize,8,10,1,0,0.8888888888888888,1.0,0.9411764705882353,0.8989331499509895,0.9545454545454546
DeepSeek,full,validated_paths5_thr0.8,AmazonHelp,Bad Support,2,15,2,1,0.5,0.6666666666666666,0.5714285714285715,0.4900980294098034,0.7745098039215685
DeepSeek,full,validated_paths5_thr0.8,AmazonHelp,Delivery,6,11,2,1,0.75,0.8571428571428571,0.7999999999999999,0.6847367880174606,0.8516483516483516
DeepSeek,full,validated_paths5_thr0.8,AmazonHelp,Echo,3,17,0,0,1.0,1.0,1.0,1.0,1.0
DeepSeek,full,validated_paths5_thr0.8,AmazonHelp,Investigate Issue,7,9,2,1,0.7777777777777778,0.875,0.823529411764706,0.6854365268376295,0.8465909090909092
DeepSeek,full,validated_paths5_thr0.8,AmazonHelp,Kindle,0,20,0,0,0.0,0.0,0.0,0.0,0.5
DeepSeek,full,validated_paths5_thr0.8,AmazonHelp,Order Cancellation,1,19,0,0,1.0,1.0,1.0,1.0,1.0
DeepSeek,full,validated_paths5_thr0.8,AmazonHelp,Packaging,1,19,0,0,1.0,1.0,1.0,1.0,1.0
DeepSeek,full,validated_paths5_thr0.8,AmazonHelp,Prime,7,13,0,0,1.0,1.0,1.0,1.0,1.0
DeepSeek,full,validated_paths5_thr0.8,AmazonHelp,Provide URL,13,6,0,0,1.0,1.0,1.0,1.0,1.0
DeepSeek,full,validated_paths5_thr0.8,AmazonHelp,Provide delivery date,2,17,0,0,1.0,1.0,1.0,1.0,1.0
DeepSeek,full,validated_paths5_thr0.8,AmazonHelp,Refer to specialist team,2,17,0,0,1.0,1.0,1.0,1.0,1.0
DeepSeek,full,validated_paths5_thr0.8,AmazonHelp,Refund,0,20,0,0,0.0,0.0,0.0,0.0,0.5
DeepSeek,full,validated_paths5_thr0.8,AmazonHelp,Replacement,0,20,0,0,0.0,0.0,0.0,0.0,0.5
DeepSeek,full,validated_paths5_thr0.8,AmazonHelp,Request to call by phone,3,16,0,0,1.0,1.0,1.0,1.0,1.0
DeepSeek,full,validated_paths5_thr0.8,AmazonHelp,Request to not send personal details,1,18,0,0,1.0,1.0,1.0,1.0,1.0
DeepSeek,full,validated_paths5_thr0.8,AmazonHelp,Request to reach out by chat,2,17,0,0,1.0,1.0,1.0,1.0,1.0
DeepSeek,full,validated_paths5_thr0.8,AmazonHelp,Return,2,18,0,0,1.0,1.0,1.0,1.0,1.0
DeepSeek,full,validated_paths5_thr0.8,AppleSupport,Battery,6,24,1,0,0.8571428571428571,1.0,0.923076923076923,0.9071147352221454,0.98
DeepSeek,full,validated_paths5_thr0.8,AppleSupport,Investigate issue,12,7,4,4,0.75,0.75,0.75,0.38636363636363635,0.6931818181818181
DeepSeek,full,validated_paths5_thr0.8,AppleSupport,Mac,3,27,1,0,0.75,1.0,0.8571428571428571,0.8504200642707612,0.9821428571428572
DeepSeek,full,validated_paths5_thr0.8,AppleSupport,Provide URL,16,11,0,0,1.0,1.0,1.0,1.0,1.0
DeepSeek,full,validated_paths5_thr0.8,AppleSupport,Provide device model,6,23,2,0,0.75,1.0,0.8571428571428571,0.8306623862918076,0.96
DeepSeek,full,validated_paths5_thr0.8,AppleSupport,Provide system version,10,21,0,0,1.0,1.0,1.0,1.0,1.0
DeepSeek,full,validated_paths5_thr0.8,AppleSupport,Recommend backing up,0,27,0,0,0.0,0.0,0.0,0.0,0.5
DeepSeek,full,validated_paths5_thr0.8,AppleSupport,Recommend updating,0,27,0,0,0.0,0.0,0.0,0.0,0.5
DeepSeek,full,validated_paths5_thr0.8,AppleSupport,Refer to specialist team,0,27,0,0,0.0,0.0,0.0,0.0,0.5
DeepSeek,full,validated_paths5_thr0.8,AppleSupport,Refund,2,29,0,0,1.0,1.0,1.0,1.0,1.0
DeepSeek,full,validated_paths5_thr0.8,AppleSupport,Request DM,12,15,0,0,1.0,1.0,1.0,1.0,1.0
DeepSeek,full,validated_paths5_thr0.8,AppleSupport,Request country,0,27,0,0,0.0,0.0,0.0,0.0,0.5
DeepSeek,full,validated_paths5_thr0.8,AppleSupport,Request device model,3,24,0,0,1.0,1.0,1.0,1.0,1.0
DeepSeek,full,validated_paths5_thr0.8,AppleSupport,Request device restart,1,26,0,0,1.0,1.0,1.0,1.0,1.0
DeepSeek,full,validated_paths5_thr0.8,AppleSupport,Request iOS version,8,19,0,0,1.0,1.0,1.0,1.0,1.0
DeepSeek,full,validated_paths5_thr0.8,AppleSupport,Restart device,1,27,1,2,0.5,0.3333333333333333,0.4,0.358167659413283,0.6488095238095238
DeepSeek,full,validated_paths5_thr0.8,AppleSupport,Software/App,6,20,1,4,0.8571428571428571,0.6,0.7058823529411764,0.6175806794999419,0.7761904761904761
DeepSeek,full,validated_paths5_thr0.8,AppleSupport,TV,0,31,0,0,0.0,0.0,0.0,0.0,0.5
DeepSeek,full,validated_paths5_thr0.8,AppleSupport,Unresponsive/Freezing Device,5,20,6,0,0.45454545454545453,1.0,0.625,0.5913123959890826,0.8846153846153846
DeepSeek,full,validated_paths5_thr0.8,AppleSupport,Update,12,16,1,2,0.9230769230769231,0.8571428571428571,0.888888888888889,0.805113657286459,0.8991596638655461
DeepSeek,full,validated_paths5_thr0.8,AppleSupport,iPad,0,31,0,0,0.0,0.0,0.0,0.0,0.5
DeepSeek,full,validated_paths5_thr0.8,AppleSupport,iPhone,10,13,8,0,0.5555555555555556,1.0,0.7142857142857143,0.5864429587908307,0.8095238095238095
DeepSeek,full,validated_paths5_thr0.8,SpotifyCares,Account,6,27,2,0,0.75,1.0,0.8571428571428571,0.8356290217967334,0.9655172413793103
DeepSeek,full,validated_paths5_thr0.8,SpotifyCares,Advertisement,2,32,1,0,0.6666666666666666,1.0,0.8,0.8040302522073697,0.9848484848484849
DeepSeek,full,validated_paths5_thr0.8,SpotifyCares,App,7,21,5,2,0.5833333333333334,0.7777777777777778,0.6666666666666666,0.5390860546419528,0.7927350427350428
DeepSeek,full,validated_paths5_thr0.8,SpotifyCares,Billing/Payment,6,27,1,1,0.8571428571428571,0.8571428571428571,0.8571428571428571,0.8214285714285714,0.9107142857142857
DeepSeek,full,validated_paths5_thr0.8,SpotifyCares,Family Subscription,1,34,0,0,1.0,1.0,1.0,1.0,1.0
DeepSeek,full,validated_paths5_thr0.8,SpotifyCares,Hulu,1,34,0,0,1.0,1.0,1.0,1.0,1.0
DeepSeek,full,validated_paths5_thr0.8,SpotifyCares,Login,4,31,0,0,1.0,1.0,1.0,1.0,1.0
DeepSeek,full,validated_paths5_thr0.8,SpotifyCares,Logout,2,31,2,0,0.5,1.0,0.6666666666666666,0.6853444168423419,0.9696969696969697
DeepSeek,full,validated_paths5_thr0.8,SpotifyCares,Offer further help,4,21,3,0,0.5714285714285714,1.0,0.7272727272727273,0.7071067811865476,0.9375
DeepSeek,full,validated_paths5_thr0.8,SpotifyCares,Playlist,2,33,0,0,1.0,1.0,1.0,1.0,1.0
DeepSeek,full,validated_paths5_thr0.8,SpotifyCares,Premium,2,31,2,0,0.5,1.0,0.6666666666666666,0.6853444168423419,0.9696969696969697
DeepSeek,full,validated_paths5_thr0.8,SpotifyCares,Provide OS version,2,33,0,0,1.0,1.0,1.0,1.0,1.0
DeepSeek,full,validated_paths5_thr0.8,SpotifyCares,Provide URL,11,15,0,2,1.0,0.8461538461538461,0.9166666666666666,0.8640638488223129,0.9230769230769231
DeepSeek,full,validated_paths5_thr0.8,SpotifyCares,Provide device model,3,28,3,1,0.5,0.75,0.6,0.5514416337357292,0.8266129032258065
DeepSeek,full,validated_paths5_thr0.8,SpotifyCares,Provide email address,0,35,0,0,0.0,0.0,0.0,0.0,0.5
DeepSeek,full,validated_paths5_thr0.8,SpotifyCares,Provide error message,1,30,0,4,1.0,0.2,0.33333333333333337,0.420084025208403,0.6
DeepSeek,full,validated_paths5_thr0.8,SpotifyCares,Provide spotify version,2,33,0,0,1.0,1.0,1.0,1.0,1.0
DeepSeek,full,validated_paths5_thr0.8,SpotifyCares,Provide username,0,35,0,0,0.0,0.0,0.0,0.0,0.5
DeepSeek,full,validated_paths5_thr0.8,SpotifyCares,Refer to specialist team,0,27,1,0,0.0,0.0,0.0,0.0,0.48214285714285715
DeepSeek,full,validated_paths5_thr0.8,SpotifyCares,Reinstall the app,1,34,0,0,1.0,1.0,1.0,1.0,1.0
DeepSeek,full,validated_paths5_thr0.8,SpotifyCares,Request DM,3,21,0,4,1.0,0.42857142857142855,0.6,0.6,0.7142857142857143
DeepSeek,full,validated_paths5_thr0.8,SpotifyCares,Request OS version,3,25,0,0,1.0,1.0,1.0,1.0,1.0
DeepSeek,full,validated_paths5_thr0.8,SpotifyCares,Request Spotify version,4,24,0,0,1.0,1.0,1.0,1.0,1.0
DeepSeek,full,validated_paths5_thr0.8,SpotifyCares,Request device restart,3,25,0,0,1.0,1.0,1.0,1.0,1.0
DeepSeek,full,validated_paths5_thr0.8,SpotifyCares,Request device version,4,24,0,0,1.0,1.0,1.0,1.0,1.0
DeepSeek,full,validated_paths5_thr0.8,SpotifyCares,Request email address,5,22,0,1,1.0,0.8333333333333334,0.9090909090909091,0.8928053815224023,0.9166666666666667
DeepSeek,full,validated_paths5_thr0.8,SpotifyCares,Request error message,3,25,0,0,1.0,1.0,1.0,1.0,1.0
DeepSeek,full,validated_paths5_thr0.8,SpotifyCares,Request exact issue description,1,27,0,0,1.0,1.0,1.0,1.0,1.0
DeepSeek,full,validated_paths5_thr0.8,SpotifyCares,Request login,3,25,0,0,1.0,1.0,1.0,1.0,1.0
DeepSeek,full,validated_paths5_thr0.8,SpotifyCares,Request logout,3,25,0,0,1.0,1.0,1.0,1.0,1.0
DeepSeek,full,validated_paths5_thr0.8,SpotifyCares,Request reinstall the app,2,26,0,0,1.0,1.0,1.0,1.0,1.0
DeepSeek,full,validated_paths5_thr0.8,SpotifyCares,Request username,4,23,0,1,1.0,0.8,0.888888888888889,0.8755950357709131,0.9
DeepSeek,full,validated_paths5_thr0.8,SpotifyCares,Restart device,2,33,0,0,1.0,1.0,1.0,1.0,1.0
DeepSeek,full,validated_paths5_thr0.8,SpotifyCares,Song/Artist,4,28,2,1,0.6666666666666666,0.8,0.7272727272727272,0.6808829066491902,0.8666666666666667
DeepSeek,full,validated_paths5_thr0.8,SpotifyCares,Student Subscription,2,33,0,0,1.0,1.0,1.0,1.0,1.0
DeepSeek,none,raw_10call_majority,AmazonHelp,Account,0,18,0,2,0.0,0.0,0.0,0.0,0.5
DeepSeek,none,raw_10call_majority,AmazonHelp,Alexa,0,18,0,2,0.0,0.0,0.0,0.0,0.5
DeepSeek,none,raw_10call_majority,AmazonHelp,Apologize,0,11,0,8,0.0,0.0,0.0,0.0,0.5
DeepSeek,none,raw_10call_majority,AmazonHelp,Bad Support,0,17,0,3,0.0,0.0,0.0,0.0,0.5
DeepSeek,none,raw_10call_majority,AmazonHelp,Delivery,0,13,0,7,0.0,0.0,0.0,0.0,0.5
DeepSeek,none,raw_10call_majority,AmazonHelp,Echo,0,17,0,3,0.0,0.0,0.0,0.0,0.5
DeepSeek,none,raw_10call_majority,AmazonHelp,Investigate Issue,5,9,2,3,0.7142857142857143,0.625,0.6666666666666666,0.45361105256925455,0.7215909090909092
DeepSeek,none,raw_10call_majority,AmazonHelp,Kindle,0,20,0,0,0.0,0.0,0.0,0.0,0.5
DeepSeek,none,raw_10call_majority,AmazonHelp,Order Cancellation,0,19,0,1,0.0,0.0,0.0,0.0,0.5
DeepSeek,none,raw_10call_majority,AmazonHelp,Packaging,0,19,0,1,0.0,0.0,0.0,0.0,0.5
DeepSeek,none,raw_10call_majority,AmazonHelp,Prime,0,13,0,7,0.0,0.0,0.0,0.0,0.5
DeepSeek,none,raw_10call_majority,AmazonHelp,Provide URL,13,6,0,0,1.0,1.0,1.0,1.0,1.0
DeepSeek,none,raw_10call_majority,AmazonHelp,Provide delivery date,0,17,0,2,0.0,0.0,0.0,0.0,0.5
DeepSeek,none,raw_10call_majority,AmazonHelp,Refer to specialist team,0,17,0,2,0.0,0.0,0.0,0.0,0.5
DeepSeek,none,raw_10call_majority,AmazonHelp,Refund,0,20,0,0,0.0,0.0,0.0,0.0,0.5
DeepSeek,none,raw_10call_majority,AmazonHelp,Replacement,0,20,0,0,0.0,0.0,0.0,0.0,0.5
DeepSeek,none,raw_10call_majority,AmazonHelp,Request to call by phone,0,16,0,3,0.0,0.0,0.0,0.0,0.5
DeepSeek,none,raw_10call_majority,AmazonHelp,Request to not send personal details,0,18,0,1,0.0,0.0,0.0,0.0,0.5
DeepSeek,none,raw_10call_majority,AmazonHelp,Request to reach out by chat,0,17,0,2,0.0,0.0,0.0,0.0,0.5
DeepSeek,none,raw_10call_majority,AmazonHelp,Return,0,18,0,2,0.0,0.0,0.0,0.0,0.5
DeepSeek,none,raw_10call_majority,AppleSupport,Battery,0,25,0,6,0.0,0.0,0.0,0.0,0.5
DeepSeek,none,raw_10call_majority,AppleSupport,Investigate issue,0,11,0,16,0.0,0.0,0.0,0.0,0.5
DeepSeek,none,raw_10call_majority,AppleSupport,Mac,0,28,0,3,0.0,0.0,0.0,0.0,0.5
DeepSeek,none,raw_10call_majority,AppleSupport,Provide URL,13,11,0,3,1.0,0.8125,0.896551724137931,0.7989949043284676,0.90625
DeepSeek,none,raw_10call_majority,AppleSupport,Provide device model,0,25,0,6,0.0,0.0,0.0,0.0,0.5
DeepSeek,none,raw_10call_majority,AppleSupport,Provide system version,0,21,0,10,0.0,0.0,0.0,0.0,0.5
DeepSeek,none,raw_10call_majority,AppleSupport,Recommend backing up,0,27,0,0,0.0,0.0,0.0,0.0,0.5
DeepSeek,none,raw_10call_majority,AppleSupport,Recommend updating,0,27,0,0,0.0,0.0,0.0,0.0,0.5
DeepSeek,none,raw_10call_majority,AppleSupport,Refer to specialist team,0,27,0,0,0.0,0.0,0.0,0.0,0.5
DeepSeek,none,raw_10call_majority,AppleSupport,Refund,0,29,0,2,0.0,0.0,0.0,0.0,0.5
DeepSeek,none,raw_10call_majority,AppleSupport,Request DM,0,15,0,12,0.0,0.0,0.0,0.0,0.5
DeepSeek,none,raw_10call_majority,AppleSupport,Request country,0,27,0,0,0.0,0.0,0.0,0.0,0.5
DeepSeek,none,raw_10call_majority,AppleSupport,Request device model,0,24,0,3,0.0,0.0,0.0,0.0,0.5
DeepSeek,none,raw_10call_majority,AppleSupport,Request device restart,0,26,0,1,0.0,0.0,0.0,0.0,0.5
DeepSeek,none,raw_10call_majority,AppleSupport,Request iOS version,0,19,0,8,0.0,0.0,0.0,0.0,0.5
DeepSeek,none,raw_10call_majority,AppleSupport,Restart device,0,28,0,3,0.0,0.0,0.0,0.0,0.5
DeepSeek,none,raw_10call_majority,AppleSupport,Software/App,0,21,0,10,0.0,0.0,0.0,0.0,0.5
DeepSeek,none,raw_10call_majority,AppleSupport,TV,0,31,0,0,0.0,0.0,0.0,0.0,0.5
DeepSeek,none,raw_10call_majority,AppleSupport,Unresponsive/Freezing Device,0,26,0,5,0.0,0.0,0.0,0.0,0.5
DeepSeek,none,raw_10call_majority,AppleSupport,Update,0,17,0,14,0.0,0.0,0.0,0.0,0.5
DeepSeek,none,raw_10call_majority,AppleSupport,iPad,0,31,0,0,0.0,0.0,0.0,0.0,0.5
DeepSeek,none,raw_10call_majority,AppleSupport,iPhone,0,21,0,10,0.0,0.0,0.0,0.0,0.5
DeepSeek,none,raw_10call_majority,SpotifyCares,Account,0,29,0,6,0.0,0.0,0.0,0.0,0.5
DeepSeek,none,raw_10call_majority,SpotifyCares,Advertisement,0,33,0,2,0.0,0.0,0.0,0.0,0.5
DeepSeek,none,raw_10call_majority,SpotifyCares,App,0,26,0,9,0.0,0.0,0.0,0.0,0.5
DeepSeek,none,raw_10call_majority,SpotifyCares,Billing/Payment,0,28,0,7,0.0,0.0,0.0,0.0,0.5
DeepSeek,none,raw_10call_majority,SpotifyCares,Family Subscription,0,34,0,1,0.0,0.0,0.0,0.0,0.5
DeepSeek,none,raw_10call_majority,SpotifyCares,Hulu,0,34,0,1,0.0,0.0,0.0,0.0,0.5
DeepSeek,none,raw_10call_majority,SpotifyCares,Login,0,31,0,4,0.0,0.0,0.0,0.0,0.5
DeepSeek,none,raw_10call_majority,SpotifyCares,Logout,0,33,0,2,0.0,0.0,0.0,0.0,0.5
DeepSeek,none,raw_10call_majority,SpotifyCares,Offer further help,0,24,0,4,0.0,0.0,0.0,0.0,0.5
DeepSeek,none,raw_10call_majority,SpotifyCares,Playlist,0,33,0,2,0.0,0.0,0.0,0.0,0.5
DeepSeek,none,raw_10call_majority,SpotifyCares,Premium,0,33,0,2,0.0,0.0,0.0,0.0,0.5
DeepSeek,none,raw_10call_majority,SpotifyCares,Provide OS version,0,33,0,2,0.0,0.0,0.0,0.0,0.5
DeepSeek,none,raw_10call_majority,SpotifyCares,Provide URL,13,15,0,0,1.0,1.0,1.0,1.0,1.0
DeepSeek,none,raw_10call_majority,SpotifyCares,Provide device model,0,31,0,4,0.0,0.0,0.0,0.0,0.5
DeepSeek,none,raw_10call_majority,SpotifyCares,Provide email address,0,35,0,0,0.0,0.0,0.0,0.0,0.5
DeepSeek,none,raw_10call_majority,SpotifyCares,Provide error message,0,30,0,5,0.0,0.0,0.0,0.0,0.5
DeepSeek,none,raw_10call_majority,SpotifyCares,Provide spotify version,0,33,0,2,0.0,0.0,0.0,0.0,0.5
DeepSeek,none,raw_10call_majority,SpotifyCares,Provide username,0,35,0,0,0.0,0.0,0.0,0.0,0.5
DeepSeek,none,raw_10call_majority,SpotifyCares,Refer to specialist team,0,28,0,0,0.0,0.0,0.0,0.0,0.5
DeepSeek,none,raw_10call_majority,SpotifyCares,Reinstall the app,0,34,0,1,0.0,0.0,0.0,0.0,0.5
DeepSeek,none,raw_10call_majority,SpotifyCares,Request DM,0,21,0,7,0.0,0.0,0.0,0.0,0.5
DeepSeek,none,raw_10call_majority,SpotifyCares,Request OS version,0,25,0,3,0.0,0.0,0.0,0.0,0.5
DeepSeek,none,raw_10call_majority,SpotifyCares,Request Spotify version,0,24,0,4,0.0,0.0,0.0,0.0,0.5
DeepSeek,none,raw_10call_majority,SpotifyCares,Request device restart,0,25,0,3,0.0,0.0,0.0,0.0,0.5
DeepSeek,none,raw_10call_majority,SpotifyCares,Request device version,0,24,0,4,0.0,0.0,0.0,0.0,0.5
DeepSeek,none,raw_10call_majority,SpotifyCares,Request email address,0,22,0,6,0.0,0.0,0.0,0.0,0.5
DeepSeek,none,raw_10call_majority,SpotifyCares,Request error message,0,25,0,3,0.0,0.0,0.0,0.0,0.5
DeepSeek,none,raw_10call_majority,SpotifyCares,Request exact issue description,0,27,0,1,0.0,0.0,0.0,0.0,0.5
DeepSeek,none,raw_10call_majority,SpotifyCares,Request login,0,25,0,3,0.0,0.0,0.0,0.0,0.5
DeepSeek,none,raw_10call_majority,SpotifyCares,Request logout,0,25,0,3,0.0,0.0,0.0,0.0,0.5
DeepSeek,none,raw_10call_majority,SpotifyCares,Request reinstall the app,0,26,0,2,0.0,0.0,0.0,0.0,0.5
DeepSeek,none,raw_10call_majority,SpotifyCares,Request username,0,23,0,5,0.0,0.0,0.0,0.0,0.5
DeepSeek,none,raw_10call_majority,SpotifyCares,Restart device,0,33,0,2,0.0,0.0,0.0,0.0,0.5
DeepSeek,none,raw_10call_majority,SpotifyCares,Song/Artist,0,30,0,5,0.0,0.0,0.0,0.0,0.5
DeepSeek,none,raw_10call_majority,SpotifyCares,Student Subscription,0,33,0,2,0.0,0.0,0.0,0.0,0.5
DeepSeek,none,raw_1call,AmazonHelp,Account,0,18,0,2,0.0,0.0,0.0,0.0,0.5
DeepSeek,none,raw_1call,AmazonHelp,Alexa,0,18,0,2,0.0,0.0,0.0,0.0,0.5
DeepSeek,none,raw_1call,AmazonHelp,Apologize,0,11,0,8,0.0,0.0,0.0,0.0,0.5
DeepSeek,none,raw_1call,AmazonHelp,Bad Support,0,17,0,3,0.0,0.0,0.0,0.0,0.5
DeepSeek,none,raw_1call,AmazonHelp,Delivery,0,13,0,7,0.0,0.0,0.0,0.0,0.5
DeepSeek,none,raw_1call,AmazonHelp,Echo,0,17,0,3,0.0,0.0,0.0,0.0,0.5
DeepSeek,none,raw_1call,AmazonHelp,Investigate Issue,3,9,2,5,0.6,0.375,0.4615384615384615,0.21660005636099086,0.5965909090909092
DeepSeek,none,raw_1call,AmazonHelp,Kindle,0,20,0,0,0.0,0.0,0.0,0.0,0.5
DeepSeek,none,raw_1call,AmazonHelp,Order Cancellation,0,19,0,1,0.0,0.0,0.0,0.0,0.5
DeepSeek,none,raw_1call,AmazonHelp,Packaging,0,19,0,1,0.0,0.0,0.0,0.0,0.5
DeepSeek,none,raw_1call,AmazonHelp,Prime,0,13,0,7,0.0,0.0,0.0,0.0,0.5
DeepSeek,none,raw_1call,AmazonHelp,Provide URL,13,6,0,0,1.0,1.0,1.0,1.0,1.0
DeepSeek,none,raw_1call,AmazonHelp,Provide delivery date,0,17,0,2,0.0,0.0,0.0,0.0,0.5
DeepSeek,none,raw_1call,AmazonHelp,Refer to specialist team,0,17,0,2,0.0,0.0,0.0,0.0,0.5
DeepSeek,none,raw_1call,AmazonHelp,Refund,0,20,0,0,0.0,0.0,0.0,0.0,0.5
DeepSeek,none,raw_1call,AmazonHelp,Replacement,0,20,0,0,0.0,0.0,0.0,0.0,0.5
DeepSeek,none,raw_1call,AmazonHelp,Request to call by phone,0,16,0,3,0.0,0.0,0.0,0.0,0.5
DeepSeek,none,raw_1call,AmazonHelp,Request to not send personal details,0,18,0,1,0.0,0.0,0.0,0.0,0.5
DeepSeek,none,raw_1call,AmazonHelp,Request to reach out by chat,0,17,0,2,0.0,0.0,0.0,0.0,0.5
DeepSeek,none,raw_1call,AmazonHelp,Return,0,18,0,2,0.0,0.0,0.0,0.0,0.5
DeepSeek,none,raw_1call,AppleSupport,Battery,0,25,0,6,0.0,0.0,0.0,0.0,0.5
DeepSeek,none,raw_1call,AppleSupport,Investigate issue,0,11,0,16,0.0,0.0,0.0,0.0,0.5
DeepSeek,none,raw_1call,AppleSupport,Mac,0,28,0,3,0.0,0.0,0.0,0.0,0.5
DeepSeek,none,raw_1call,AppleSupport,Provide URL,11,11,0,5,1.0,0.6875,0.8148148148148148,0.6875,0.84375
DeepSeek,none,raw_1call,AppleSupport,Provide device model,0,25,0,6,0.0,0.0,0.0,0.0,0.5
DeepSeek,none,raw_1call,AppleSupport,Provide system version,0,21,0,10,0.0,0.0,0.0,0.0,0.5
DeepSeek,none,raw_1call,AppleSupport,Recommend backing up,0,27,0,0,0.0,0.0,0.0,0.0,0.5
DeepSeek,none,raw_1call,AppleSupport,Recommend updating,0,27,0,0,0.0,0.0,0.0,0.0,0.5
DeepSeek,none,raw_1call,AppleSupport,Refer to specialist team,0,27,0,0,0.0,0.0,0.0,0.0,0.5
DeepSeek,none,raw_1call,AppleSupport,Refund,0,29,0,2,0.0,0.0,0.0,0.0,0.5
DeepSeek,none,raw_1call,AppleSupport,Request DM,0,15,0,12,0.0,0.0,0.0,0.0,0.5
DeepSeek,none,raw_1call,AppleSupport,Request country,0,27,0,0,0.0,0.0,0.0,0.0,0.5
DeepSeek,none,raw_1call,AppleSupport,Request device model,0,24,0,3,0.0,0.0,0.0,0.0,0.5
DeepSeek,none,raw_1call,AppleSupport,Request device restart,0,26,0,1,0.0,0.0,0.0,0.0,0.5
DeepSeek,none,raw_1call,AppleSupport,Request iOS version,0,19,0,8,0.0,0.0,0.0,0.0,0.5
DeepSeek,none,raw_1call,AppleSupport,Restart device,0,28,0,3,0.0,0.0,0.0,0.0,0.5
DeepSeek,none,raw_1call,AppleSupport,Software/App,0,21,0,10,0.0,0.0,0.0,0.0,0.5
DeepSeek,none,raw_1call,AppleSupport,TV,0,31,0,0,0.0,0.0,0.0,0.0,0.5
DeepSeek,none,raw_1call,AppleSupport,Unresponsive/Freezing Device,0,26,0,5,0.0,0.0,0.0,0.0,0.5
DeepSeek,none,raw_1call,AppleSupport,Update,0,17,0,14,0.0,0.0,0.0,0.0,0.5
DeepSeek,none,raw_1call,AppleSupport,iPad,0,31,0,0,0.0,0.0,0.0,0.0,0.5
DeepSeek,none,raw_1call,AppleSupport,iPhone,0,21,0,10,0.0,0.0,0.0,0.0,0.5
DeepSeek,none,raw_1call,SpotifyCares,Account,0,29,0,6,0.0,0.0,0.0,0.0,0.5
DeepSeek,none,raw_1call,SpotifyCares,Advertisement,0,33,0,2,0.0,0.0,0.0,0.0,0.5
DeepSeek,none,raw_1call,SpotifyCares,App,0,26,0,9,0.0,0.0,0.0,0.0,0.5
DeepSeek,none,raw_1call,SpotifyCares,Billing/Payment,0,28,0,7,0.0,0.0,0.0,0.0,0.5
DeepSeek,none,raw_1call,SpotifyCares,Family Subscription,0,34,0,1,0.0,0.0,0.0,0.0,0.5
DeepSeek,none,raw_1call,SpotifyCares,Hulu,0,34,0,1,0.0,0.0,0.0,0.0,0.5
DeepSeek,none,raw_1call,SpotifyCares,Login,0,31,0,4,0.0,0.0,0.0,0.0,0.5
DeepSeek,none,raw_1call,SpotifyCares,Logout,0,33,0,2,0.0,0.0,0.0,0.0,0.5
DeepSeek,none,raw_1call,SpotifyCares,Offer further help,0,24,0,4,0.0,0.0,0.0,0.0,0.5
DeepSeek,none,raw_1call,SpotifyCares,Playlist,0,33,0,2,0.0,0.0,0.0,0.0,0.5
DeepSeek,none,raw_1call,SpotifyCares,Premium,0,33,0,2,0.0,0.0,0.0,0.0,0.5
DeepSeek,none,raw_1call,SpotifyCares,Provide OS version,0,33,0,2,0.0,0.0,0.0,0.0,0.5
DeepSeek,none,raw_1call,SpotifyCares,Provide URL,8,15,0,5,1.0,0.6153846153846154,0.761904761904762,0.6793662204867575,0.8076923076923077
DeepSeek,none,raw_1call,SpotifyCares,Provide device model,0,31,0,4,0.0,0.0,0.0,0.0,0.5
DeepSeek,none,raw_1call,SpotifyCares,Provide email address,0,35,0,0,0.0,0.0,0.0,0.0,0.5
DeepSeek,none,raw_1call,SpotifyCares,Provide error message,0,30,0,5,0.0,0.0,0.0,0.0,0.5
DeepSeek,none,raw_1call,SpotifyCares,Provide spotify version,0,33,0,2,0.0,0.0,0.0,0.0,0.5
DeepSeek,none,raw_1call,SpotifyCares,Provide username,0,35,0,0,0.0,0.0,0.0,0.0,0.5
DeepSeek,none,raw_1call,SpotifyCares,Refer to specialist team,0,28,0,0,0.0,0.0,0.0,0.0,0.5
DeepSeek,none,raw_1call,SpotifyCares,Reinstall the app,0,34,0,1,0.0,0.0,0.0,0.0,0.5
DeepSeek,none,raw_1call,SpotifyCares,Request DM,0,21,0,7,0.0,0.0,0.0,0.0,0.5
DeepSeek,none,raw_1call,SpotifyCares,Request OS version,0,25,0,3,0.0,0.0,0.0,0.0,0.5
DeepSeek,none,raw_1call,SpotifyCares,Request Spotify version,0,24,0,4,0.0,0.0,0.0,0.0,0.5
DeepSeek,none,raw_1call,SpotifyCares,Request device restart,0,25,0,3,0.0,0.0,0.0,0.0,0.5
DeepSeek,none,raw_1call,SpotifyCares,Request device version,0,24,0,4,0.0,0.0,0.0,0.0,0.5
DeepSeek,none,raw_1call,SpotifyCares,Request email address,0,22,0,6,0.0,0.0,0.0,0.0,0.5
DeepSeek,none,raw_1call,SpotifyCares,Request error message,0,25,0,3,0.0,0.0,0.0,0.0,0.5
DeepSeek,none,raw_1call,SpotifyCares,Request exact issue description,0,27,0,1,0.0,0.0,0.0,0.0,0.5
DeepSeek,none,raw_1call,SpotifyCares,Request login,0,25,0,3,0.0,0.0,0.0,0.0,0.5
DeepSeek,none,raw_1call,SpotifyCares,Request logout,0,25,0,3,0.0,0.0,0.0,0.0,0.5
DeepSeek,none,raw_1call,SpotifyCares,Request reinstall the app,0,26,0,2,0.0,0.0,0.0,0.0,0.5
DeepSeek,none,raw_1call,SpotifyCares,Request username,0,23,0,5,0.0,0.0,0.0,0.0,0.5
DeepSeek,none,raw_1call,SpotifyCares,Restart device,0,33,0,2,0.0,0.0,0.0,0.0,0.5
DeepSeek,none,raw_1call,SpotifyCares,Song/Artist,0,30,0,5,0.0,0.0,0.0,0.0,0.5
DeepSeek,none,raw_1call,SpotifyCares,Student Subscription,0,33,0,2,0.0,0.0,0.0,0.0,0.5
DeepSeek,none,validated_paths10_thr0.5,AmazonHelp,Account,2,18,0,0,1.0,1.0,1.0,1.0,1.0
DeepSeek,none,validated_paths10_thr0.5,AmazonHelp,Alexa,0,18,0,2,0.0,0.0,0.0,0.0,0.5
DeepSeek,none,validated_paths10_thr0.5,AmazonHelp,Apologize,7,11,0,1,1.0,0.875,0.9333333333333333,0.8955910525085282,0.9375
DeepSeek,none,validated_paths10_thr0.5,AmazonHelp,Bad Support,0,16,1,3,0.0,0.0,0.0,-0.09637388493048533,0.47058823529411764
DeepSeek,none,validated_paths10_thr0.5,AmazonHelp,Delivery,4,11,2,3,0.6666666666666666,0.5714285714285714,0.6153846153846153,0.43463356032809364,0.7087912087912087
DeepSeek,none,validated_paths10_thr0.5,AmazonHelp,Echo,2,17,0,1,1.0,0.6666666666666666,0.8,0.7934920476158722,0.8333333333333333
DeepSeek,none,validated_paths10_thr0.5,AmazonHelp,Investigate Issue,7,9,2,1,0.7777777777777778,0.875,0.823529411764706,0.6854365268376295,0.8465909090909092
DeepSeek,none,validated_paths10_thr0.5,AmazonHelp,Kindle,0,20,0,0,0.0,0.0,0.0,0.0,0.5
DeepSeek,none,validated_paths10_thr0.5,AmazonHelp,Order Cancellation,1,19,0,0,1.0,1.0,1.0,1.0,1.0
DeepSeek,none,validated_paths10_thr0.5,AmazonHelp,Packaging,1,19,0,0,1.0,1.0,1.0,1.0,1.0
DeepSeek,none,validated_paths10_thr0.5,AmazonHelp,Prime,5,13,0,2,1.0,0.7142857142857143,0.8333333333333333,0.7867957924694432,0.8571428571428572
DeepSeek,none,validated_paths10_thr0.5,AmazonHelp,Provide URL,13,6,0,0,1.0,1.0,1.0,1.0,1.0
DeepSeek,none,validated_paths10_thr0.5,AmazonHelp,Provide delivery date,1,17,0,1,1.0,0.5,0.6666666666666666,0.6871842709362768,0.75
DeepSeek,none,validated_paths10_thr0.5,AmazonHelp,Refer to specialist team,2,17,0,0,1.0,1.0,1.0,1.0,1.0
DeepSeek,none,validated_paths10_thr0.5,AmazonHelp,Refund,0,20,0,0,0.0,0.0,0.0,0.0,0.5
DeepSeek,none,validated_paths10_thr0.5,AmazonHelp,Replacement,0,20,0,0,0.0,0.0,0.0,0.0,0.5
DeepSeek,none,validated_paths10_thr0.5,AmazonHelp,Request to call by phone,3,16,0,0,1.0,1.0,1.0,1.0,1.0
DeepSeek,none,validated_paths10_thr0.5,AmazonHelp,Request to not send personal details,1,18,0,0,1.0,1.0,1.0,1.0,1.0
DeepSeek,none,validated_paths10_thr0.5,AmazonHelp,Request to reach out by chat,2,17,0,0,1.0,1.0,1.0,1.0,1.0
DeepSeek,none,validated_paths10_thr0.5,AmazonHelp,Return,2,18,0,0,1.0,1.0,1.0,1.0,1.0
DeepSeek,none,validated_paths10_thr0.5,AppleSupport,Battery,5,24,1,1,0.8333333333333334,0.8333333333333334,0.8333333333333334,0.7933333333333333,0.8966666666666667
DeepSeek,none,validated_paths10_thr0.5,AppleSupport,Investigate issue,13,8,3,3,0.8125,0.8125,0.8125,0.5397727272727273,0.7698863636363636
DeepSeek,none,validated_paths10_thr0.5,AppleSupport,Mac,3,27,1,0,0.75,1.0,0.8571428571428571,0.8504200642707612,0.9821428571428572
DeepSeek,none,validated_paths10_thr0.5,AppleSupport,Provide URL,16,11,0,0,1.0,1.0,1.0,1.0,1.0
DeepSeek,none,validated_paths10_thr0.5,AppleSupport,Provide device model,6,24,1,0,0.8571428571428571,1.0,0.923076923076923,0.9071147352221454,0.98
DeepSeek,none,validated_paths10_thr0.5,AppleSupport,Provide system version,8,21,0,2,1.0,0.8,0.888888888888889,0.8546547739343037,0.9
DeepSeek,none,validated_paths10_thr0.5,AppleSupport,Recommend backing up,0,27,0,0,0.0,0.0,0.0,0.0,0.5
DeepSeek,none,validated_paths10_thr0.5,AppleSupport,Recommend updating,0,27,0,0,0.0,0.0,0.0,0.0,0.5
DeepSeek,none,validated_paths10_thr0.5,AppleSupport,Refer to specialist team,0,27,0,0,0.0,0.0,0.0,0.0,0.5
DeepSeek,none,validated_paths10_thr0.5,AppleSupport,Refund,2,29,0,0,1.0,1.0,1.0,1.0,1.0
DeepSeek,none,validated_paths10_thr0.5,AppleSupport,Request DM,11,15,0,1,1.0,0.9166666666666666,0.9565217391304348,0.9270248108869579,0.9583333333333333
DeepSeek,none,validated_paths10_thr0.5,AppleSupport,Request country,0,27,0,0,0.0,0.0,0.0,0.0,0.5
DeepSeek,none,validated_paths10_thr0.5,AppleSupport,Request device model,2,24,0,1,1.0,0.6666666666666666,0.8,0.8,0.8333333333333333
DeepSeek,none,validated_paths10_thr0.5,AppleSupport,Request device restart,0,26,0,1,0.0,0.0,0.0,0.0,0.5
DeepSeek,none,validated_paths10_thr0.5,AppleSupport,Request iOS version,8,19,0,0,1.0,1.0,1.0,1.0,1.0
DeepSeek,none,validated_paths10_thr0.5,AppleSupport,Restart device,2,28,0,1,1.0,0.6666666666666666,0.8,0.802295557085754,0.8333333333333333
DeepSeek,none,validated_paths10_thr0.5,AppleSupport,Software/App,5,14,7,5,0.4166666666666667,0.5,0.45454545454545453,0.15995247832289886,0.5833333333333333
DeepSeek,none,validated_paths10_thr0.5,AppleSupport,TV,0,31,0,0,0.0,0.0,0.0,0.0,0.5
DeepSeek,none,validated_paths10_thr0.5,AppleSupport,Unresponsive/Freezing Device,3,21,5,2,0.375,0.6,0.4615384615384615,0.342685147574115,0.7038461538461538
DeepSeek,none,validated_paths10_thr0.5,AppleSupport,Update,12,17,0,2,1.0,0.8571428571428571,0.923076923076923,0.875738141931184,0.9285714285714286
DeepSeek,none,validated_paths10_thr0.5,AppleSupport,iPad,0,31,0,0,0.0,0.0,0.0,0.0,0.5
DeepSeek,none,validated_paths10_thr0.5,AppleSupport,iPhone,5,17,4,5,0.5555555555555556,0.5,0.5263157894736842,0.31876535509893733,0.6547619047619048
DeepSeek,none,validated_paths10_thr0.5,SpotifyCares,Account,3,28,1,3,0.75,0.5,0.6,0.5514416337357292,0.7327586206896552
DeepSeek,none,validated_paths10_thr0.5,SpotifyCares,Advertisement,1,32,1,1,0.5,0.5,0.5,0.4696969696969697,0.7348484848484849
DeepSeek,none,validated_paths10_thr0.5,SpotifyCares,App,3,25,1,6,0.75,0.3333333333333333,0.46153846153846156,0.4050702233638995,0.6474358974358975
DeepSeek,none,validated_paths10_thr0.5,SpotifyCares,Billing/Payment,6,27,1,1,0.8571428571428571,0.8571428571428571,0.8571428571428571,0.8214285714285714,0.9107142857142857
DeepSeek,none,validated_paths10_thr0.5,SpotifyCares,Family Subscription,1,34,0,0,1.0,1.0,1.0,1.0,1.0
DeepSeek,none,validated_paths10_thr0.5,SpotifyCares,Hulu,0,34,0,1,0.0,0.0,0.0,0.0,0.5
DeepSeek,none,validated_paths10_thr0.5,SpotifyCares,Login,2,31,0,2,1.0,0.5,0.6666666666666666,0.6853444168423419,0.75
DeepSeek,none,validated_paths10_thr0.5,SpotifyCares,Logout,1,32,1,1,0.5,0.5,0.5,0.4696969696969697,0.7348484848484849
DeepSeek,none,validated_paths10_thr0.5,SpotifyCares,Offer further help,3,21,3,1,0.5,0.75,0.6,0.5330017908890261,0.8125
DeepSeek,none,validated_paths10_thr0.5,SpotifyCares,Playlist,1,33,0,1,1.0,0.5,0.6666666666666666,0.696630546019236,0.75
DeepSeek,none,validated_paths10_thr0.5,SpotifyCares,Premium,1,32,1,1,0.5,0.5,0.5,0.4696969696969697,0.7348484848484849
DeepSeek,none,validated_paths10_thr0.5,SpotifyCares,Provide OS version,1,33,0,1,1.0,0.5,0.6666666666666666,0.696630546019236,0.75
DeepSeek,none,validated_paths10_thr0.5,SpotifyCares,Provide URL,13,15,0,0,1.0,1.0,1.0,1.0,1.0
DeepSeek,none,validated_paths10_thr0.5,SpotifyCares,Provide device model,1,31,0,3,1.0,0.25,0.4,0.47743185531611554,0.625
DeepSeek,none,validated_paths10_thr0.5,SpotifyCares,Provide email address,0,35,0,0,0.0,0.0,0.0,0.0,0.5
DeepSeek,none,validated_paths10_thr0.5,SpotifyCares,Provide error message,2,30,0,3,1.0,0.4,0.5714285714285715,0.6030226891555273,0.7
DeepSeek,none,validated_paths10_thr0.5,SpotifyCares,Provide spotify version,1,33,0,1,1.0,0.5,0.6666666666666666,0.696630546019236,0.75
DeepSeek,none,validated_paths10_thr0.5,SpotifyCares,Provide username,0,35,0,0,0.0,0.0,0.0,0.0,0.5
DeepSeek,none,validated_paths10_thr0.5,SpotifyCares,Refer to specialist team,0,28,0,0,0.0,0.0,0.0,0.0,0.5
DeepSeek,none,validated_paths10_thr0.5,SpotifyCares,Reinstall the app,0,34,0,1,0.0,0.0,0.0,0.0,0.5
DeepSeek,none,validated_paths10_thr0.5,SpotifyCares,Request DM,3,21,0,4,1.0,0.42857142857142855,0.6,0.6,0.7142857142857143
DeepSeek,none,validated_paths10_thr0.5,SpotifyCares,Request OS version,3,25,0,0,1.0,1.0,1.0,1.0,1.0
DeepSeek,none,validated_paths10_thr0.5,SpotifyCares,Request Spotify version,4,24,0,0,1.0,1.0,1.0,1.0,1.0
DeepSeek,none,validated_paths10_thr0.5,SpotifyCares,Request device restart,3,25,0,0,1.0,1.0,1.0,1.0,1.0
DeepSeek,none,validated_paths10_thr0.5,SpotifyCares,Request device version,4,24,0,0,1.0,1.0,1.0,1.0,1.0
DeepSeek,none,validated_paths10_thr0.5,SpotifyCares,Request email address,3,22,0,3,1.0,0.5,0.6666666666666666,0.6633249580710799,0.75
DeepSeek,none,validated_paths10_thr0.5,SpotifyCares,Request error message,3,25,0,0,1.0,1.0,1.0,1.0,1.0
DeepSeek,none,validated_paths10_thr0.5,SpotifyCares,Request exact issue description,1,26,1,0,0.5,1.0,0.6666666666666666,0.693888666488711,0.9814814814814814
DeepSeek,none,validated_paths10_thr0.5,SpotifyCares,Request login,3,25,0,0,1.0,1.0,1.0,1.0,1.0
DeepSeek,none,validated_paths10_thr0.5,SpotifyCares,Request logout,3,25,0,0,1.0,1.0,1.0,1.0,1.0
DeepSeek,none,validated_paths10_thr0.5,SpotifyCares,Request reinstall the app,2,26,0,0,1.0,1.0,1.0,1.0,1.0
DeepSeek,none,validated_paths10_thr0.5,SpotifyCares,Request username,3,23,0,2,1.0,0.6,0.7499999999999999,0.7429670248402683,0.8
DeepSeek,none,validated_paths10_thr0.5,SpotifyCares,Restart device,1,33,0,1,1.0,0.5,0.6666666666666666,0.696630546019236,0.75
DeepSeek,none,validated_paths10_thr0.5,SpotifyCares,Song/Artist,0,29,1,5,0.0,0.0,0.0,-0.0700140042014005,0.48333333333333334
DeepSeek,none,validated_paths10_thr0.5,SpotifyCares,Student Subscription,1,33,0,1,1.0,0.5,0.6666666666666666,0.696630546019236,0.75
DeepSeek,none,validated_paths10_thr0.6,AmazonHelp,Account,2,18,0,0,1.0,1.0,1.0,1.0,1.0
DeepSeek,none,validated_paths10_thr0.6,AmazonHelp,Alexa,0,18,0,2,0.0,0.0,0.0,0.0,0.5
DeepSeek,none,validated_paths10_thr0.6,AmazonHelp,Apologize,7,11,0,1,1.0,0.875,0.9333333333333333,0.8955910525085282,0.9375
DeepSeek,none,validated_paths10_thr0.6,AmazonHelp,Bad Support,0,16,1,3,0.0,0.0,0.0,-0.09637388493048533,0.47058823529411764
DeepSeek,none,validated_paths10_thr0.6,AmazonHelp,Delivery,4,11,2,3,0.6666666666666666,0.5714285714285714,0.6153846153846153,0.43463356032809364,0.7087912087912087
DeepSeek,none,validated_paths10_thr0.6,AmazonHelp,Echo,2,17,0,1,1.0,0.6666666666666666,0.8,0.7934920476158722,0.8333333333333333
DeepSeek,none,validated_paths10_thr0.6,AmazonHelp,Investigate Issue,7,9,2,1,0.7777777777777778,0.875,0.823529411764706,0.6854365268376295,0.8465909090909092
DeepSeek,none,validated_paths10_thr0.6,AmazonHelp,Kindle,0,20,0,0,0.0,0.0,0.0,0.0,0.5
DeepSeek,none,validated_paths10_thr0.6,AmazonHelp,Order Cancellation,1,19,0,0,1.0,1.0,1.0,1.0,1.0
DeepSeek,none,validated_paths10_thr0.6,AmazonHelp,Packaging,1,19,0,0,1.0,1.0,1.0,1.0,1.0
DeepSeek,none,validated_paths10_thr0.6,AmazonHelp,Prime,5,13,0,2,1.0,0.7142857142857143,0.8333333333333333,0.7867957924694432,0.8571428571428572
DeepSeek,none,validated_paths10_thr0.6,AmazonHelp,Provide URL,13,6,0,0,1.0,1.0,1.0,1.0,1.0
DeepSeek,none,validated_paths10_thr0.6,AmazonHelp,Provide delivery date,1,17,0,1,1.0,0.5,0.6666666666666666,0.6871842709362768,0.75
DeepSeek,none,validated_paths10_thr0.6,AmazonHelp,Refer to specialist team,2,17,0,0,1.0,1.0,1.0,1.0,1.0
DeepSeek,none,validated_paths10_thr0.6,AmazonHelp,Refund,0,20,0,0,0.0,0.0,0.0,0.0,0.5
DeepSeek,none,validated_paths10_thr0.6,AmazonHelp,Replacement,0,20,0,0,0.0,0.0,0.0,0.0,0.5
DeepSeek,none,validated_paths10_thr0.6,AmazonHelp,Request to call by phone,3,16,0,0,1.0,1.0,1.0,1.0,1.0
DeepSeek,none,validated_paths10_thr0.6,AmazonHelp,Request to not send personal details,1,18,0,0,1.0,1.0,1.0,1.0,1.0
DeepSeek,none,validated_paths10_thr0.6,AmazonHelp,Request to reach out by chat,2,17,0,0,1.0,1.0,1.0,1.0,1.0
DeepSeek,none,validated_paths10_thr0.6,AmazonHelp,Return,2,18,0,0,1.0,1.0,1.0,1.0,1.0
DeepSeek,none,validated_paths10_thr0.6,AppleSupport,Battery,5,24,1,1,0.8333333333333334,0.8333333333333334,0.8333333333333334,0.7933333333333333,0.8966666666666667
DeepSeek,none,validated_paths10_thr0.6,AppleSupport,Investigate issue,13,8,3,3,0.8125,0.8125,0.8125,0.5397727272727273,0.7698863636363636
DeepSeek,none,validated_paths10_thr0.6,AppleSupport,Mac,3,27,1,0,0.75,1.0,0.8571428571428571,0.8504200642707612,0.9821428571428572
DeepSeek,none,validated_paths10_thr0.6,AppleSupport,Provide URL,15,11,0,1,1.0,0.9375,0.967741935483871,0.9270248108869579,0.96875
DeepSeek,none,validated_paths10_thr0.6,AppleSupport,Provide device model,6,24,1,0,0.8571428571428571,1.0,0.923076923076923,0.9071147352221454,0.98
DeepSeek,none,validated_paths10_thr0.6,AppleSupport,Provide system version,8,21,0,2,1.0,0.8,0.888888888888889,0.8546547739343037,0.9
DeepSeek,none,validated_paths10_thr0.6,AppleSupport,Recommend backing up,0,27,0,0,0.0,0.0,0.0,0.0,0.5
DeepSeek,none,validated_paths10_thr0.6,AppleSupport,Recommend updating,0,27,0,0,0.0,0.0,0.0,0.0,0.5
DeepSeek,none,validated_paths10_thr0.6,AppleSupport,Refer to specialist team,0,27,0,0,0.0,0.0,0.0,0.0,0.5
DeepSeek,none,validated_paths10_thr0.6,AppleSupport,Refund,2,29,0,0,1.0,1.0,1.0,1.0,1.0
DeepSeek,none,validated_paths10_thr0.6,AppleSupport,Request DM,11,15,0,1,1.0,0.9166666666666666,0.9565217391304348,0.9270248108869579,0.9583333333333333
DeepSeek,none,validated_paths10_thr0.6,AppleSupport,Request country,0,27,0,0,0.0,0.0,0.0,0.0,0.5
DeepSeek,none,validated_paths10_thr0.6,AppleSupport,Request device model,2,24,0,1,1.0,0.6666666666666666,0.8,0.8,0.8333333333333333
DeepSeek,none,validated_paths10_thr0.6,AppleSupport,Request device restart,0,26,0,1,0.0,0.0,0.0,0.0,0.5
DeepSeek,none,validated_paths10_thr0.6,AppleSupport,Request iOS version,8,19,0,0,1.0,1.0,1.0,1.0,1.0
DeepSeek,none,validated_paths10_thr0.6,AppleSupport,Restart device,2,28,0,1,1.0,0.6666666666666666,0.8,0.802295557085754,0.8333333333333333
DeepSeek,none,validated_paths10_thr0.6,AppleSupport,Software/App,5,14,7,5,0.4166666666666667,0.5,0.45454545454545453,0.15995247832289886,0.5833333333333333
DeepSeek,none,validated_paths10_thr0.6,AppleSupport,TV,0,31,0,0,0.0,0.0,0.0,0.0,0.5
DeepSeek,none,validated_paths10_thr0.6,AppleSupport,Unresponsive/Freezing Device,3,21,5,2,0.375,0.6,0.4615384615384615,0.342685147574115,0.7038461538461538
DeepSeek,none,validated_paths10_thr0.6,AppleSupport,Update,12,17,0,2,1.0,0.8571428571428571,0.923076923076923,0.875738141931184,0.9285714285714286
DeepSeek,none,validated_paths10_thr0.6,AppleSupport,iPad,0,31,0,0,0.0,0.0,0.0,0.0,0.5
DeepSeek,none,validated_paths10_thr0.6,AppleSupport,iPhone,5,17,4,5,0.5555555555555556,0.5,0.5263157894736842,0.31876535509893733,0.6547619047619048
DeepSeek,none,validated_paths10_thr0.6,SpotifyCares,Account,3,28,1,3,0.75,0.5,0.6,0.5514416337357292,0.7327586206896552
DeepSeek,none,validated_paths10_thr0.6,SpotifyCares,Advertisement,1,32,1,1,0.5,0.5,0.5,0.4696969696969697,0.7348484848484849
DeepSeek,none,validated_paths10_thr0.6,SpotifyCares,App,3,25,1,6,0.75,0.3333333333333333,0.46153846153846156,0.4050702233638995,0.6474358974358975
DeepSeek,none,validated_paths10_thr0.6,SpotifyCares,Billing/Payment,6,27,1,1,0.8571428571428571,0.8571428571428571,0.8571428571428571,0.8214285714285714,0.9107142857142857
DeepSeek,none,validated_paths10_thr0.6,SpotifyCares,Family Subscription,1,34,0,0,1.0,1.0,1.0,1.0,1.0
DeepSeek,none,validated_paths10_thr0.6,SpotifyCares,Hulu,0,34,0,1,0.0,0.0,0.0,0.0,0.5
DeepSeek,none,validated_paths10_thr0.6,SpotifyCares,Login,2,31,0,2,1.0,0.5,0.6666666666666666,0.6853444168423419,0.75
DeepSeek,none,validated_paths10_thr0.6,SpotifyCares,Logout,1,32,1,1,0.5,0.5,0.5,0.4696969696969697,0.7348484848484849
DeepSeek,none,validated_paths10_thr0.6,SpotifyCares,Offer further help,3,21,3,1,0.5,0.75,0.6,0.5330017908890261,0.8125
DeepSeek,none,validated_paths10_thr0.6,SpotifyCares,Playlist,1,33,0,1,1.0,0.5,0.6666666666666666,0.696630546019236,0.75
DeepSeek,none,validated_paths10_thr0.6,SpotifyCares,Premium,1,32,1,1,0.5,0.5,0.5,0.4696969696969697,0.7348484848484849
DeepSeek,none,validated_paths10_thr0.6,SpotifyCares,Provide OS version,1,33,0,1,1.0,0.5,0.6666666666666666,0.696630546019236,0.75
DeepSeek,none,validated_paths10_thr0.6,SpotifyCares,Provide URL,13,15,0,0,1.0,1.0,1.0,1.0,1.0
DeepSeek,none,validated_paths10_thr0.6,SpotifyCares,Provide device model,1,31,0,3,1.0,0.25,0.4,0.47743185531611554,0.625
DeepSeek,none,validated_paths10_thr0.6,SpotifyCares,Provide email address,0,35,0,0,0.0,0.0,0.0,0.0,0.5
DeepSeek,none,validated_paths10_thr0.6,SpotifyCares,Provide error message,2,30,0,3,1.0,0.4,0.5714285714285715,0.6030226891555273,0.7
DeepSeek,none,validated_paths10_thr0.6,SpotifyCares,Provide spotify version,1,33,0,1,1.0,0.5,0.6666666666666666,0.696630546019236,0.75
DeepSeek,none,validated_paths10_thr0.6,SpotifyCares,Provide username,0,35,0,0,0.0,0.0,0.0,0.0,0.5
DeepSeek,none,validated_paths10_thr0.6,SpotifyCares,Refer to specialist team,0,28,0,0,0.0,0.0,0.0,0.0,0.5
DeepSeek,none,validated_paths10_thr0.6,SpotifyCares,Reinstall the app,0,34,0,1,0.0,0.0,0.0,0.0,0.5
DeepSeek,none,validated_paths10_thr0.6,SpotifyCares,Request DM,3,21,0,4,1.0,0.42857142857142855,0.6,0.6,0.7142857142857143
DeepSeek,none,validated_paths10_thr0.6,SpotifyCares,Request OS version,3,25,0,0,1.0,1.0,1.0,1.0,1.0
DeepSeek,none,validated_paths10_thr0.6,SpotifyCares,Request Spotify version,4,24,0,0,1.0,1.0,1.0,1.0,1.0
DeepSeek,none,validated_paths10_thr0.6,SpotifyCares,Request device restart,3,25,0,0,1.0,1.0,1.0,1.0,1.0
DeepSeek,none,validated_paths10_thr0.6,SpotifyCares,Request device version,4,24,0,0,1.0,1.0,1.0,1.0,1.0
DeepSeek,none,validated_paths10_thr0.6,SpotifyCares,Request email address,3,22,0,3,1.0,0.5,0.6666666666666666,0.6633249580710799,0.75
DeepSeek,none,validated_paths10_thr0.6,SpotifyCares,Request error message,3,25,0,0,1.0,1.0,1.0,1.0,1.0
DeepSeek,none,validated_paths10_thr0.6,SpotifyCares,Request exact issue description,1,26,1,0,0.5,1.0,0.6666666666666666,0.693888666488711,0.9814814814814814
DeepSeek,none,validated_paths10_thr0.6,SpotifyCares,Request login,3,25,0,0,1.0,1.0,1.0,1.0,1.0
DeepSeek,none,validated_paths10_thr0.6,SpotifyCares,Request logout,3,25,0,0,1.0,1.0,1.0,1.0,1.0
DeepSeek,none,validated_paths10_thr0.6,SpotifyCares,Request reinstall the app,2,26,0,0,1.0,1.0,1.0,1.0,1.0
DeepSeek,none,validated_paths10_thr0.6,SpotifyCares,Request username,3,23,0,2,1.0,0.6,0.7499999999999999,0.7429670248402683,0.8
DeepSeek,none,validated_paths10_thr0.6,SpotifyCares,Restart device,1,33,0,1,1.0,0.5,0.6666666666666666,0.696630546019236,0.75
DeepSeek,none,validated_paths10_thr0.6,SpotifyCares,Song/Artist,0,29,1,5,0.0,0.0,0.0,-0.0700140042014005,0.48333333333333334
DeepSeek,none,validated_paths10_thr0.6,SpotifyCares,Student Subscription,1,33,0,1,1.0,0.5,0.6666666666666666,0.696630546019236,0.75
DeepSeek,none,validated_paths10_thr0.7,AmazonHelp,Account,2,18,0,0,1.0,1.0,1.0,1.0,1.0
DeepSeek,none,validated_paths10_thr0.7,AmazonHelp,Alexa,0,18,0,2,0.0,0.0,0.0,0.0,0.5
DeepSeek,none,validated_paths10_thr0.7,AmazonHelp,Apologize,7,11,0,1,1.0,0.875,0.9333333333333333,0.8955910525085282,0.9375
DeepSeek,none,validated_paths10_thr0.7,AmazonHelp,Bad Support,0,16,1,3,0.0,0.0,0.0,-0.09637388493048533,0.47058823529411764
DeepSeek,none,validated_paths10_thr0.7,AmazonHelp,Delivery,4,11,2,3,0.6666666666666666,0.5714285714285714,0.6153846153846153,0.43463356032809364,0.7087912087912087
DeepSeek,none,validated_paths10_thr0.7,AmazonHelp,Echo,2,17,0,1,1.0,0.6666666666666666,0.8,0.7934920476158722,0.8333333333333333
DeepSeek,none,validated_paths10_thr0.7,AmazonHelp,Investigate Issue,7,9,2,1,0.7777777777777778,0.875,0.823529411764706,0.6854365268376295,0.8465909090909092
DeepSeek,none,validated_paths10_thr0.7,AmazonHelp,Kindle,0,20,0,0,0.0,0.0,0.0,0.0,0.5
DeepSeek,none,validated_paths10_thr0.7,AmazonHelp,Order Cancellation,1,19,0,0,1.0,1.0,1.0,1.0,1.0
DeepSeek,none,validated_paths10_thr0.7,AmazonHelp,Packaging,1,19,0,0,1.0,1.0,1.0,1.0,1.0
DeepSeek,none,validated_paths10_thr0.7,AmazonHelp,Prime,5,13,0,2,1.0,0.7142857142857143,0.8333333333333333,0.7867957924694432,0.8571428571428572
DeepSeek,none,validated_paths10_thr0.7,AmazonHelp,Provide URL,13,6,0,0,1.0,1.0,1.0,1.0,1.0
DeepSeek,none,validated_paths10_thr0.7,AmazonHelp,Provide delivery date,1,17,0,1,1.0,0.5,0.6666666666666666,0.6871842709362768,0.75
DeepSeek,none,validated_paths10_thr0.7,AmazonHelp,Refer to specialist team,2,17,0,0,1.0,1.0,1.0,1.0,1.0
DeepSeek,none,validated_paths10_thr0.7,AmazonHelp,Refund,0,20,0,0,0.0,0.0,0.0,0.0,0.5
DeepSeek,none,validated_paths10_thr0.7,AmazonHelp,Replacement,0,20,0,0,0.0,0.0,0.0,0.0,0.5
DeepSeek,none,validated_paths10_thr0.7,AmazonHelp,Request to call by phone,3,16,0,0,1.0,1.0,1.0,1.0,1.0
DeepSeek,none,validated_paths10_thr0.7,AmazonHelp,Request to not send personal details,1,18,0,0,1.0,1.0,1.0,1.0,1.0
DeepSeek,none,validated_paths10_thr0.7,AmazonHelp,Request to reach out by chat,2,17,0,0,1.0,1.0,1.0,1.0,1.0
DeepSeek,none,validated_paths10_thr0.7,AmazonHelp,Return,2,18,0,0,1.0,1.0,1.0,1.0,1.0
DeepSeek,none,validated_paths10_thr0.7,AppleSupport,Battery,5,24,1,1,0.8333333333333334,0.8333333333333334,0.8333333333333334,0.7933333333333333,0.8966666666666667
DeepSeek,none,validated_paths10_thr0.7,AppleSupport,Investigate issue,13,8,3,3,0.8125,0.8125,0.8125,0.5397727272727273,0.7698863636363636
DeepSeek,none,validated_paths10_thr0.7,AppleSupport,Mac,3,27,1,0,0.75,1.0,0.8571428571428571,0.8504200642707612,0.9821428571428572
DeepSeek,none,validated_paths10_thr0.7,AppleSupport,Provide URL,15,11,0,1,1.0,0.9375,0.967741935483871,0.9270248108869579,0.96875
DeepSeek,none,validated_paths10_thr0.7,AppleSupport,Provide device model,6,24,1,0,0.8571428571428571,1.0,0.923076923076923,0.9071147352221454,0.98
DeepSeek,none,validated_paths10_thr0.7,AppleSupport,Provide system version,8,21,0,2,1.0,0.8,0.888888888888889,0.8546547739343037,0.9
DeepSeek,none,validated_paths10_thr0.7,AppleSupport,Recommend backing up,0,27,0,0,0.0,0.0,0.0,0.0,0.5
DeepSeek,none,validated_paths10_thr0.7,AppleSupport,Recommend updating,0,27,0,0,0.0,0.0,0.0,0.0,0.5
DeepSeek,none,validated_paths10_thr0.7,AppleSupport,Refer to specialist team,0,27,0,0,0.0,0.0,0.0,0.0,0.5
DeepSeek,none,validated_paths10_thr0.7,AppleSupport,Refund,2,29,0,0,1.0,1.0,1.0,1.0,1.0
DeepSeek,none,validated_paths10_thr0.7,AppleSupport,Request DM,11,15,0,1,1.0,0.9166666666666666,0.9565217391304348,0.9270248108869579,0.9583333333333333
DeepSeek,none,validated_paths10_thr0.7,AppleSupport,Request country,0,27,0,0,0.0,0.0,0.0,0.0,0.5
DeepSeek,none,validated_paths10_thr0.7,AppleSupport,Request device model,2,24,0,1,1.0,0.6666666666666666,0.8,0.8,0.8333333333333333
DeepSeek,none,validated_paths10_thr0.7,AppleSupport,Request device restart,0,26,0,1,0.0,0.0,0.0,0.0,0.5
DeepSeek,none,validated_paths10_thr0.7,AppleSupport,Request iOS version,8,19,0,0,1.0,1.0,1.0,1.0,1.0
DeepSeek,none,validated_paths10_thr0.7,AppleSupport,Restart device,2,28,0,1,1.0,0.6666666666666666,0.8,0.802295557085754,0.8333333333333333
DeepSeek,none,validated_paths10_thr0.7,AppleSupport,Software/App,5,14,7,5,0.4166666666666667,0.5,0.45454545454545453,0.15995247832289886,0.5833333333333333
DeepSeek,none,validated_paths10_thr0.7,AppleSupport,TV,0,31,0,0,0.0,0.0,0.0,0.0,0.5
DeepSeek,none,validated_paths10_thr0.7,AppleSupport,Unresponsive/Freezing Device,3,21,5,2,0.375,0.6,0.4615384615384615,0.342685147574115,0.7038461538461538
DeepSeek,none,validated_paths10_thr0.7,AppleSupport,Update,12,17,0,2,1.0,0.8571428571428571,0.923076923076923,0.875738141931184,0.9285714285714286
DeepSeek,none,validated_paths10_thr0.7,AppleSupport,iPad,0,31,0,0,0.0,0.0,0.0,0.0,0.5
DeepSeek,none,validated_paths10_thr0.7,AppleSupport,iPhone,5,17,4,5,0.5555555555555556,0.5,0.5263157894736842,0.31876535509893733,0.6547619047619048
DeepSeek,none,validated_paths10_thr0.7,SpotifyCares,Account,3,28,1,3,0.75,0.5,0.6,0.5514416337357292,0.7327586206896552
DeepSeek,none,validated_paths10_thr0.7,SpotifyCares,Advertisement,1,32,1,1,0.5,0.5,0.5,0.4696969696969697,0.7348484848484849
DeepSeek,none,validated_paths10_thr0.7,SpotifyCares,App,3,25,1,6,0.75,0.3333333333333333,0.46153846153846156,0.4050702233638995,0.6474358974358975
DeepSeek,none,validated_paths10_thr0.7,SpotifyCares,Billing/Payment,6,27,1,1,0.8571428571428571,0.8571428571428571,0.8571428571428571,0.8214285714285714,0.9107142857142857
DeepSeek,none,validated_paths10_thr0.7,SpotifyCares,Family Subscription,1,34,0,0,1.0,1.0,1.0,1.0,1.0
DeepSeek,none,validated_paths10_thr0.7,SpotifyCares,Hulu,0,34,0,1,0.0,0.0,0.0,0.0,0.5
DeepSeek,none,validated_paths10_thr0.7,SpotifyCares,Login,2,31,0,2,1.0,0.5,0.6666666666666666,0.6853444168423419,0.75
DeepSeek,none,validated_paths10_thr0.7,SpotifyCares,Logout,1,32,1,1,0.5,0.5,0.5,0.4696969696969697,0.7348484848484849
DeepSeek,none,validated_paths10_thr0.7,SpotifyCares,Offer further help,3,21,3,1,0.5,0.75,0.6,0.5330017908890261,0.8125
DeepSeek,none,validated_paths10_thr0.7,SpotifyCares,Playlist,1,33,0,1,1.0,0.5,0.6666666666666666,0.696630546019236,0.75
DeepSeek,none,validated_paths10_thr0.7,SpotifyCares,Premium,1,32,1,1,0.5,0.5,0.5,0.4696969696969697,0.7348484848484849
DeepSeek,none,validated_paths10_thr0.7,SpotifyCares,Provide OS version,1,33,0,1,1.0,0.5,0.6666666666666666,0.696630546019236,0.75
DeepSeek,none,validated_paths10_thr0.7,SpotifyCares,Provide URL,13,15,0,0,1.0,1.0,1.0,1.0,1.0
DeepSeek,none,validated_paths10_thr0.7,SpotifyCares,Provide device model,1,31,0,3,1.0,0.25,0.4,0.47743185531611554,0.625
DeepSeek,none,validated_paths10_thr0.7,SpotifyCares,Provide email address,0,35,0,0,0.0,0.0,0.0,0.0,0.5
DeepSeek,none,validated_paths10_thr0.7,SpotifyCares,Provide error message,2,30,0,3,1.0,0.4,0.5714285714285715,0.6030226891555273,0.7
DeepSeek,none,validated_paths10_thr0.7,SpotifyCares,Provide spotify version,1,33,0,1,1.0,0.5,0.6666666666666666,0.696630546019236,0.75
DeepSeek,none,validated_paths10_thr0.7,SpotifyCares,Provide username,0,35,0,0,0.0,0.0,0.0,0.0,0.5
DeepSeek,none,validated_paths10_thr0.7,SpotifyCares,Refer to specialist team,0,28,0,0,0.0,0.0,0.0,0.0,0.5
DeepSeek,none,validated_paths10_thr0.7,SpotifyCares,Reinstall the app,0,34,0,1,0.0,0.0,0.0,0.0,0.5
DeepSeek,none,validated_paths10_thr0.7,SpotifyCares,Request DM,3,21,0,4,1.0,0.42857142857142855,0.6,0.6,0.7142857142857143
DeepSeek,none,validated_paths10_thr0.7,SpotifyCares,Request OS version,3,25,0,0,1.0,1.0,1.0,1.0,1.0
DeepSeek,none,validated_paths10_thr0.7,SpotifyCares,Request Spotify version,4,24,0,0,1.0,1.0,1.0,1.0,1.0
DeepSeek,none,validated_paths10_thr0.7,SpotifyCares,Request device restart,3,25,0,0,1.0,1.0,1.0,1.0,1.0
DeepSeek,none,validated_paths10_thr0.7,SpotifyCares,Request device version,4,24,0,0,1.0,1.0,1.0,1.0,1.0
DeepSeek,none,validated_paths10_thr0.7,SpotifyCares,Request email address,3,22,0,3,1.0,0.5,0.6666666666666666,0.6633249580710799,0.75
DeepSeek,none,validated_paths10_thr0.7,SpotifyCares,Request error message,3,25,0,0,1.0,1.0,1.0,1.0,1.0
DeepSeek,none,validated_paths10_thr0.7,SpotifyCares,Request exact issue description,1,26,1,0,0.5,1.0,0.6666666666666666,0.693888666488711,0.9814814814814814
DeepSeek,none,validated_paths10_thr0.7,SpotifyCares,Request login,3,25,0,0,1.0,1.0,1.0,1.0,1.0
DeepSeek,none,validated_paths10_thr0.7,SpotifyCares,Request logout,3,25,0,0,1.0,1.0,1.0,1.0,1.0
DeepSeek,none,validated_paths10_thr0.7,SpotifyCares,Request reinstall the app,2,26,0,0,1.0,1.0,1.0,1.0,1.0
DeepSeek,none,validated_paths10_thr0.7,SpotifyCares,Request username,3,23,0,2,1.0,0.6,0.7499999999999999,0.7429670248402683,0.8
DeepSeek,none,validated_paths10_thr0.7,SpotifyCares,Restart device,1,33,0,1,1.0,0.5,0.6666666666666666,0.696630546019236,0.75
DeepSeek,none,validated_paths10_thr0.7,SpotifyCares,Song/Artist,0,29,1,5,0.0,0.0,0.0,-0.0700140042014005,0.48333333333333334
DeepSeek,none,validated_paths10_thr0.7,SpotifyCares,Student Subscription,1,33,0,1,1.0,0.5,0.6666666666666666,0.696630546019236,0.75
DeepSeek,none,validated_paths10_thr0.8,AmazonHelp,Account,2,18,0,0,1.0,1.0,1.0,1.0,1.0
DeepSeek,none,validated_paths10_thr0.8,AmazonHelp,Alexa,0,18,0,2,0.0,0.0,0.0,0.0,0.5
DeepSeek,none,validated_paths10_thr0.8,AmazonHelp,Apologize,7,11,0,1,1.0,0.875,0.9333333333333333,0.8955910525085282,0.9375
DeepSeek,none,validated_paths10_thr0.8,AmazonHelp,Bad Support,0,16,1,3,0.0,0.0,0.0,-0.09637388493048533,0.47058823529411764
DeepSeek,none,validated_paths10_thr0.8,AmazonHelp,Delivery,4,11,2,3,0.6666666666666666,0.5714285714285714,0.6153846153846153,0.43463356032809364,0.7087912087912087
DeepSeek,none,validated_paths10_thr0.8,AmazonHelp,Echo,2,17,0,1,1.0,0.6666666666666666,0.8,0.7934920476158722,0.8333333333333333
DeepSeek,none,validated_paths10_thr0.8,AmazonHelp,Investigate Issue,7,9,2,1,0.7777777777777778,0.875,0.823529411764706,0.6854365268376295,0.8465909090909092
DeepSeek,none,validated_paths10_thr0.8,AmazonHelp,Kindle,0,20,0,0,0.0,0.0,0.0,0.0,0.5
DeepSeek,none,validated_paths10_thr0.8,AmazonHelp,Order Cancellation,1,19,0,0,1.0,1.0,1.0,1.0,1.0
DeepSeek,none,validated_paths10_thr0.8,AmazonHelp,Packaging,1,19,0,0,1.0,1.0,1.0,1.0,1.0
DeepSeek,none,validated_paths10_thr0.8,AmazonHelp,Prime,5,13,0,2,1.0,0.7142857142857143,0.8333333333333333,0.7867957924694432,0.8571428571428572
DeepSeek,none,validated_paths10_thr0.8,AmazonHelp,Provide URL,13,6,0,0,1.0,1.0,1.0,1.0,1.0
DeepSeek,none,validated_paths10_thr0.8,AmazonHelp,Provide delivery date,1,17,0,1,1.0,0.5,0.6666666666666666,0.6871842709362768,0.75
DeepSeek,none,validated_paths10_thr0.8,AmazonHelp,Refer to specialist team,2,17,0,0,1.0,1.0,1.0,1.0,1.0
DeepSeek,none,validated_paths10_thr0.8,AmazonHelp,Refund,0,20,0,0,0.0,0.0,0.0,0.0,0.5
DeepSeek,none,validated_paths10_thr0.8,AmazonHelp,Replacement,0,20,0,0,0.0,0.0,0.0,0.0,0.5
DeepSeek,none,validated_paths10_thr0.8,AmazonHelp,Request to call by phone,3,16,0,0,1.0,1.0,1.0,1.0,1.0
DeepSeek,none,validated_paths10_thr0.8,AmazonHelp,Request to not send personal details,1,18,0,0,1.0,1.0,1.0,1.0,1.0
DeepSeek,none,validated_paths10_thr0.8,AmazonHelp,Request to reach out by chat,2,17,0,0,1.0,1.0,1.0,1.0,1.0
DeepSeek,none,validated_paths10_thr0.8,AmazonHelp,Return,2,18,0,0,1.0,1.0,1.0,1.0,1.0
DeepSeek,none,validated_paths10_thr0.8,AppleSupport,Battery,5,24,1,1,0.8333333333333334,0.8333333333333334,0.8333333333333334,0.7933333333333333,0.8966666666666667
DeepSeek,none,validated_paths10_thr0.8,AppleSupport,Investigate issue,13,8,3,3,0.8125,0.8125,0.8125,0.5397727272727273,0.7698863636363636
DeepSeek,none,validated_paths10_thr0.8,AppleSupport,Mac,3,27,1,0,0.75,1.0,0.8571428571428571,0.8504200642707612,0.9821428571428572
DeepSeek,none,validated_paths10_thr0.8,AppleSupport,Provide URL,15,11,0,1,1.0,0.9375,0.967741935483871,0.9270248108869579,0.96875
DeepSeek,none,validated_paths10_thr0.8,AppleSupport,Provide device model,6,24,1,0,0.8571428571428571,1.0,0.923076923076923,0.9071147352221454,0.98
DeepSeek,none,validated_paths10_thr0.8,AppleSupport,Provide system version,8,21,0,2,1.0,0.8,0.888888888888889,0.8546547739343037,0.9
DeepSeek,none,validated_paths10_thr0.8,AppleSupport,Recommend backing up,0,27,0,0,0.0,0.0,0.0,0.0,0.5
DeepSeek,none,validated_paths10_thr0.8,AppleSupport,Recommend updating,0,27,0,0,0.0,0.0,0.0,0.0,0.5
DeepSeek,none,validated_paths10_thr0.8,AppleSupport,Refer to specialist team,0,27,0,0,0.0,0.0,0.0,0.0,0.5
DeepSeek,none,validated_paths10_thr0.8,AppleSupport,Refund,2,29,0,0,1.0,1.0,1.0,1.0,1.0
DeepSeek,none,validated_paths10_thr0.8,AppleSupport,Request DM,11,15,0,1,1.0,0.9166666666666666,0.9565217391304348,0.9270248108869579,0.9583333333333333
DeepSeek,none,validated_paths10_thr0.8,AppleSupport,Request country,0,27,0,0,0.0,0.0,0.0,0.0,0.5
DeepSeek,none,validated_paths10_thr0.8,AppleSupport,Request device model,2,24,0,1,1.0,0.6666666666666666,0.8,0.8,0.8333333333333333
DeepSeek,none,validated_paths10_thr0.8,AppleSupport,Request device restart,0,26,0,1,0.0,0.0,0.0,0.0,0.5
DeepSeek,none,validated_paths10_thr0.8,AppleSupport,Request iOS version,8,19,0,0,1.0,1.0,1.0,1.0,1.0
DeepSeek,none,validated_paths10_thr0.8,AppleSupport,Restart device,2,28,0,1,1.0,0.6666666666666666,0.8,0.802295557085754,0.8333333333333333
DeepSeek,none,validated_paths10_thr0.8,AppleSupport,Software/App,5,14,7,5,0.4166666666666667,0.5,0.45454545454545453,0.15995247832289886,0.5833333333333333
DeepSeek,none,validated_paths10_thr0.8,AppleSupport,TV,0,31,0,0,0.0,0.0,0.0,0.0,0.5
DeepSeek,none,validated_paths10_thr0.8,AppleSupport,Unresponsive/Freezing Device,3,21,5,2,0.375,0.6,0.4615384615384615,0.342685147574115,0.7038461538461538
DeepSeek,none,validated_paths10_thr0.8,AppleSupport,Update,12,17,0,2,1.0,0.8571428571428571,0.923076923076923,0.875738141931184,0.9285714285714286
DeepSeek,none,validated_paths10_thr0.8,AppleSupport,iPad,0,31,0,0,0.0,0.0,0.0,0.0,0.5
DeepSeek,none,validated_paths10_thr0.8,AppleSupport,iPhone,5,17,4,5,0.5555555555555556,0.5,0.5263157894736842,0.31876535509893733,0.6547619047619048
DeepSeek,none,validated_paths10_thr0.8,SpotifyCares,Account,3,28,1,3,0.75,0.5,0.6,0.5514416337357292,0.7327586206896552
DeepSeek,none,validated_paths10_thr0.8,SpotifyCares,Advertisement,1,32,1,1,0.5,0.5,0.5,0.4696969696969697,0.7348484848484849
DeepSeek,none,validated_paths10_thr0.8,SpotifyCares,App,3,25,1,6,0.75,0.3333333333333333,0.46153846153846156,0.4050702233638995,0.6474358974358975
DeepSeek,none,validated_paths10_thr0.8,SpotifyCares,Billing/Payment,6,27,1,1,0.8571428571428571,0.8571428571428571,0.8571428571428571,0.8214285714285714,0.9107142857142857
DeepSeek,none,validated_paths10_thr0.8,SpotifyCares,Family Subscription,1,34,0,0,1.0,1.0,1.0,1.0,1.0
DeepSeek,none,validated_paths10_thr0.8,SpotifyCares,Hulu,0,34,0,1,0.0,0.0,0.0,0.0,0.5
DeepSeek,none,validated_paths10_thr0.8,SpotifyCares,Login,2,31,0,2,1.0,0.5,0.6666666666666666,0.6853444168423419,0.75
DeepSeek,none,validated_paths10_thr0.8,SpotifyCares,Logout,1,32,1,1,0.5,0.5,0.5,0.4696969696969697,0.7348484848484849
DeepSeek,none,validated_paths10_thr0.8,SpotifyCares,Offer further help,3,21,3,1,0.5,0.75,0.6,0.5330017908890261,0.8125
DeepSeek,none,validated_paths10_thr0.8,SpotifyCares,Playlist,1,33,0,1,1.0,0.5,0.6666666666666666,0.696630546019236,0.75
DeepSeek,none,validated_paths10_thr0.8,SpotifyCares,Premium,1,32,1,1,0.5,0.5,0.5,0.4696969696969697,0.7348484848484849
DeepSeek,none,validated_paths10_thr0.8,SpotifyCares,Provide OS version,1,33,0,1,1.0,0.5,0.6666666666666666,0.696630546019236,0.75
DeepSeek,none,validated_paths10_thr0.8,SpotifyCares,Provide URL,10,15,0,3,1.0,0.7692307692307693,0.8695652173913044,0.8006407690254357,0.8846153846153846
DeepSeek,none,validated_paths10_thr0.8,SpotifyCares,Provide device model,1,31,0,3,1.0,0.25,0.4,0.47743185531611554,0.625
DeepSeek,none,validated_paths10_thr0.8,SpotifyCares,Provide email address,0,35,0,0,0.0,0.0,0.0,0.0,0.5
DeepSeek,none,validated_paths10_thr0.8,SpotifyCares,Provide error message,2,30,0,3,1.0,0.4,0.5714285714285715,0.6030226891555273,0.7
DeepSeek,none,validated_paths10_thr0.8,SpotifyCares,Provide spotify version,1,33,0,1,1.0,0.5,0.6666666666666666,0.696630546019236,0.75
DeepSeek,none,validated_paths10_thr0.8,SpotifyCares,Provide username,0,35,0,0,0.0,0.0,0.0,0.0,0.5
DeepSeek,none,validated_paths10_thr0.8,SpotifyCares,Refer to specialist team,0,28,0,0,0.0,0.0,0.0,0.0,0.5
DeepSeek,none,validated_paths10_thr0.8,SpotifyCares,Reinstall the app,0,34,0,1,0.0,0.0,0.0,0.0,0.5
DeepSeek,none,validated_paths10_thr0.8,SpotifyCares,Request DM,3,21,0,4,1.0,0.42857142857142855,0.6,0.6,0.7142857142857143
DeepSeek,none,validated_paths10_thr0.8,SpotifyCares,Request OS version,3,25,0,0,1.0,1.0,1.0,1.0,1.0
DeepSeek,none,validated_paths10_thr0.8,SpotifyCares,Request Spotify version,4,24,0,0,1.0,1.0,1.0,1.0,1.0
DeepSeek,none,validated_paths10_thr0.8,SpotifyCares,Request device restart,3,25,0,0,1.0,1.0,1.0,1.0,1.0
DeepSeek,none,validated_paths10_thr0.8,SpotifyCares,Request device version,4,24,0,0,1.0,1.0,1.0,1.0,1.0
DeepSeek,none,validated_paths10_thr0.8,SpotifyCares,Request email address,3,22,0,3,1.0,0.5,0.6666666666666666,0.6633249580710799,0.75
DeepSeek,none,validated_paths10_thr0.8,SpotifyCares,Request error message,3,25,0,0,1.0,1.0,1.0,1.0,1.0
DeepSeek,none,validated_paths10_thr0.8,SpotifyCares,Request exact issue description,1,26,1,0,0.5,1.0,0.6666666666666666,0.693888666488711,0.9814814814814814
DeepSeek,none,validated_paths10_thr0.8,SpotifyCares,Request login,3,25,0,0,1.0,1.0,1.0,1.0,1.0
DeepSeek,none,validated_paths10_thr0.8,SpotifyCares,Request logout,3,25,0,0,1.0,1.0,1.0,1.0,1.0
DeepSeek,none,validated_paths10_thr0.8,SpotifyCares,Request reinstall the app,2,26,0,0,1.0,1.0,1.0,1.0,1.0
DeepSeek,none,validated_paths10_thr0.8,SpotifyCares,Request username,3,23,0,2,1.0,0.6,0.7499999999999999,0.7429670248402683,0.8
DeepSeek,none,validated_paths10_thr0.8,SpotifyCares,Restart device,1,33,0,1,1.0,0.5,0.6666666666666666,0.696630546019236,0.75
DeepSeek,none,validated_paths10_thr0.8,SpotifyCares,Song/Artist,0,29,1,5,0.0,0.0,0.0,-0.0700140042014005,0.48333333333333334
DeepSeek,none,validated_paths10_thr0.8,SpotifyCares,Student Subscription,1,33,0,1,1.0,0.5,0.6666666666666666,0.696630546019236,0.75
DeepSeek,none,validated_paths10_thr0.9,AmazonHelp,Account,2,18,0,0,1.0,1.0,1.0,1.0,1.0
DeepSeek,none,validated_paths10_thr0.9,AmazonHelp,Alexa,0,18,0,2,0.0,0.0,0.0,0.0,0.5
DeepSeek,none,validated_paths10_thr0.9,AmazonHelp,Apologize,7,11,0,1,1.0,0.875,0.9333333333333333,0.8955910525085282,0.9375
DeepSeek,none,validated_paths10_thr0.9,AmazonHelp,Bad Support,0,16,1,3,0.0,0.0,0.0,-0.09637388493048533,0.47058823529411764
DeepSeek,none,validated_paths10_thr0.9,AmazonHelp,Delivery,4,11,2,3,0.6666666666666666,0.5714285714285714,0.6153846153846153,0.43463356032809364,0.7087912087912087
DeepSeek,none,validated_paths10_thr0.9,AmazonHelp,Echo,2,17,0,1,1.0,0.6666666666666666,0.8,0.7934920476158722,0.8333333333333333
DeepSeek,none,validated_paths10_thr0.9,AmazonHelp,Investigate Issue,7,9,2,1,0.7777777777777778,0.875,0.823529411764706,0.6854365268376295,0.8465909090909092
DeepSeek,none,validated_paths10_thr0.9,AmazonHelp,Kindle,0,20,0,0,0.0,0.0,0.0,0.0,0.5
DeepSeek,none,validated_paths10_thr0.9,AmazonHelp,Order Cancellation,1,19,0,0,1.0,1.0,1.0,1.0,1.0
DeepSeek,none,validated_paths10_thr0.9,AmazonHelp,Packaging,1,19,0,0,1.0,1.0,1.0,1.0,1.0
DeepSeek,none,validated_paths10_thr0.9,AmazonHelp,Prime,5,13,0,2,1.0,0.7142857142857143,0.8333333333333333,0.7867957924694432,0.8571428571428572
DeepSeek,none,validated_paths10_thr0.9,AmazonHelp,Provide URL,13,6,0,0,1.0,1.0,1.0,1.0,1.0
DeepSeek,none,validated_paths10_thr0.9,AmazonHelp,Provide delivery date,1,17,0,1,1.0,0.5,0.6666666666666666,0.6871842709362768,0.75
DeepSeek,none,validated_paths10_thr0.9,AmazonHelp,Refer to specialist team,2,17,0,0,1.0,1.0,1.0,1.0,1.0
DeepSeek,none,validated_paths10_thr0.9,AmazonHelp,Refund,0,20,0,0,0.0,0.0,0.0,0.0,0.5
DeepSeek,none,validated_paths10_thr0.9,AmazonHelp,Replacement,0,20,0,0,0.0,0.0,0.0,0.0,0.5
DeepSeek,none,validated_paths10_thr0.9,AmazonHelp,Request to call by phone,3,16,0,0,1.0,1.0,1.0,1.0,1.0
DeepSeek,none,validated_paths10_thr0.9,AmazonHelp,Request to not send personal details,1,18,0,0,1.0,1.0,1.0,1.0,1.0
DeepSeek,none,validated_paths10_thr0.9,AmazonHelp,Request to reach out by chat,2,17,0,0,1.0,1.0,1.0,1.0,1.0
DeepSeek,none,validated_paths10_thr0.9,AmazonHelp,Return,2,18,0,0,1.0,1.0,1.0,1.0,1.0
DeepSeek,none,validated_paths10_thr0.9,AppleSupport,Battery,5,24,1,1,0.8333333333333334,0.8333333333333334,0.8333333333333334,0.7933333333333333,0.8966666666666667
DeepSeek,none,validated_paths10_thr0.9,AppleSupport,Investigate issue,13,8,3,3,0.8125,0.8125,0.8125,0.5397727272727273,0.7698863636363636
DeepSeek,none,validated_paths10_thr0.9,AppleSupport,Mac,3,27,1,0,0.75,1.0,0.8571428571428571,0.8504200642707612,0.9821428571428572
DeepSeek,none,validated_paths10_thr0.9,AppleSupport,Provide URL,15,11,0,1,1.0,0.9375,0.967741935483871,0.9270248108869579,0.96875
DeepSeek,none,validated_paths10_thr0.9,AppleSupport,Provide device model,6,24,1,0,0.8571428571428571,1.0,0.923076923076923,0.9071147352221454,0.98
DeepSeek,none,validated_paths10_thr0.9,AppleSupport,Provide system version,8,21,0,2,1.0,0.8,0.888888888888889,0.8546547739343037,0.9
DeepSeek,none,validated_paths10_thr0.9,AppleSupport,Recommend backing up,0,27,0,0,0.0,0.0,0.0,0.0,0.5
DeepSeek,none,validated_paths10_thr0.9,AppleSupport,Recommend updating,0,27,0,0,0.0,0.0,0.0,0.0,0.5
DeepSeek,none,validated_paths10_thr0.9,AppleSupport,Refer to specialist team,0,27,0,0,0.0,0.0,0.0,0.0,0.5
DeepSeek,none,validated_paths10_thr0.9,AppleSupport,Refund,2,29,0,0,1.0,1.0,1.0,1.0,1.0
DeepSeek,none,validated_paths10_thr0.9,AppleSupport,Request DM,11,15,0,1,1.0,0.9166666666666666,0.9565217391304348,0.9270248108869579,0.9583333333333333
DeepSeek,none,validated_paths10_thr0.9,AppleSupport,Request country,0,27,0,0,0.0,0.0,0.0,0.0,0.5
DeepSeek,none,validated_paths10_thr0.9,AppleSupport,Request device model,2,24,0,1,1.0,0.6666666666666666,0.8,0.8,0.8333333333333333
DeepSeek,none,validated_paths10_thr0.9,AppleSupport,Request device restart,0,26,0,1,0.0,0.0,0.0,0.0,0.5
DeepSeek,none,validated_paths10_thr0.9,AppleSupport,Request iOS version,8,19,0,0,1.0,1.0,1.0,1.0,1.0
DeepSeek,none,validated_paths10_thr0.9,AppleSupport,Restart device,2,28,0,1,1.0,0.6666666666666666,0.8,0.802295557085754,0.8333333333333333
DeepSeek,none,validated_paths10_thr0.9,AppleSupport,Software/App,5,14,7,5,0.4166666666666667,0.5,0.45454545454545453,0.15995247832289886,0.5833333333333333
DeepSeek,none,validated_paths10_thr0.9,AppleSupport,TV,0,31,0,0,0.0,0.0,0.0,0.0,0.5
DeepSeek,none,validated_paths10_thr0.9,AppleSupport,Unresponsive/Freezing Device,3,21,5,2,0.375,0.6,0.4615384615384615,0.342685147574115,0.7038461538461538
DeepSeek,none,validated_paths10_thr0.9,AppleSupport,Update,12,17,0,2,1.0,0.8571428571428571,0.923076923076923,0.875738141931184,0.9285714285714286
DeepSeek,none,validated_paths10_thr0.9,AppleSupport,iPad,0,31,0,0,0.0,0.0,0.0,0.0,0.5
DeepSeek,none,validated_paths10_thr0.9,AppleSupport,iPhone,5,17,4,5,0.5555555555555556,0.5,0.5263157894736842,0.31876535509893733,0.6547619047619048
DeepSeek,none,validated_paths10_thr0.9,SpotifyCares,Account,3,28,1,3,0.75,0.5,0.6,0.5514416337357292,0.7327586206896552
DeepSeek,none,validated_paths10_thr0.9,SpotifyCares,Advertisement,1,32,1,1,0.5,0.5,0.5,0.4696969696969697,0.7348484848484849
DeepSeek,none,validated_paths10_thr0.9,SpotifyCares,App,3,25,1,6,0.75,0.3333333333333333,0.46153846153846156,0.4050702233638995,0.6474358974358975
DeepSeek,none,validated_paths10_thr0.9,SpotifyCares,Billing/Payment,6,27,1,1,0.8571428571428571,0.8571428571428571,0.8571428571428571,0.8214285714285714,0.9107142857142857
DeepSeek,none,validated_paths10_thr0.9,SpotifyCares,Family Subscription,1,34,0,0,1.0,1.0,1.0,1.0,1.0
DeepSeek,none,validated_paths10_thr0.9,SpotifyCares,Hulu,0,34,0,1,0.0,0.0,0.0,0.0,0.5
DeepSeek,none,validated_paths10_thr0.9,SpotifyCares,Login,2,31,0,2,1.0,0.5,0.6666666666666666,0.6853444168423419,0.75
DeepSeek,none,validated_paths10_thr0.9,SpotifyCares,Logout,1,32,1,1,0.5,0.5,0.5,0.4696969696969697,0.7348484848484849
DeepSeek,none,validated_paths10_thr0.9,SpotifyCares,Offer further help,3,21,3,1,0.5,0.75,0.6,0.5330017908890261,0.8125
DeepSeek,none,validated_paths10_thr0.9,SpotifyCares,Playlist,1,33,0,1,1.0,0.5,0.6666666666666666,0.696630546019236,0.75
DeepSeek,none,validated_paths10_thr0.9,SpotifyCares,Premium,1,32,1,1,0.5,0.5,0.5,0.4696969696969697,0.7348484848484849
DeepSeek,none,validated_paths10_thr0.9,SpotifyCares,Provide OS version,1,33,0,1,1.0,0.5,0.6666666666666666,0.696630546019236,0.75
DeepSeek,none,validated_paths10_thr0.9,SpotifyCares,Provide URL,9,15,0,4,1.0,0.6923076923076923,0.8181818181818181,0.7392960871352163,0.8461538461538461
DeepSeek,none,validated_paths10_thr0.9,SpotifyCares,Provide device model,1,31,0,3,1.0,0.25,0.4,0.47743185531611554,0.625
DeepSeek,none,validated_paths10_thr0.9,SpotifyCares,Provide email address,0,35,0,0,0.0,0.0,0.0,0.0,0.5
DeepSeek,none,validated_paths10_thr0.9,SpotifyCares,Provide error message,2,30,0,3,1.0,0.4,0.5714285714285715,0.6030226891555273,0.7
DeepSeek,none,validated_paths10_thr0.9,SpotifyCares,Provide spotify version,1,33,0,1,1.0,0.5,0.6666666666666666,0.696630546019236,0.75
DeepSeek,none,validated_paths10_thr0.9,SpotifyCares,Provide username,0,35,0,0,0.0,0.0,0.0,0.0,0.5
DeepSeek,none,validated_paths10_thr0.9,SpotifyCares,Refer to specialist team,0,28,0,0,0.0,0.0,0.0,0.0,0.5
DeepSeek,none,validated_paths10_thr0.9,SpotifyCares,Reinstall the app,0,34,0,1,0.0,0.0,0.0,0.0,0.5
DeepSeek,none,validated_paths10_thr0.9,SpotifyCares,Request DM,3,21,0,4,1.0,0.42857142857142855,0.6,0.6,0.7142857142857143
DeepSeek,none,validated_paths10_thr0.9,SpotifyCares,Request OS version,3,25,0,0,1.0,1.0,1.0,1.0,1.0
DeepSeek,none,validated_paths10_thr0.9,SpotifyCares,Request Spotify version,4,24,0,0,1.0,1.0,1.0,1.0,1.0
DeepSeek,none,validated_paths10_thr0.9,SpotifyCares,Request device restart,3,25,0,0,1.0,1.0,1.0,1.0,1.0
DeepSeek,none,validated_paths10_thr0.9,SpotifyCares,Request device version,4,24,0,0,1.0,1.0,1.0,1.0,1.0
DeepSeek,none,validated_paths10_thr0.9,SpotifyCares,Request email address,3,22,0,3,1.0,0.5,0.6666666666666666,0.6633249580710799,0.75
DeepSeek,none,validated_paths10_thr0.9,SpotifyCares,Request error message,3,25,0,0,1.0,1.0,1.0,1.0,1.0
DeepSeek,none,validated_paths10_thr0.9,SpotifyCares,Request exact issue description,1,26,1,0,0.5,1.0,0.6666666666666666,0.693888666488711,0.9814814814814814
DeepSeek,none,validated_paths10_thr0.9,SpotifyCares,Request login,3,25,0,0,1.0,1.0,1.0,1.0,1.0
DeepSeek,none,validated_paths10_thr0.9,SpotifyCares,Request logout,3,25,0,0,1.0,1.0,1.0,1.0,1.0
DeepSeek,none,validated_paths10_thr0.9,SpotifyCares,Request reinstall the app,2,26,0,0,1.0,1.0,1.0,1.0,1.0
DeepSeek,none,validated_paths10_thr0.9,SpotifyCares,Request username,3,23,0,2,1.0,0.6,0.7499999999999999,0.7429670248402683,0.8
DeepSeek,none,validated_paths10_thr0.9,SpotifyCares,Restart device,1,33,0,1,1.0,0.5,0.6666666666666666,0.696630546019236,0.75
DeepSeek,none,validated_paths10_thr0.9,SpotifyCares,Song/Artist,0,29,1,5,0.0,0.0,0.0,-0.0700140042014005,0.48333333333333334
DeepSeek,none,validated_paths10_thr0.9,SpotifyCares,Student Subscription,1,33,0,1,1.0,0.5,0.6666666666666666,0.696630546019236,0.75
DeepSeek,none,validated_paths1_thr0.8,AmazonHelp,Account,2,18,0,0,1.0,1.0,1.0,1.0,1.0
DeepSeek,none,validated_paths1_thr0.8,AmazonHelp,Alexa,0,18,0,2,0.0,0.0,0.0,0.0,0.5
DeepSeek,none,validated_paths1_thr0.8,AmazonHelp,Apologize,7,11,0,1,1.0,0.875,0.9333333333333333,0.8955910525085282,0.9375
DeepSeek,none,validated_paths1_thr0.8,AmazonHelp,Bad Support,0,16,1,3,0.0,0.0,0.0,-0.09637388493048533,0.47058823529411764
DeepSeek,none,validated_paths1_thr0.8,AmazonHelp,Delivery,4,11,2,3,0.6666666666666666,0.5714285714285714,0.6153846153846153,0.43463356032809364,0.7087912087912087
DeepSeek,none,validated_paths1_thr0.8,AmazonHelp,Echo,2,17,0,1,1.0,0.6666666666666666,0.8,0.7934920476158722,0.8333333333333333
DeepSeek,none,validated_paths1_thr0.8,AmazonHelp,Investigate Issue,7,9,2,1,0.7777777777777778,0.875,0.823529411764706,0.6854365268376295,0.8465909090909092
DeepSeek,none,validated_paths1_thr0.8,AmazonHelp,Kindle,0,20,0,0,0.0,0.0,0.0,0.0,0.5
DeepSeek,none,validated_paths1_thr0.8,AmazonHelp,Order Cancellation,1,19,0,0,1.0,1.0,1.0,1.0,1.0
DeepSeek,none,validated_paths1_thr0.8,AmazonHelp,Packaging,1,19,0,0,1.0,1.0,1.0,1.0,1.0
DeepSeek,none,validated_paths1_thr0.8,AmazonHelp,Prime,5,13,0,2,1.0,0.7142857142857143,0.8333333333333333,0.7867957924694432,0.8571428571428572
DeepSeek,none,validated_paths1_thr0.8,AmazonHelp,Provide URL,13,6,0,0,1.0,1.0,1.0,1.0,1.0
DeepSeek,none,validated_paths1_thr0.8,AmazonHelp,Provide delivery date,1,17,0,1,1.0,0.5,0.6666666666666666,0.6871842709362768,0.75
DeepSeek,none,validated_paths1_thr0.8,AmazonHelp,Refer to specialist team,2,17,0,0,1.0,1.0,1.0,1.0,1.0
DeepSeek,none,validated_paths1_thr0.8,AmazonHelp,Refund,0,20,0,0,0.0,0.0,0.0,0.0,0.5
DeepSeek,none,validated_paths1_thr0.8,AmazonHelp,Replacement,0,20,0,0,0.0,0.0,0.0,0.0,0.5
DeepSeek,none,validated_paths1_thr0.8,AmazonHelp,Request to call by phone,3,16,0,0,1.0,1.0,1.0,1.0,1.0
DeepSeek,none,validated_paths1_thr0.8,AmazonHelp,Request to not send personal details,1,18,0,0,1.0,1.0,1.0,1.0,1.0
DeepSeek,none,validated_paths1_thr0.8,AmazonHelp,Request to reach out by chat,2,17,0,0,1.0,1.0,1.0,1.0,1.0
DeepSeek,none,validated_paths1_thr0.8,AmazonHelp,Return,2,18,0,0,1.0,1.0,1.0,1.0,1.0
DeepSeek,none,validated_paths1_thr0.8,AppleSupport,Battery,5,24,1,1,0.8333333333333334,0.8333333333333334,0.8333333333333334,0.7933333333333333,0.8966666666666667
DeepSeek,none,validated_paths1_thr0.8,AppleSupport,Investigate issue,13,8,3,3,0.8125,0.8125,0.8125,0.5397727272727273,0.7698863636363636
DeepSeek,none,validated_paths1_thr0.8,AppleSupport,Mac,3,27,1,0,0.75,1.0,0.8571428571428571,0.8504200642707612,0.9821428571428572
DeepSeek,none,validated_paths1_thr0.8,AppleSupport,Provide URL,15,11,0,1,1.0,0.9375,0.967741935483871,0.9270248108869579,0.96875
DeepSeek,none,validated_paths1_thr0.8,AppleSupport,Provide device model,6,24,1,0,0.8571428571428571,1.0,0.923076923076923,0.9071147352221454,0.98
DeepSeek,none,validated_paths1_thr0.8,AppleSupport,Provide system version,8,21,0,2,1.0,0.8,0.888888888888889,0.8546547739343037,0.9
DeepSeek,none,validated_paths1_thr0.8,AppleSupport,Recommend backing up,0,27,0,0,0.0,0.0,0.0,0.0,0.5
DeepSeek,none,validated_paths1_thr0.8,AppleSupport,Recommend updating,0,27,0,0,0.0,0.0,0.0,0.0,0.5
DeepSeek,none,validated_paths1_thr0.8,AppleSupport,Refer to specialist team,0,27,0,0,0.0,0.0,0.0,0.0,0.5
DeepSeek,none,validated_paths1_thr0.8,AppleSupport,Refund,2,29,0,0,1.0,1.0,1.0,1.0,1.0
DeepSeek,none,validated_paths1_thr0.8,AppleSupport,Request DM,11,15,0,1,1.0,0.9166666666666666,0.9565217391304348,0.9270248108869579,0.9583333333333333
DeepSeek,none,validated_paths1_thr0.8,AppleSupport,Request country,0,27,0,0,0.0,0.0,0.0,0.0,0.5
DeepSeek,none,validated_paths1_thr0.8,AppleSupport,Request device model,2,24,0,1,1.0,0.6666666666666666,0.8,0.8,0.8333333333333333
DeepSeek,none,validated_paths1_thr0.8,AppleSupport,Request device restart,0,26,0,1,0.0,0.0,0.0,0.0,0.5
DeepSeek,none,validated_paths1_thr0.8,AppleSupport,Request iOS version,8,19,0,0,1.0,1.0,1.0,1.0,1.0
DeepSeek,none,validated_paths1_thr0.8,AppleSupport,Restart device,2,28,0,1,1.0,0.6666666666666666,0.8,0.802295557085754,0.8333333333333333
DeepSeek,none,validated_paths1_thr0.8,AppleSupport,Software/App,5,14,7,5,0.4166666666666667,0.5,0.45454545454545453,0.15995247832289886,0.5833333333333333
DeepSeek,none,validated_paths1_thr0.8,AppleSupport,TV,0,31,0,0,0.0,0.0,0.0,0.0,0.5
DeepSeek,none,validated_paths1_thr0.8,AppleSupport,Unresponsive/Freezing Device,3,21,5,2,0.375,0.6,0.4615384615384615,0.342685147574115,0.7038461538461538
DeepSeek,none,validated_paths1_thr0.8,AppleSupport,Update,12,17,0,2,1.0,0.8571428571428571,0.923076923076923,0.875738141931184,0.9285714285714286
DeepSeek,none,validated_paths1_thr0.8,AppleSupport,iPad,0,31,0,0,0.0,0.0,0.0,0.0,0.5
DeepSeek,none,validated_paths1_thr0.8,AppleSupport,iPhone,5,17,4,5,0.5555555555555556,0.5,0.5263157894736842,0.31876535509893733,0.6547619047619048
DeepSeek,none,validated_paths1_thr0.8,SpotifyCares,Account,3,28,1,3,0.75,0.5,0.6,0.5514416337357292,0.7327586206896552
DeepSeek,none,validated_paths1_thr0.8,SpotifyCares,Advertisement,1,32,1,1,0.5,0.5,0.5,0.4696969696969697,0.7348484848484849
DeepSeek,none,validated_paths1_thr0.8,SpotifyCares,App,3,25,1,6,0.75,0.3333333333333333,0.46153846153846156,0.4050702233638995,0.6474358974358975
DeepSeek,none,validated_paths1_thr0.8,SpotifyCares,Billing/Payment,6,27,1,1,0.8571428571428571,0.8571428571428571,0.8571428571428571,0.8214285714285714,0.9107142857142857
DeepSeek,none,validated_paths1_thr0.8,SpotifyCares,Family Subscription,1,34,0,0,1.0,1.0,1.0,1.0,1.0
DeepSeek,none,validated_paths1_thr0.8,SpotifyCares,Hulu,0,34,0,1,0.0,0.0,0.0,0.0,0.5
DeepSeek,none,validated_paths1_thr0.8,SpotifyCares,Login,2,31,0,2,1.0,0.5,0.6666666666666666,0.6853444168423419,0.75
DeepSeek,none,validated_paths1_thr0.8,SpotifyCares,Logout,1,32,1,1,0.5,0.5,0.5,0.4696969696969697,0.7348484848484849
DeepSeek,none,validated_paths1_thr0.8,SpotifyCares,Offer further help,3,21,3,1,0.5,0.75,0.6,0.5330017908890261,0.8125
DeepSeek,none,validated_paths1_thr0.8,SpotifyCares,Playlist,1,33,0,1,1.0,0.5,0.6666666666666666,0.696630546019236,0.75
DeepSeek,none,validated_paths1_thr0.8,SpotifyCares,Premium,1,32,1,1,0.5,0.5,0.5,0.4696969696969697,0.7348484848484849
DeepSeek,none,validated_paths1_thr0.8,SpotifyCares,Provide OS version,1,33,0,1,1.0,0.5,0.6666666666666666,0.696630546019236,0.75
DeepSeek,none,validated_paths1_thr0.8,SpotifyCares,Provide URL,11,15,0,2,1.0,0.8461538461538461,0.9166666666666666,0.8640638488223129,0.9230769230769231
DeepSeek,none,validated_paths1_thr0.8,SpotifyCares,Provide device model,1,31,0,3,1.0,0.25,0.4,0.47743185531611554,0.625
DeepSeek,none,validated_paths1_thr0.8,SpotifyCares,Provide email address,0,35,0,0,0.0,0.0,0.0,0.0,0.5
DeepSeek,none,validated_paths1_thr0.8,SpotifyCares,Provide error message,2,30,0,3,1.0,0.4,0.5714285714285715,0.6030226891555273,0.7
DeepSeek,none,validated_paths1_thr0.8,SpotifyCares,Provide spotify version,1,33,0,1,1.0,0.5,0.6666666666666666,0.696630546019236,0.75
DeepSeek,none,validated_paths1_thr0.8,SpotifyCares,Provide username,0,35,0,0,0.0,0.0,0.0,0.0,0.5
DeepSeek,none,validated_paths1_thr0.8,SpotifyCares,Refer to specialist team,0,28,0,0,0.0,0.0,0.0,0.0,0.5
DeepSeek,none,validated_paths1_thr0.8,SpotifyCares,Reinstall the app,0,34,0,1,0.0,0.0,0.0,0.0,0.5
DeepSeek,none,validated_paths1_thr0.8,SpotifyCares,Request DM,3,21,0,4,1.0,0.42857142857142855,0.6,0.6,0.7142857142857143
DeepSeek,none,validated_paths1_thr0.8,SpotifyCares,Request OS version,3,25,0,0,1.0,1.0,1.0,1.0,1.0
DeepSeek,none,validated_paths1_thr0.8,SpotifyCares,Request Spotify version,4,24,0,0,1.0,1.0,1.0,1.0,1.0
DeepSeek,none,validated_paths1_thr0.8,SpotifyCares,Request device restart,3,25,0,0,1.0,1.0,1.0,1.0,1.0
DeepSeek,none,validated_paths1_thr0.8,SpotifyCares,Request device version,4,24,0,0,1.0,1.0,1.0,1.0,1.0
DeepSeek,none,validated_paths1_thr0.8,SpotifyCares,Request email address,3,22,0,3,1.0,0.5,0.6666666666666666,0.6633249580710799,0.75
DeepSeek,none,validated_paths1_thr0.8,SpotifyCares,Request error message,3,25,0,0,1.0,1.0,1.0,1.0,1.0
DeepSeek,none,validated_paths1_thr0.8,SpotifyCares,Request exact issue description,1,26,1,0,0.5,1.0,0.6666666666666666,0.693888666488711,0.9814814814814814
DeepSeek,none,validated_paths1_thr0.8,SpotifyCares,Request login,3,25,0,0,1.0,1.0,1.0,1.0,1.0
DeepSeek,none,validated_paths1_thr0.8,SpotifyCares,Request logout,3,25,0,0,1.0,1.0,1.0,1.0,1.0
DeepSeek,none,validated_paths1_thr0.8,SpotifyCares,Request reinstall the app,2,26,0,0,1.0,1.0,1.0,1.0,1.0
DeepSeek,none,validated_paths1_thr0.8,SpotifyCares,Request username,3,23,0,2,1.0,0.6,0.7499999999999999,0.7429670248402683,0.8
DeepSeek,none,validated_paths1_thr0.8,SpotifyCares,Restart device,1,33,0,1,1.0,0.5,0.6666666666666666,0.696630546019236,0.75
DeepSeek,none,validated_paths1_thr0.8,SpotifyCares,Song/Artist,0,29,1,5,0.0,0.0,0.0,-0.0700140042014005,0.48333333333333334
DeepSeek,none,validated_paths1_thr0.8,SpotifyCares,Student Subscription,1,33,0,1,1.0,0.5,0.6666666666666666,0.696630546019236,0.75
DeepSeek,none,validated_paths3_thr0.8,AmazonHelp,Account,2,18,0,0,1.0,1.0,1.0,1.0,1.0
DeepSeek,none,validated_paths3_thr0.8,AmazonHelp,Alexa,0,18,0,2,0.0,0.0,0.0,0.0,0.5
DeepSeek,none,validated_paths3_thr0.8,AmazonHelp,Apologize,7,11,0,1,1.0,0.875,0.9333333333333333,0.8955910525085282,0.9375
DeepSeek,none,validated_paths3_thr0.8,AmazonHelp,Bad Support,0,16,1,3,0.0,0.0,0.0,-0.09637388493048533,0.47058823529411764
DeepSeek,none,validated_paths3_thr0.8,AmazonHelp,Delivery,4,11,2,3,0.6666666666666666,0.5714285714285714,0.6153846153846153,0.43463356032809364,0.7087912087912087
DeepSeek,none,validated_paths3_thr0.8,AmazonHelp,Echo,2,17,0,1,1.0,0.6666666666666666,0.8,0.7934920476158722,0.8333333333333333
DeepSeek,none,validated_paths3_thr0.8,AmazonHelp,Investigate Issue,7,9,2,1,0.7777777777777778,0.875,0.823529411764706,0.6854365268376295,0.8465909090909092
DeepSeek,none,validated_paths3_thr0.8,AmazonHelp,Kindle,0,20,0,0,0.0,0.0,0.0,0.0,0.5
DeepSeek,none,validated_paths3_thr0.8,AmazonHelp,Order Cancellation,1,19,0,0,1.0,1.0,1.0,1.0,1.0
DeepSeek,none,validated_paths3_thr0.8,AmazonHelp,Packaging,1,19,0,0,1.0,1.0,1.0,1.0,1.0
DeepSeek,none,validated_paths3_thr0.8,AmazonHelp,Prime,5,13,0,2,1.0,0.7142857142857143,0.8333333333333333,0.7867957924694432,0.8571428571428572
DeepSeek,none,validated_paths3_thr0.8,AmazonHelp,Provide URL,13,6,0,0,1.0,1.0,1.0,1.0,1.0
DeepSeek,none,validated_paths3_thr0.8,AmazonHelp,Provide delivery date,1,17,0,1,1.0,0.5,0.6666666666666666,0.6871842709362768,0.75
DeepSeek,none,validated_paths3_thr0.8,AmazonHelp,Refer to specialist team,2,17,0,0,1.0,1.0,1.0,1.0,1.0
DeepSeek,none,validated_paths3_thr0.8,AmazonHelp,Refund,0,20,0,0,0.0,0.0,0.0,0.0,0.5
DeepSeek,none,validated_paths3_thr0.8,AmazonHelp,Replacement,0,20,0,0,0.0,0.0,0.0,0.0,0.5
DeepSeek,none,validated_paths3_thr0.8,AmazonHelp,Request to call by phone,3,16,0,0,1.0,1.0,1.0,1.0,1.0
DeepSeek,none,validated_paths3_thr0.8,AmazonHelp,Request to not send personal details,1,18,0,0,1.0,1.0,1.0,1.0,1.0
DeepSeek,none,validated_paths3_thr0.8,AmazonHelp,Request to reach out by chat,2,17,0,0,1.0,1.0,1.0,1.0,1.0
DeepSeek,none,validated_paths3_thr0.8,AmazonHelp,Return,2,18,0,0,1.0,1.0,1.0,1.0,1.0
DeepSeek,none,validated_paths3_thr0.8,AppleSupport,Battery,5,24,1,1,0.8333333333333334,0.8333333333333334,0.8333333333333334,0.7933333333333333,0.8966666666666667
DeepSeek,none,validated_paths3_thr0.8,AppleSupport,Investigate issue,13,8,3,3,0.8125,0.8125,0.8125,0.5397727272727273,0.7698863636363636
DeepSeek,none,validated_paths3_thr0.8,AppleSupport,Mac,3,27,1,0,0.75,1.0,0.8571428571428571,0.8504200642707612,0.9821428571428572
DeepSeek,none,validated_paths3_thr0.8,AppleSupport,Provide URL,15,11,0,1,1.0,0.9375,0.967741935483871,0.9270248108869579,0.96875
DeepSeek,none,validated_paths3_thr0.8,AppleSupport,Provide device model,6,24,1,0,0.8571428571428571,1.0,0.923076923076923,0.9071147352221454,0.98
DeepSeek,none,validated_paths3_thr0.8,AppleSupport,Provide system version,8,21,0,2,1.0,0.8,0.888888888888889,0.8546547739343037,0.9
DeepSeek,none,validated_paths3_thr0.8,AppleSupport,Recommend backing up,0,27,0,0,0.0,0.0,0.0,0.0,0.5
DeepSeek,none,validated_paths3_thr0.8,AppleSupport,Recommend updating,0,27,0,0,0.0,0.0,0.0,0.0,0.5
DeepSeek,none,validated_paths3_thr0.8,AppleSupport,Refer to specialist team,0,27,0,0,0.0,0.0,0.0,0.0,0.5
DeepSeek,none,validated_paths3_thr0.8,AppleSupport,Refund,2,29,0,0,1.0,1.0,1.0,1.0,1.0
DeepSeek,none,validated_paths3_thr0.8,AppleSupport,Request DM,11,15,0,1,1.0,0.9166666666666666,0.9565217391304348,0.9270248108869579,0.9583333333333333
DeepSeek,none,validated_paths3_thr0.8,AppleSupport,Request country,0,27,0,0,0.0,0.0,0.0,0.0,0.5
DeepSeek,none,validated_paths3_thr0.8,AppleSupport,Request device model,2,24,0,1,1.0,0.6666666666666666,0.8,0.8,0.8333333333333333
DeepSeek,none,validated_paths3_thr0.8,AppleSupport,Request device restart,0,26,0,1,0.0,0.0,0.0,0.0,0.5
DeepSeek,none,validated_paths3_thr0.8,AppleSupport,Request iOS version,8,19,0,0,1.0,1.0,1.0,1.0,1.0
DeepSeek,none,validated_paths3_thr0.8,AppleSupport,Restart device,2,28,0,1,1.0,0.6666666666666666,0.8,0.802295557085754,0.8333333333333333
DeepSeek,none,validated_paths3_thr0.8,AppleSupport,Software/App,5,14,7,5,0.4166666666666667,0.5,0.45454545454545453,0.15995247832289886,0.5833333333333333
DeepSeek,none,validated_paths3_thr0.8,AppleSupport,TV,0,31,0,0,0.0,0.0,0.0,0.0,0.5
DeepSeek,none,validated_paths3_thr0.8,AppleSupport,Unresponsive/Freezing Device,3,21,5,2,0.375,0.6,0.4615384615384615,0.342685147574115,0.7038461538461538
DeepSeek,none,validated_paths3_thr0.8,AppleSupport,Update,12,17,0,2,1.0,0.8571428571428571,0.923076923076923,0.875738141931184,0.9285714285714286
DeepSeek,none,validated_paths3_thr0.8,AppleSupport,iPad,0,31,0,0,0.0,0.0,0.0,0.0,0.5
DeepSeek,none,validated_paths3_thr0.8,AppleSupport,iPhone,5,17,4,5,0.5555555555555556,0.5,0.5263157894736842,0.31876535509893733,0.6547619047619048
DeepSeek,none,validated_paths3_thr0.8,SpotifyCares,Account,3,28,1,3,0.75,0.5,0.6,0.5514416337357292,0.7327586206896552
DeepSeek,none,validated_paths3_thr0.8,SpotifyCares,Advertisement,1,32,1,1,0.5,0.5,0.5,0.4696969696969697,0.7348484848484849
DeepSeek,none,validated_paths3_thr0.8,SpotifyCares,App,3,25,1,6,0.75,0.3333333333333333,0.46153846153846156,0.4050702233638995,0.6474358974358975
DeepSeek,none,validated_paths3_thr0.8,SpotifyCares,Billing/Payment,6,27,1,1,0.8571428571428571,0.8571428571428571,0.8571428571428571,0.8214285714285714,0.9107142857142857
DeepSeek,none,validated_paths3_thr0.8,SpotifyCares,Family Subscription,1,34,0,0,1.0,1.0,1.0,1.0,1.0
DeepSeek,none,validated_paths3_thr0.8,SpotifyCares,Hulu,0,34,0,1,0.0,0.0,0.0,0.0,0.5
DeepSeek,none,validated_paths3_thr0.8,SpotifyCares,Login,2,31,0,2,1.0,0.5,0.6666666666666666,0.6853444168423419,0.75
DeepSeek,none,validated_paths3_thr0.8,SpotifyCares,Logout,1,32,1,1,0.5,0.5,0.5,0.4696969696969697,0.7348484848484849
DeepSeek,none,validated_paths3_thr0.8,SpotifyCares,Offer further help,3,21,3,1,0.5,0.75,0.6,0.5330017908890261,0.8125
DeepSeek,none,validated_paths3_thr0.8,SpotifyCares,Playlist,1,33,0,1,1.0,0.5,0.6666666666666666,0.696630546019236,0.75
DeepSeek,none,validated_paths3_thr0.8,SpotifyCares,Premium,1,32,1,1,0.5,0.5,0.5,0.4696969696969697,0.7348484848484849
DeepSeek,none,validated_paths3_thr0.8,SpotifyCares,Provide OS version,1,33,0,1,1.0,0.5,0.6666666666666666,0.696630546019236,0.75
DeepSeek,none,validated_paths3_thr0.8,SpotifyCares,Provide URL,11,15,0,2,1.0,0.8461538461538461,0.9166666666666666,0.8640638488223129,0.9230769230769231
DeepSeek,none,validated_paths3_thr0.8,SpotifyCares,Provide device model,1,31,0,3,1.0,0.25,0.4,0.47743185531611554,0.625
DeepSeek,none,validated_paths3_thr0.8,SpotifyCares,Provide email address,0,35,0,0,0.0,0.0,0.0,0.0,0.5
DeepSeek,none,validated_paths3_thr0.8,SpotifyCares,Provide error message,2,30,0,3,1.0,0.4,0.5714285714285715,0.6030226891555273,0.7
DeepSeek,none,validated_paths3_thr0.8,SpotifyCares,Provide spotify version,1,33,0,1,1.0,0.5,0.6666666666666666,0.696630546019236,0.75
DeepSeek,none,validated_paths3_thr0.8,SpotifyCares,Provide username,0,35,0,0,0.0,0.0,0.0,0.0,0.5
DeepSeek,none,validated_paths3_thr0.8,SpotifyCares,Refer to specialist team,0,28,0,0,0.0,0.0,0.0,0.0,0.5
DeepSeek,none,validated_paths3_thr0.8,SpotifyCares,Reinstall the app,0,34,0,1,0.0,0.0,0.0,0.0,0.5
DeepSeek,none,validated_paths3_thr0.8,SpotifyCares,Request DM,3,21,0,4,1.0,0.42857142857142855,0.6,0.6,0.7142857142857143
DeepSeek,none,validated_paths3_thr0.8,SpotifyCares,Request OS version,3,25,0,0,1.0,1.0,1.0,1.0,1.0
DeepSeek,none,validated_paths3_thr0.8,SpotifyCares,Request Spotify version,4,24,0,0,1.0,1.0,1.0,1.0,1.0
DeepSeek,none,validated_paths3_thr0.8,SpotifyCares,Request device restart,3,25,0,0,1.0,1.0,1.0,1.0,1.0
DeepSeek,none,validated_paths3_thr0.8,SpotifyCares,Request device version,4,24,0,0,1.0,1.0,1.0,1.0,1.0
DeepSeek,none,validated_paths3_thr0.8,SpotifyCares,Request email address,3,22,0,3,1.0,0.5,0.6666666666666666,0.6633249580710799,0.75
DeepSeek,none,validated_paths3_thr0.8,SpotifyCares,Request error message,3,25,0,0,1.0,1.0,1.0,1.0,1.0
DeepSeek,none,validated_paths3_thr0.8,SpotifyCares,Request exact issue description,1,26,1,0,0.5,1.0,0.6666666666666666,0.693888666488711,0.9814814814814814
DeepSeek,none,validated_paths3_thr0.8,SpotifyCares,Request login,3,25,0,0,1.0,1.0,1.0,1.0,1.0
DeepSeek,none,validated_paths3_thr0.8,SpotifyCares,Request logout,3,25,0,0,1.0,1.0,1.0,1.0,1.0
DeepSeek,none,validated_paths3_thr0.8,SpotifyCares,Request reinstall the app,2,26,0,0,1.0,1.0,1.0,1.0,1.0
DeepSeek,none,validated_paths3_thr0.8,SpotifyCares,Request username,3,23,0,2,1.0,0.6,0.7499999999999999,0.7429670248402683,0.8
DeepSeek,none,validated_paths3_thr0.8,SpotifyCares,Restart device,1,33,0,1,1.0,0.5,0.6666666666666666,0.696630546019236,0.75
DeepSeek,none,validated_paths3_thr0.8,SpotifyCares,Song/Artist,0,29,1,5,0.0,0.0,0.0,-0.0700140042014005,0.48333333333333334
DeepSeek,none,validated_paths3_thr0.8,SpotifyCares,Student Subscription,1,33,0,1,1.0,0.5,0.6666666666666666,0.696630546019236,0.75
DeepSeek,none,validated_paths5_thr0.8,AmazonHelp,Account,2,18,0,0,1.0,1.0,1.0,1.0,1.0
DeepSeek,none,validated_paths5_thr0.8,AmazonHelp,Alexa,0,18,0,2,0.0,0.0,0.0,0.0,0.5
DeepSeek,none,validated_paths5_thr0.8,AmazonHelp,Apologize,7,11,0,1,1.0,0.875,0.9333333333333333,0.8955910525085282,0.9375
DeepSeek,none,validated_paths5_thr0.8,AmazonHelp,Bad Support,0,16,1,3,0.0,0.0,0.0,-0.09637388493048533,0.47058823529411764
DeepSeek,none,validated_paths5_thr0.8,AmazonHelp,Delivery,4,11,2,3,0.6666666666666666,0.5714285714285714,0.6153846153846153,0.43463356032809364,0.7087912087912087
DeepSeek,none,validated_paths5_thr0.8,AmazonHelp,Echo,2,17,0,1,1.0,0.6666666666666666,0.8,0.7934920476158722,0.8333333333333333
DeepSeek,none,validated_paths5_thr0.8,AmazonHelp,Investigate Issue,7,9,2,1,0.7777777777777778,0.875,0.823529411764706,0.6854365268376295,0.8465909090909092
DeepSeek,none,validated_paths5_thr0.8,AmazonHelp,Kindle,0,20,0,0,0.0,0.0,0.0,0.0,0.5
DeepSeek,none,validated_paths5_thr0.8,AmazonHelp,Order Cancellation,1,19,0,0,1.0,1.0,1.0,1.0,1.0
DeepSeek,none,validated_paths5_thr0.8,AmazonHelp,Packaging,1,19,0,0,1.0,1.0,1.0,1.0,1.0
DeepSeek,none,validated_paths5_thr0.8,AmazonHelp,Prime,5,13,0,2,1.0,0.7142857142857143,0.8333333333333333,0.7867957924694432,0.8571428571428572
DeepSeek,none,validated_paths5_thr0.8,AmazonHelp,Provide URL,13,6,0,0,1.0,1.0,1.0,1.0,1.0
DeepSeek,none,validated_paths5_thr0.8,AmazonHelp,Provide delivery date,1,17,0,1,1.0,0.5,0.6666666666666666,0.6871842709362768,0.75
DeepSeek,none,validated_paths5_thr0.8,AmazonHelp,Refer to specialist team,2,17,0,0,1.0,1.0,1.0,1.0,1.0
DeepSeek,none,validated_paths5_thr0.8,AmazonHelp,Refund,0,20,0,0,0.0,0.0,0.0,0.0,0.5
DeepSeek,none,validated_paths5_thr0.8,AmazonHelp,Replacement,0,20,0,0,0.0,0.0,0.0,0.0,0.5
DeepSeek,none,validated_paths5_thr0.8,AmazonHelp,Request to call by phone,3,16,0,0,1.0,1.0,1.0,1.0,1.0
DeepSeek,none,validated_paths5_thr0.8,AmazonHelp,Request to not send personal details,1,18,0,0,1.0,1.0,1.0,1.0,1.0
DeepSeek,none,validated_paths5_thr0.8,AmazonHelp,Request to reach out by chat,2,17,0,0,1.0,1.0,1.0,1.0,1.0
DeepSeek,none,validated_paths5_thr0.8,AmazonHelp,Return,2,18,0,0,1.0,1.0,1.0,1.0,1.0
DeepSeek,none,validated_paths5_thr0.8,AppleSupport,Battery,5,24,1,1,0.8333333333333334,0.8333333333333334,0.8333333333333334,0.7933333333333333,0.8966666666666667
DeepSeek,none,validated_paths5_thr0.8,AppleSupport,Investigate issue,13,8,3,3,0.8125,0.8125,0.8125,0.5397727272727273,0.7698863636363636
DeepSeek,none,validated_paths5_thr0.8,AppleSupport,Mac,3,27,1,0,0.75,1.0,0.8571428571428571,0.8504200642707612,0.9821428571428572
DeepSeek,none,validated_paths5_thr0.8,AppleSupport,Provide URL,15,11,0,1,1.0,0.9375,0.967741935483871,0.9270248108869579,0.96875
DeepSeek,none,validated_paths5_thr0.8,AppleSupport,Provide device model,6,24,1,0,0.8571428571428571,1.0,0.923076923076923,0.9071147352221454,0.98
DeepSeek,none,validated_paths5_thr0.8,AppleSupport,Provide system version,8,21,0,2,1.0,0.8,0.888888888888889,0.8546547739343037,0.9
DeepSeek,none,validated_paths5_thr0.8,AppleSupport,Recommend backing up,0,27,0,0,0.0,0.0,0.0,0.0,0.5
DeepSeek,none,validated_paths5_thr0.8,AppleSupport,Recommend updating,0,27,0,0,0.0,0.0,0.0,0.0,0.5
DeepSeek,none,validated_paths5_thr0.8,AppleSupport,Refer to specialist team,0,27,0,0,0.0,0.0,0.0,0.0,0.5
DeepSeek,none,validated_paths5_thr0.8,AppleSupport,Refund,2,29,0,0,1.0,1.0,1.0,1.0,1.0
DeepSeek,none,validated_paths5_thr0.8,AppleSupport,Request DM,11,15,0,1,1.0,0.9166666666666666,0.9565217391304348,0.9270248108869579,0.9583333333333333
DeepSeek,none,validated_paths5_thr0.8,AppleSupport,Request country,0,27,0,0,0.0,0.0,0.0,0.0,0.5
DeepSeek,none,validated_paths5_thr0.8,AppleSupport,Request device model,2,24,0,1,1.0,0.6666666666666666,0.8,0.8,0.8333333333333333
DeepSeek,none,validated_paths5_thr0.8,AppleSupport,Request device restart,0,26,0,1,0.0,0.0,0.0,0.0,0.5
DeepSeek,none,validated_paths5_thr0.8,AppleSupport,Request iOS version,8,19,0,0,1.0,1.0,1.0,1.0,1.0
DeepSeek,none,validated_paths5_thr0.8,AppleSupport,Restart device,2,28,0,1,1.0,0.6666666666666666,0.8,0.802295557085754,0.8333333333333333
DeepSeek,none,validated_paths5_thr0.8,AppleSupport,Software/App,5,14,7,5,0.4166666666666667,0.5,0.45454545454545453,0.15995247832289886,0.5833333333333333
DeepSeek,none,validated_paths5_thr0.8,AppleSupport,TV,0,31,0,0,0.0,0.0,0.0,0.0,0.5
DeepSeek,none,validated_paths5_thr0.8,AppleSupport,Unresponsive/Freezing Device,3,21,5,2,0.375,0.6,0.4615384615384615,0.342685147574115,0.7038461538461538
DeepSeek,none,validated_paths5_thr0.8,AppleSupport,Update,12,17,0,2,1.0,0.8571428571428571,0.923076923076923,0.875738141931184,0.9285714285714286
DeepSeek,none,validated_paths5_thr0.8,AppleSupport,iPad,0,31,0,0,0.0,0.0,0.0,0.0,0.5
DeepSeek,none,validated_paths5_thr0.8,AppleSupport,iPhone,5,17,4,5,0.5555555555555556,0.5,0.5263157894736842,0.31876535509893733,0.6547619047619048
DeepSeek,none,validated_paths5_thr0.8,SpotifyCares,Account,3,28,1,3,0.75,0.5,0.6,0.5514416337357292,0.7327586206896552
DeepSeek,none,validated_paths5_thr0.8,SpotifyCares,Advertisement,1,32,1,1,0.5,0.5,0.5,0.4696969696969697,0.7348484848484849
DeepSeek,none,validated_paths5_thr0.8,SpotifyCares,App,3,25,1,6,0.75,0.3333333333333333,0.46153846153846156,0.4050702233638995,0.6474358974358975
DeepSeek,none,validated_paths5_thr0.8,SpotifyCares,Billing/Payment,6,27,1,1,0.8571428571428571,0.8571428571428571,0.8571428571428571,0.8214285714285714,0.9107142857142857
DeepSeek,none,validated_paths5_thr0.8,SpotifyCares,Family Subscription,1,34,0,0,1.0,1.0,1.0,1.0,1.0
DeepSeek,none,validated_paths5_thr0.8,SpotifyCares,Hulu,0,34,0,1,0.0,0.0,0.0,0.0,0.5
DeepSeek,none,validated_paths5_thr0.8,SpotifyCares,Login,2,31,0,2,1.0,0.5,0.6666666666666666,0.6853444168423419,0.75
DeepSeek,none,validated_paths5_thr0.8,SpotifyCares,Logout,1,32,1,1,0.5,0.5,0.5,0.4696969696969697,0.7348484848484849
DeepSeek,none,validated_paths5_thr0.8,SpotifyCares,Offer further help,3,21,3,1,0.5,0.75,0.6,0.5330017908890261,0.8125
DeepSeek,none,validated_paths5_thr0.8,SpotifyCares,Playlist,1,33,0,1,1.0,0.5,0.6666666666666666,0.696630546019236,0.75
DeepSeek,none,validated_paths5_thr0.8,SpotifyCares,Premium,1,32,1,1,0.5,0.5,0.5,0.4696969696969697,0.7348484848484849
DeepSeek,none,validated_paths5_thr0.8,SpotifyCares,Provide OS version,1,33,0,1,1.0,0.5,0.6666666666666666,0.696630546019236,0.75
DeepSeek,none,validated_paths5_thr0.8,SpotifyCares,Provide URL,11,15,0,2,1.0,0.8461538461538461,0.9166666666666666,0.8640638488223129,0.9230769230769231
DeepSeek,none,validated_paths5_thr0.8,SpotifyCares,Provide device model,1,31,0,3,1.0,0.25,0.4,0.47743185531611554,0.625
DeepSeek,none,validated_paths5_thr0.8,SpotifyCares,Provide email address,0,35,0,0,0.0,0.0,0.0,0.0,0.5
DeepSeek,none,validated_paths5_thr0.8,SpotifyCares,Provide error message,2,30,0,3,1.0,0.4,0.5714285714285715,0.6030226891555273,0.7
DeepSeek,none,validated_paths5_thr0.8,SpotifyCares,Provide spotify version,1,33,0,1,1.0,0.5,0.6666666666666666,0.696630546019236,0.75
DeepSeek,none,validated_paths5_thr0.8,SpotifyCares,Provide username,0,35,0,0,0.0,0.0,0.0,0.0,0.5
DeepSeek,none,validated_paths5_thr0.8,SpotifyCares,Refer to specialist team,0,28,0,0,0.0,0.0,0.0,0.0,0.5
DeepSeek,none,validated_paths5_thr0.8,SpotifyCares,Reinstall the app,0,34,0,1,0.0,0.0,0.0,0.0,0.5
DeepSeek,none,validated_paths5_thr0.8,SpotifyCares,Request DM,3,21,0,4,1.0,0.42857142857142855,0.6,0.6,0.7142857142857143
DeepSeek,none,validated_paths5_thr0.8,SpotifyCares,Request OS version,3,25,0,0,1.0,1.0,1.0,1.0,1.0
DeepSeek,none,validated_paths5_thr0.8,SpotifyCares,Request Spotify version,4,24,0,0,1.0,1.0,1.0,1.0,1.0
DeepSeek,none,validated_paths5_thr0.8,SpotifyCares,Request device restart,3,25,0,0,1.0,1.0,1.0,1.0,1.0
DeepSeek,none,validated_paths5_thr0.8,SpotifyCares,Request device version,4,24,0,0,1.0,1.0,1.0,1.0,1.0
DeepSeek,none,validated_paths5_thr0.8,SpotifyCares,Request email address,3,22,0,3,1.0,0.5,0.6666666666666666,0.6633249580710799,0.75
DeepSeek,none,validated_paths5_thr0.8,SpotifyCares,Request error message,3,25,0,0,1.0,1.0,1.0,1.0,1.0
DeepSeek,none,validated_paths5_thr0.8,SpotifyCares,Request exact issue description,1,26,1,0,0.5,1.0,0.6666666666666666,0.693888666488711,0.9814814814814814
DeepSeek,none,validated_paths5_thr0.8,SpotifyCares,Request login,3,25,0,0,1.0,1.0,1.0,1.0,1.0
DeepSeek,none,validated_paths5_thr0.8,SpotifyCares,Request logout,3,25,0,0,1.0,1.0,1.0,1.0,1.0
DeepSeek,none,validated_paths5_thr0.8,SpotifyCares,Request reinstall the app,2,26,0,0,1.0,1.0,1.0,1.0,1.0
DeepSeek,none,validated_paths5_thr0.8,SpotifyCares,Request username,3,23,0,2,1.0,0.6,0.7499999999999999,0.7429670248402683,0.8
DeepSeek,none,validated_paths5_thr0.8,SpotifyCares,Restart device,1,33,0,1,1.0,0.5,0.6666666666666666,0.696630546019236,0.75
DeepSeek,none,validated_paths5_thr0.8,SpotifyCares,Song/Artist,0,29,1,5,0.0,0.0,0.0,-0.0700140042014005,0.48333333333333334
DeepSeek,none,validated_paths5_thr0.8,SpotifyCares,Student Subscription,1,33,0,1,1.0,0.5,0.6666666666666666,0.696630546019236,0.75
DeepSeek,triggers,raw_10call_majority,AmazonHelp,Account,0,18,0,2,0.0,0.0,0.0,0.0,0.5
DeepSeek,triggers,raw_10call_majority,AmazonHelp,Alexa,0,18,0,2,0.0,0.0,0.0,0.0,0.5
DeepSeek,triggers,raw_10call_majority,AmazonHelp,Apologize,6,11,0,2,1.0,0.75,0.8571428571428571,0.7966275068156915,0.875
DeepSeek,triggers,raw_10call_majority,AmazonHelp,Bad Support,0,17,0,3,0.0,0.0,0.0,0.0,0.5
DeepSeek,triggers,raw_10call_majority,AmazonHelp,Delivery,5,13,0,2,1.0,0.7142857142857143,0.8333333333333333,0.7867957924694432,0.8571428571428572
DeepSeek,triggers,raw_10call_majority,AmazonHelp,Echo,1,17,0,2,1.0,0.3333333333333333,0.5,0.5461186812727502,0.6666666666666666
DeepSeek,triggers,raw_10call_majority,AmazonHelp,Investigate Issue,5,9,2,3,0.7142857142857143,0.625,0.6666666666666666,0.45361105256925455,0.7215909090909092
DeepSeek,triggers,raw_10call_majority,AmazonHelp,Kindle,0,20,0,0,0.0,0.0,0.0,0.0,0.5
DeepSeek,triggers,raw_10call_majority,AmazonHelp,Order Cancellation,1,19,0,0,1.0,1.0,1.0,1.0,1.0
DeepSeek,triggers,raw_10call_majority,AmazonHelp,Packaging,1,19,0,0,1.0,1.0,1.0,1.0,1.0
DeepSeek,triggers,raw_10call_majority,AmazonHelp,Prime,3,13,0,4,1.0,0.42857142857142855,0.6,0.5724780279075999,0.7142857142857143
DeepSeek,triggers,raw_10call_majority,AmazonHelp,Provide URL,13,6,0,0,1.0,1.0,1.0,1.0,1.0
DeepSeek,triggers,raw_10call_majority,AmazonHelp,Provide delivery date,0,17,0,2,0.0,0.0,0.0,0.0,0.5
DeepSeek,triggers,raw_10call_majority,AmazonHelp,Refer to specialist team,0,17,0,2,0.0,0.0,0.0,0.0,0.5
DeepSeek,triggers,raw_10call_majority,AmazonHelp,Refund,0,20,0,0,0.0,0.0,0.0,0.0,0.5
DeepSeek,triggers,raw_10call_majority,AmazonHelp,Replacement,0,20,0,0,0.0,0.0,0.0,0.0,0.5
DeepSeek,triggers,raw_10call_majority,AmazonHelp,Request to call by phone,3,16,0,0,1.0,1.0,1.0,1.0,1.0
DeepSeek,triggers,raw_10call_majority,AmazonHelp,Request to not send personal details,0,18,0,1,0.0,0.0,0.0,0.0,0.5
DeepSeek,triggers,raw_10call_majority,AmazonHelp,Request to reach out by chat,2,17,0,0,1.0,1.0,1.0,1.0,1.0
DeepSeek,triggers,raw_10call_majority,AmazonHelp,Return,1,18,0,1,1.0,0.5,0.6666666666666666,0.6882472016116853,0.75
DeepSeek,triggers,raw_10call_majority,AppleSupport,Battery,4,25,0,2,1.0,0.6666666666666666,0.8,0.7856742013183861,0.8333333333333333
DeepSeek,triggers,raw_10call_majority,AppleSupport,Investigate issue,0,10,1,16,0.0,0.0,0.0,-0.23652495839563303,0.45454545454545453
DeepSeek,triggers,raw_10call_majority,AppleSupport,Mac,0,28,0,3,0.0,0.0,0.0,0.0,0.5
DeepSeek,triggers,raw_10call_majority,AppleSupport,Provide URL,15,11,0,1,1.0,0.9375,0.967741935483871,0.9270248108869579,0.96875
DeepSeek,triggers,raw_10call_majority,AppleSupport,Provide device model,3,23,2,3,0.6,0.5,0.5454545454545454,0.4511523706448427,0.71
DeepSeek,triggers,raw_10call_majority,AppleSupport,Provide system version,3,21,0,7,1.0,0.3,0.4615384615384615,0.47434164902525694,0.65
DeepSeek,triggers,raw_10call_majority,AppleSupport,Recommend backing up,0,27,0,0,0.0,0.0,0.0,0.0,0.5
DeepSeek,triggers,raw_10call_majority,AppleSupport,Recommend updating,0,27,0,0,0.0,0.0,0.0,0.0,0.5
DeepSeek,triggers,raw_10call_majority,AppleSupport,Refer to specialist team,0,27,0,0,0.0,0.0,0.0,0.0,0.5
DeepSeek,triggers,raw_10call_majority,AppleSupport,Refund,1,29,0,1,1.0,0.5,0.6666666666666666,0.695221787153807,0.75
DeepSeek,triggers,raw_10call_majority,AppleSupport,Request DM,12,14,1,0,0.9230769230769231,1.0,0.9600000000000001,0.9281909617845143,0.9666666666666667
DeepSeek,triggers,raw_10call_majority,AppleSupport,Request country,0,27,0,0,0.0,0.0,0.0,0.0,0.5
DeepSeek,triggers,raw_10call_majority,AppleSupport,Request device model,1,24,0,2,1.0,0.3333333333333333,0.5,0.554700196225229,0.6666666666666666
DeepSeek,triggers,raw_10call_majority,AppleSupport,Request device restart,1,26,0,0,1.0,1.0,1.0,1.0,1.0
DeepSeek,triggers,raw_10call_majority,AppleSupport,Request iOS version,2,19,0,6,1.0,0.25,0.4,0.43588989435406733,0.625
DeepSeek,triggers,raw_10call_majority,AppleSupport,Restart device,3,28,0,0,1.0,1.0,1.0,1.0,1.0
DeepSeek,triggers,raw_10call_majority,AppleSupport,Software/App,0,21,0,10,0.0,0.0,0.0,0.0,0.5
DeepSeek,triggers,raw_10call_majority,AppleSupport,TV,0,31,0,0,0.0,0.0,0.0,0.0,0.5
DeepSeek,triggers,raw_10call_majority,AppleSupport,Unresponsive/Freezing Device,1,24,2,4,0.3333333333333333,0.2,0.25,0.15311180047019055,0.5615384615384615
DeepSeek,triggers,raw_10call_majority,AppleSupport,Update,4,17,0,10,1.0,0.2857142857142857,0.4444444444444445,0.4241393401869012,0.6428571428571428
DeepSeek,triggers,raw_10call_majority,AppleSupport,iPad,0,31,0,0,0.0,0.0,0.0,0.0,0.5
DeepSeek,triggers,raw_10call_majority,AppleSupport,iPhone,3,16,5,7,0.375,0.3,0.33333333333333326,0.06613400036396397,0.530952380952381
DeepSeek,triggers,raw_10call_majority,SpotifyCares,Account,2,29,0,4,1.0,0.3333333333333333,0.5,0.5412294272573258,0.6666666666666666
DeepSeek,triggers,raw_10call_majority,SpotifyCares,Advertisement,1,33,0,1,1.0,0.5,0.6666666666666666,0.696630546019236,0.75
DeepSeek,triggers,raw_10call_majority,SpotifyCares,App,0,26,0,9,0.0,0.0,0.0,0.0,0.5
DeepSeek,triggers,raw_10call_majority,SpotifyCares,Billing/Payment,1,27,1,6,0.5,0.14285714285714285,0.22222222222222224,0.1846372364689991,0.5535714285714286
DeepSeek,triggers,raw_10call_majority,SpotifyCares,Family Subscription,0,34,0,1,0.0,0.0,0.0,0.0,0.5
DeepSeek,triggers,raw_10call_majority,SpotifyCares,Hulu,0,34,0,1,0.0,0.0,0.0,0.0,0.5
DeepSeek,triggers,raw_10call_majority,SpotifyCares,Login,2,30,1,2,0.6666666666666666,0.5,0.5714285714285715,0.5315957919524057,0.7338709677419355
DeepSeek,triggers,raw_10call_majority,SpotifyCares,Logout,1,33,0,1,1.0,0.5,0.6666666666666666,0.696630546019236,0.75
DeepSeek,triggers,raw_10call_majority,SpotifyCares,Offer further help,1,24,0,3,1.0,0.25,0.4,0.4714045207910317,0.625
DeepSeek,triggers,raw_10call_majority,SpotifyCares,Playlist,1,33,0,1,1.0,0.5,0.6666666666666666,0.696630546019236,0.75
DeepSeek,triggers,raw_10call_majority,SpotifyCares,Premium,1,33,0,1,1.0,0.5,0.6666666666666666,0.696630546019236,0.75
DeepSeek,triggers,raw_10call_majority,SpotifyCares,Provide OS version,2,33,0,0,1.0,1.0,1.0,1.0,1.0
DeepSeek,triggers,raw_10call_majority,SpotifyCares,Provide URL,11,15,0,2,1.0,0.8461538461538461,0.9166666666666666,0.8640638488223129,0.9230769230769231
DeepSeek,triggers,raw_10call_majority,SpotifyCares,Provide device model,2,30,1,2,0.6666666666666666,0.5,0.5714285714285715,0.5315957919524057,0.7338709677419355
DeepSeek,triggers,raw_10call_majority,SpotifyCares,Provide email address,0,34,1,0,0.0,0.0,0.0,0.0,0.4857142857142857
DeepSeek,triggers,raw_10call_majority,SpotifyCares,Provide error message,0,30,0,5,0.0,0.0,0.0,0.0,0.5
DeepSeek,triggers,raw_10call_majority,SpotifyCares,Provide spotify version,2,33,0,0,1.0,1.0,1.0,1.0,1.0
DeepSeek,triggers,raw_10call_majority,SpotifyCares,Provide username,0,35,0,0,0.0,0.0,0.0,0.0,0.5
DeepSeek,triggers,raw_10call_majority,SpotifyCares,Refer to specialist team,0,28,0,0,0.0,0.0,0.0,0.0,0.5
DeepSeek,triggers,raw_10call_majority,SpotifyCares,Reinstall the app,0,34,0,1,0.0,0.0,0.0,0.0,0.5
DeepSeek,triggers,raw_10call_majority,SpotifyCares,Request DM,4,21,0,3,1.0,0.5714285714285714,0.7272727272727273,0.7071067811865476,0.7857142857142857
DeepSeek,triggers,raw_10call_majority,SpotifyCares,Request OS version,0,25,0,3,0.0,0.0,0.0,0.0,0.5
DeepSeek,triggers,raw_10call_majority,SpotifyCares,Request Spotify version,0,24,0,4,0.0,0.0,0.0,0.0,0.5
DeepSeek,triggers,raw_10call_majority,SpotifyCares,Request device restart,0,25,0,3,0.0,0.0,0.0,0.0,0.5
DeepSeek,triggers,raw_10call_majority,SpotifyCares,Request device version,0,24,0,4,0.0,0.0,0.0,0.0,0.5
DeepSeek,triggers,raw_10call_majority,SpotifyCares,Request email address,4,22,0,2,1.0,0.6666666666666666,0.8,0.7817359599705717,0.8333333333333333
DeepSeek,triggers,raw_10call_majority,SpotifyCares,Request error message,1,25,0,2,1.0,0.3333333333333333,0.5,0.5555555555555556,0.6666666666666666
DeepSeek,triggers,raw_10call_majority,SpotifyCares,Request exact issue description,0,27,0,1,0.0,0.0,0.0,0.0,0.5
DeepSeek,triggers,raw_10call_majority,SpotifyCares,Request login,0,25,0,3,0.0,0.0,0.0,0.0,0.5
DeepSeek,triggers,raw_10call_majority,SpotifyCares,Request logout,0,25,0,3,0.0,0.0,0.0,0.0,0.5
DeepSeek,triggers,raw_10call_majority,SpotifyCares,Request reinstall the app,0,26,0,2,0.0,0.0,0.0,0.0,0.5
DeepSeek,triggers,raw_10call_majority,SpotifyCares,Request username,4,23,0,1,1.0,0.8,0.888888888888889,0.8755950357709131,0.9
DeepSeek,triggers,raw_10call_majority,SpotifyCares,Restart device,1,33,0,1,1.0,0.5,0.6666666666666666,0.696630546019236,0.75
DeepSeek,triggers,raw_10call_majority,SpotifyCares,Song/Artist,2,30,0,3,1.0,0.4,0.5714285714285715,0.6030226891555273,0.7
DeepSeek,triggers,raw_10call_majority,SpotifyCares,Student Subscription,1,33,0,1,1.0,0.5,0.6666666666666666,0.696630546019236,0.75
DeepSeek,triggers,raw_1call,AmazonHelp,Account,1,18,0,1,1.0,0.5,0.6666666666666666,0.6882472016116853,0.75
DeepSeek,triggers,raw_1call,AmazonHelp,Alexa,0,18,0,2,0.0,0.0,0.0,0.0,0.5
DeepSeek,triggers,raw_1call,AmazonHelp,Apologize,5,10,1,3,0.8333333333333334,0.625,0.7142857142857143,0.5672953457626894,0.7670454545454546
DeepSeek,triggers,raw_1call,AmazonHelp,Bad Support,0,17,0,3,0.0,0.0,0.0,0.0,0.5
DeepSeek,triggers,raw_1call,AmazonHelp,Delivery,5,13,0,2,1.0,0.7142857142857143,0.8333333333333333,0.7867957924694432,0.8571428571428572
DeepSeek,triggers,raw_1call,AmazonHelp,Echo,1,17,0,2,1.0,0.3333333333333333,0.5,0.5461186812727502,0.6666666666666666
DeepSeek,triggers,raw_1call,AmazonHelp,Investigate Issue,4,9,2,4,0.6666666666666666,0.5,0.5714285714285715,0.3379631847096873,0.6590909090909092
DeepSeek,triggers,raw_1call,AmazonHelp,Kindle,0,20,0,0,0.0,0.0,0.0,0.0,0.5
DeepSeek,triggers,raw_1call,AmazonHelp,Order Cancellation,0,19,0,1,0.0,0.0,0.0,0.0,0.5
DeepSeek,triggers,raw_1call,AmazonHelp,Packaging,1,19,0,0,1.0,1.0,1.0,1.0,1.0
DeepSeek,triggers,raw_1call,AmazonHelp,Prime,2,13,0,5,1.0,0.2857142857142857,0.4444444444444445,0.45425676257949793,0.6428571428571428
DeepSeek,triggers,raw_1call,AmazonHelp,Provide URL,13,6,0,0,1.0,1.0,1.0,1.0,1.0
DeepSeek,triggers,raw_1call,AmazonHelp,Provide delivery date,0,17,0,2,0.0,0.0,0.0,0.0,0.5
DeepSeek,triggers,raw_1call,AmazonHelp,Refer to specialist team,0,17,0,2,0.0,0.0,0.0,0.0,0.5
DeepSeek,triggers,raw_1call,AmazonHelp,Refund,0,20,0,0,0.0,0.0,0.0,0.0,0.5
DeepSeek,triggers,raw_1call,AmazonHelp,Replacement,0,20,0,0,0.0,0.0,0.0,0.0,0.5
DeepSeek,triggers,raw_1call,AmazonHelp,Request to call by phone,2,16,0,1,1.0,0.6666666666666666,0.8,0.7921180343813395,0.8333333333333333
DeepSeek,triggers,raw_1call,AmazonHelp,Request to not send personal details,0,18,0,1,0.0,0.0,0.0,0.0,0.5
DeepSeek,triggers,raw_1call,AmazonHelp,Request to reach out by chat,1,17,0,1,1.0,0.5,0.6666666666666666,0.6871842709362768,0.75
DeepSeek,triggers,raw_1call,AmazonHelp,Return,1,18,0,1,1.0,0.5,0.6666666666666666,0.6882472016116853,0.75
DeepSeek,triggers,raw_1call,AppleSupport,Battery,4,25,0,2,1.0,0.6666666666666666,0.8,0.7856742013183861,0.8333333333333333
DeepSeek,triggers,raw_1call,AppleSupport,Investigate issue,1,10,1,15,0.5,0.0625,0.1111111111111111,-0.053300179088902604,0.48579545454545453
DeepSeek,triggers,raw_1call,AppleSupport,Mac,0,28,0,3,0.0,0.0,0.0,0.0,0.5
DeepSeek,triggers,raw_1call,AppleSupport,Provide URL,15,11,0,1,1.0,0.9375,0.967741935483871,0.9270248108869579,0.96875
DeepSeek,triggers,raw_1call,AppleSupport,Provide device model,3,24,1,3,0.75,0.5,0.6,0.5421151989096864,0.73
DeepSeek,triggers,raw_1call,AppleSupport,Provide system version,3,21,0,7,1.0,0.3,0.4615384615384615,0.47434164902525694,0.65
DeepSeek,triggers,raw_1call,AppleSupport,Recommend backing up,0,27,0,0,0.0,0.0,0.0,0.0,0.5
DeepSeek,triggers,raw_1call,AppleSupport,Recommend updating,0,27,0,0,0.0,0.0,0.0,0.0,0.5
DeepSeek,triggers,raw_1call,AppleSupport,Refer to specialist team,0,27,0,0,0.0,0.0,0.0,0.0,0.5
DeepSeek,triggers,raw_1call,AppleSupport,Refund,1,29,0,1,1.0,0.5,0.6666666666666666,0.695221787153807,0.75
DeepSeek,triggers,raw_1call,AppleSupport,Request DM,10,15,0,2,1.0,0.8333333333333334,0.9090909090909091,0.8574929257125441,0.9166666666666667
DeepSeek,triggers,raw_1call,AppleSupport,Request country,0,27,0,0,0.0,0.0,0.0,0.0,0.5
DeepSeek,triggers,raw_1call,AppleSupport,Request device model,1,24,0,2,1.0,0.3333333333333333,0.5,0.554700196225229,0.6666666666666666
DeepSeek,triggers,raw_1call,AppleSupport,Request device restart,0,25,1,1,0.0,0.0,0.0,-0.038461538461538464,0.4807692307692308
DeepSeek,triggers,raw_1call,AppleSupport,Request iOS version,2,19,0,6,1.0,0.25,0.4,0.43588989435406733,0.625
DeepSeek,triggers,raw_1call,AppleSupport,Restart device,2,28,0,1,1.0,0.6666666666666666,0.8,0.802295557085754,0.8333333333333333
DeepSeek,triggers,raw_1call,AppleSupport,Software/App,0,21,0,10,0.0,0.0,0.0,0.0,0.5
DeepSeek,triggers,raw_1call,AppleSupport,TV,0,31,0,0,0.0,0.0,0.0,0.0,0.5
DeepSeek,triggers,raw_1call,AppleSupport,Unresponsive/Freezing Device,2,25,1,3,0.6666666666666666,0.4,0.5,0.44976591388118475,0.6807692307692308
DeepSeek,triggers,raw_1call,AppleSupport,Update,4,17,0,10,1.0,0.2857142857142857,0.4444444444444445,0.4241393401869012,0.6428571428571428
DeepSeek,triggers,raw_1call,AppleSupport,iPad,0,31,0,0,0.0,0.0,0.0,0.0,0.5
DeepSeek,triggers,raw_1call,AppleSupport,iPhone,4,18,3,6,0.5714285714285714,0.4,0.47058823529411764,0.28749445424997294,0.6285714285714286
DeepSeek,triggers,raw_1call,SpotifyCares,Account,3,28,1,3,0.75,0.5,0.6,0.5514416337357292,0.7327586206896552
DeepSeek,triggers,raw_1call,SpotifyCares,Advertisement,2,33,0,0,1.0,1.0,1.0,1.0,1.0
DeepSeek,triggers,raw_1call,SpotifyCares,App,1,26,0,8,1.0,0.1111111111111111,0.19999999999999998,0.2914915440650687,0.5555555555555556
DeepSeek,triggers,raw_1call,SpotifyCares,Billing/Payment,2,28,0,5,1.0,0.2857142857142857,0.4444444444444445,0.4923659639173309,0.6428571428571428
DeepSeek,triggers,raw_1call,SpotifyCares,Family Subscription,0,34,0,1,0.0,0.0,0.0,0.0,0.5
DeepSeek,triggers,raw_1call,SpotifyCares,Hulu,0,34,0,1,0.0,0.0,0.0,0.0,0.5
DeepSeek,triggers,raw_1call,SpotifyCares,Login,2,31,0,2,1.0,0.5,0.6666666666666666,0.6853444168423419,0.75
DeepSeek,triggers,raw_1call,SpotifyCares,Logout,1,32,1,1,0.5,0.5,0.5,0.4696969696969697,0.7348484848484849
DeepSeek,triggers,raw_1call,SpotifyCares,Offer further help,0,21,3,4,0.0,0.0,0.0,-0.1414213562373095,0.4375
DeepSeek,triggers,raw_1call,SpotifyCares,Playlist,1,33,0,1,1.0,0.5,0.6666666666666666,0.696630546019236,0.75
DeepSeek,triggers,raw_1call,SpotifyCares,Premium,2,33,0,0,1.0,1.0,1.0,1.0,1.0
DeepSeek,triggers,raw_1call,SpotifyCares,Provide OS version,1,33,0,1,1.0,0.5,0.6666666666666666,0.696630546019236,0.75
DeepSeek,triggers,raw_1call,SpotifyCares,Provide URL,11,15,0,2,1.0,0.8461538461538461,0.9166666666666666,0.8640638488223129,0.9230769230769231
DeepSeek,triggers,raw_1call,SpotifyCares,Provide device model,0,30,1,4,0.0,0.0,0.0,-0.06160411036336975,0.4838709677419355
DeepSeek,triggers,raw_1call,SpotifyCares,Provide email address,0,35,0,0,0.0,0.0,0.0,0.0,0.5
DeepSeek,triggers,raw_1call,SpotifyCares,Provide error message,0,30,0,5,0.0,0.0,0.0,0.0,0.5
DeepSeek,triggers,raw_1call,SpotifyCares,Provide spotify version,0,33,0,2,0.0,0.0,0.0,0.0,0.5
DeepSeek,triggers,raw_1call,SpotifyCares,Provide username,0,35,0,0,0.0,0.0,0.0,0.0,0.5
DeepSeek,triggers,raw_1call,SpotifyCares,Refer to specialist team,0,28,0,0,0.0,0.0,0.0,0.0,0.5
DeepSeek,triggers,raw_1call,SpotifyCares,Reinstall the app,0,34,0,1,0.0,0.0,0.0,0.0,0.5
DeepSeek,triggers,raw_1call,SpotifyCares,Request DM,5,21,0,2,1.0,0.7142857142857143,0.8333333333333333,0.8075728530872482,0.8571428571428572
DeepSeek,triggers,raw_1call,SpotifyCares,Request OS version,1,25,0,2,1.0,0.3333333333333333,0.5,0.5555555555555556,0.6666666666666666
DeepSeek,triggers,raw_1call,SpotifyCares,Request Spotify version,1,24,0,3,1.0,0.25,0.4,0.4714045207910317,0.625
DeepSeek,triggers,raw_1call,SpotifyCares,Request device restart,0,25,0,3,0.0,0.0,0.0,0.0,0.5
DeepSeek,triggers,raw_1call,SpotifyCares,Request device version,1,24,0,3,1.0,0.25,0.4,0.4714045207910317,0.625
DeepSeek,triggers,raw_1call,SpotifyCares,Request email address,5,22,0,1,1.0,0.8333333333333334,0.9090909090909091,0.8928053815224023,0.9166666666666667
DeepSeek,triggers,raw_1call,SpotifyCares,Request error message,1,25,0,2,1.0,0.3333333333333333,0.5,0.5555555555555556,0.6666666666666666
DeepSeek,triggers,raw_1call,SpotifyCares,Request exact issue description,0,27,0,1,0.0,0.0,0.0,0.0,0.5
DeepSeek,triggers,raw_1call,SpotifyCares,Request login,0,25,0,3,0.0,0.0,0.0,0.0,0.5
DeepSeek,triggers,raw_1call,SpotifyCares,Request logout,0,25,0,3,0.0,0.0,0.0,0.0,0.5
DeepSeek,triggers,raw_1call,SpotifyCares,Request reinstall the app,0,26,0,2,0.0,0.0,0.0,0.0,0.5
DeepSeek,triggers,raw_1call,SpotifyCares,Request username,4,23,0,1,1.0,0.8,0.888888888888889,0.8755950357709131,0.9
DeepSeek,triggers,raw_1call,SpotifyCares,Restart device,0,33,0,2,0.0,0.0,0.0,0.0,0.5
DeepSeek,triggers,raw_1call,SpotifyCares,Song/Artist,1,30,0,4,1.0,0.2,0.33333333333333337,0.420084025208403,0.6
DeepSeek,triggers,raw_1call,SpotifyCares,Student Subscription,0,33,0,2,0.0,0.0,0.0,0.0,0.5
DeepSeek,triggers,validated_paths10_thr0.5,AmazonHelp,Account,2,17,1,0,0.6666666666666666,1.0,0.8,0.7934920476158722,0.9722222222222222
DeepSeek,triggers,validated_paths10_thr0.5,AmazonHelp,Alexa,2,18,0,0,1.0,1.0,1.0,1.0,1.0
DeepSeek,triggers,validated_paths10_thr0.5,AmazonHelp,Apologize,8,11,0,0,1.0,1.0,1.0,1.0,1.0
DeepSeek,triggers,validated_paths10_thr0.5,AmazonHelp,Bad Support,2,17,0,1,1.0,0.6666666666666666,0.8,0.7934920476158722,0.8333333333333333
DeepSeek,triggers,validated_paths10_thr0.5,AmazonHelp,Delivery,5,13,0,2,1.0,0.7142857142857143,0.8333333333333333,0.7867957924694432,0.8571428571428572
DeepSeek,triggers,validated_paths10_thr0.5,AmazonHelp,Echo,3,17,0,0,1.0,1.0,1.0,1.0,1.0
DeepSeek,triggers,validated_paths10_thr0.5,AmazonHelp,Investigate Issue,7,9,2,1,0.7777777777777778,0.875,0.823529411764706,0.6854365268376295,0.8465909090909092
DeepSeek,triggers,validated_paths10_thr0.5,AmazonHelp,Kindle,0,20,0,0,0.0,0.0,0.0,0.0,0.5
DeepSeek,triggers,validated_paths10_thr0.5,AmazonHelp,Order Cancellation,1,19,0,0,1.0,1.0,1.0,1.0,1.0
DeepSeek,triggers,validated_paths10_thr0.5,AmazonHelp,Packaging,1,19,0,0,1.0,1.0,1.0,1.0,1.0
DeepSeek,triggers,validated_paths10_thr0.5,AmazonHelp,Prime,7,13,0,0,1.0,1.0,1.0,1.0,1.0
DeepSeek,triggers,validated_paths10_thr0.5,AmazonHelp,Provide URL,13,6,0,0,1.0,1.0,1.0,1.0,1.0
DeepSeek,triggers,validated_paths10_thr0.5,AmazonHelp,Provide delivery date,1,17,0,1,1.0,0.5,0.6666666666666666,0.6871842709362768,0.75
DeepSeek,triggers,validated_paths10_thr0.5,AmazonHelp,Refer to specialist team,1,17,0,1,1.0,0.5,0.6666666666666666,0.6871842709362768,0.75
DeepSeek,triggers,validated_paths10_thr0.5,AmazonHelp,Refund,0,20,0,0,0.0,0.0,0.0,0.0,0.5
DeepSeek,triggers,validated_paths10_thr0.5,AmazonHelp,Replacement,0,20,0,0,0.0,0.0,0.0,0.0,0.5
DeepSeek,triggers,validated_paths10_thr0.5,AmazonHelp,Request to call by phone,3,16,0,0,1.0,1.0,1.0,1.0,1.0
DeepSeek,triggers,validated_paths10_thr0.5,AmazonHelp,Request to not send personal details,1,18,0,0,1.0,1.0,1.0,1.0,1.0
DeepSeek,triggers,validated_paths10_thr0.5,AmazonHelp,Request to reach out by chat,2,17,0,0,1.0,1.0,1.0,1.0,1.0
DeepSeek,triggers,validated_paths10_thr0.5,AmazonHelp,Return,2,18,0,0,1.0,1.0,1.0,1.0,1.0
DeepSeek,triggers,validated_paths10_thr0.5,AppleSupport,Battery,6,24,1,0,0.8571428571428571,1.0,0.923076923076923,0.9071147352221454,0.98
DeepSeek,triggers,validated_paths10_thr0.5,AppleSupport,Investigate issue,12,8,3,4,0.8,0.75,0.7741935483870969,0.47193990372426947,0.7386363636363636
DeepSeek,triggers,validated_paths10_thr0.5,AppleSupport,Mac,3,27,1,0,0.75,1.0,0.8571428571428571,0.8504200642707612,0.9821428571428572
DeepSeek,triggers,validated_paths10_thr0.5,AppleSupport,Provide URL,16,11,0,0,1.0,1.0,1.0,1.0,1.0
DeepSeek,triggers,validated_paths10_thr0.5,AppleSupport,Provide device model,6,21,4,0,0.6,1.0,0.7499999999999999,0.7099295739719539,0.9199999999999999
DeepSeek,triggers,validated_paths10_thr0.5,AppleSupport,Provide system version,10,20,1,0,0.9090909090909091,1.0,0.9523809523809523,0.9304842103984708,0.9761904761904762
DeepSeek,triggers,validated_paths10_thr0.5,AppleSupport,Recommend backing up,0,27,0,0,0.0,0.0,0.0,0.0,0.5
DeepSeek,triggers,validated_paths10_thr0.5,AppleSupport,Recommend updating,0,27,0,0,0.0,0.0,0.0,0.0,0.5
DeepSeek,triggers,validated_paths10_thr0.5,AppleSupport,Refer to specialist team,0,27,0,0,0.0,0.0,0.0,0.0,0.5
DeepSeek,triggers,validated_paths10_thr0.5,AppleSupport,Refund,2,29,0,0,1.0,1.0,1.0,1.0,1.0
DeepSeek,triggers,validated_paths10_thr0.5,AppleSupport,Request DM,12,14,1,0,0.9230769230769231,1.0,0.9600000000000001,0.9281909617845143,0.9666666666666667
DeepSeek,triggers,validated_paths10_thr0.5,AppleSupport,Request country,0,27,0,0,0.0,0.0,0.0,0.0,0.5
DeepSeek,triggers,validated_paths10_thr0.5,AppleSupport,Request device model,3,24,0,0,1.0,1.0,1.0,1.0,1.0
DeepSeek,triggers,validated_paths10_thr0.5,AppleSupport,Request device restart,1,26,0,0,1.0,1.0,1.0,1.0,1.0
DeepSeek,triggers,validated_paths10_thr0.5,AppleSupport,Request iOS version,8,19,0,0,1.0,1.0,1.0,1.0,1.0
DeepSeek,triggers,validated_paths10_thr0.5,AppleSupport,Restart device,3,27,1,0,0.75,1.0,0.8571428571428571,0.8504200642707612,0.9821428571428572
DeepSeek,triggers,validated_paths10_thr0.5,AppleSupport,Software/App,4,21,0,6,1.0,0.4,0.5714285714285715,0.5577733510227171,0.7
DeepSeek,triggers,validated_paths10_thr0.5,AppleSupport,TV,0,31,0,0,0.0,0.0,0.0,0.0,0.5
DeepSeek,triggers,validated_paths10_thr0.5,AppleSupport,Unresponsive/Freezing Device,5,22,4,0,0.5555555555555556,1.0,0.7142857142857143,0.6856277926728687,0.9230769230769231
DeepSeek,triggers,validated_paths10_thr0.5,AppleSupport,Update,13,16,1,1,0.9285714285714286,0.9285714285714286,0.9285714285714286,0.8697478991596639,0.9348739495798319
DeepSeek,triggers,validated_paths10_thr0.5,AppleSupport,iPad,0,31,0,0,0.0,0.0,0.0,0.0,0.5
DeepSeek,triggers,validated_paths10_thr0.5,AppleSupport,iPhone,5,16,5,5,0.5,0.5,0.5,0.2619047619047619,0.6309523809523809
DeepSeek,triggers,validated_paths10_thr0.5,SpotifyCares,Account,5,25,4,1,0.5555555555555556,0.8333333333333334,0.6666666666666667,0.5996568753954697,0.8477011494252873
DeepSeek,triggers,validated_paths10_thr0.5,SpotifyCares,Advertisement,2,32,1,0,0.6666666666666666,1.0,0.8,0.8040302522073697,0.9848484848484849
DeepSeek,triggers,validated_paths10_thr0.5,SpotifyCares,App,6,21,5,3,0.5454545454545454,0.6666666666666666,0.6,0.44659420836637254,0.7371794871794872
DeepSeek,triggers,validated_paths10_thr0.5,SpotifyCares,Billing/Payment,7,26,2,0,0.7777777777777778,1.0,0.8750000000000001,0.8498365855987975,0.9642857142857143
DeepSeek,triggers,validated_paths10_thr0.5,SpotifyCares,Family Subscription,1,34,0,0,1.0,1.0,1.0,1.0,1.0
DeepSeek,triggers,validated_paths10_thr0.5,SpotifyCares,Hulu,1,34,0,0,1.0,1.0,1.0,1.0,1.0
DeepSeek,triggers,validated_paths10_thr0.5,SpotifyCares,Login,3,29,2,1,0.6,0.75,0.6666666666666665,0.6232502388407515,0.842741935483871
DeepSeek,triggers,validated_paths10_thr0.5,SpotifyCares,Logout,2,30,3,0,0.4,1.0,0.5714285714285715,0.6030226891555273,0.9545454545454546
DeepSeek,triggers,validated_paths10_thr0.5,SpotifyCares,Offer further help,4,19,5,0,0.4444444444444444,1.0,0.6153846153846153,0.5931710140017395,0.8958333333333333
DeepSeek,triggers,validated_paths10_thr0.5,SpotifyCares,Playlist,2,33,0,0,1.0,1.0,1.0,1.0,1.0
DeepSeek,triggers,validated_paths10_thr0.5,SpotifyCares,Premium,2,31,2,0,0.5,1.0,0.6666666666666666,0.6853444168423419,0.9696969696969697
DeepSeek,triggers,validated_paths10_thr0.5,SpotifyCares,Provide OS version,2,33,0,0,1.0,1.0,1.0,1.0,1.0
DeepSeek,triggers,validated_paths10_thr0.5,SpotifyCares,Provide URL,12,15,0,1,1.0,0.9230769230769231,0.9600000000000001,0.9302605094190635,0.9615384615384616
DeepSeek,triggers,validated_paths10_thr0.5,SpotifyCares,Provide device model,2,29,2,2,0.5,0.5,0.5,0.43548387096774194,0.717741935483871
DeepSeek,triggers,validated_paths10_thr0.5,SpotifyCares,Provide email address,0,33,2,0,0.0,0.0,0.0,0.0,0.4714285714285714
DeepSeek,triggers,validated_paths10_thr0.5,SpotifyCares,Provide error message,1,30,0,4,1.0,0.2,0.33333333333333337,0.420084025208403,0.6
DeepSeek,triggers,validated_paths10_thr0.5,SpotifyCares,Provide spotify version,2,33,0,0,1.0,1.0,1.0,1.0,1.0
DeepSeek,triggers,validated_paths10_thr0.5,SpotifyCares,Provide username,0,34,1,0,0.0,0.0,0.0,0.0,0.4857142857142857
DeepSeek,triggers,validated_paths10_thr0.5,SpotifyCares,Refer to specialist team,0,28,0,0,0.0,0.0,0.0,0.0,0.5
DeepSeek,triggers,validated_paths10_thr0.5,SpotifyCares,Reinstall the app,1,34,0,0,1.0,1.0,1.0,1.0,1.0
DeepSeek,triggers,validated_paths10_thr0.5,SpotifyCares,Request DM,7,21,0,0,1.0,1.0,1.0,1.0,1.0
DeepSeek,triggers,validated_paths10_thr0.5,SpotifyCares,Request OS version,3,25,0,0,1.0,1.0,1.0,1.0,1.0
DeepSeek,triggers,validated_paths10_thr0.5,SpotifyCares,Request Spotify version,4,24,0,0,1.0,1.0,1.0,1.0,1.0
DeepSeek,triggers,validated_paths10_thr0.5,SpotifyCares,Request device restart,3,25,0,0,1.0,1.0,1.0,1.0,1.0
DeepSeek,triggers,validated_paths10_thr0.5,SpotifyCares,Request device version,4,24,0,0,1.0,1.0,1.0,1.0,1.0
DeepSeek,triggers,validated_paths10_thr0.5,SpotifyCares,Request email address,6,22,0,0,1.0,1.0,1.0,1.0,1.0
DeepSeek,triggers,validated_paths10_thr0.5,SpotifyCares,Request error message,3,25,0,0,1.0,1.0,1.0,1.0,1.0
DeepSeek,triggers,validated_paths10_thr0.5,SpotifyCares,Request exact issue description,1,27,0,0,1.0,1.0,1.0,1.0,1.0
DeepSeek,triggers,validated_paths10_thr0.5,SpotifyCares,Request login,3,25,0,0,1.0,1.0,1.0,1.0,1.0
DeepSeek,triggers,validated_paths10_thr0.5,SpotifyCares,Request logout,3,25,0,0,1.0,1.0,1.0,1.0,1.0
DeepSeek,triggers,validated_paths10_thr0.5,SpotifyCares,Request reinstall the app,2,26,0,0,1.0,1.0,1.0,1.0,1.0
DeepSeek,triggers,validated_paths10_thr0.5,SpotifyCares,Request username,5,23,0,0,1.0,1.0,1.0,1.0,1.0
DeepSeek,triggers,validated_paths10_thr0.5,SpotifyCares,Restart device,2,32,1,0,0.6666666666666666,1.0,0.8,0.8040302522073697,0.9848484848484849
DeepSeek,triggers,validated_paths10_thr0.5,SpotifyCares,Song/Artist,2,30,0,3,1.0,0.4,0.5714285714285715,0.6030226891555273,0.7
DeepSeek,triggers,validated_paths10_thr0.5,SpotifyCares,Student Subscription,2,33,0,0,1.0,1.0,1.0,1.0,1.0
DeepSeek,triggers,validated_paths10_thr0.6,AmazonHelp,Account,2,17,1,0,0.6666666666666666,1.0,0.8,0.7934920476158722,0.9722222222222222
DeepSeek,triggers,validated_paths10_thr0.6,AmazonHelp,Alexa,2,18,0,0,1.0,1.0,1.0,1.0,1.0
DeepSeek,triggers,validated_paths10_thr0.6,AmazonHelp,Apologize,8,11,0,0,1.0,1.0,1.0,1.0,1.0
DeepSeek,triggers,validated_paths10_thr0.6,AmazonHelp,Bad Support,2,17,0,1,1.0,0.6666666666666666,0.8,0.7934920476158722,0.8333333333333333
DeepSeek,triggers,validated_paths10_thr0.6,AmazonHelp,Delivery,5,13,0,2,1.0,0.7142857142857143,0.8333333333333333,0.7867957924694432,0.8571428571428572
DeepSeek,triggers,validated_paths10_thr0.6,AmazonHelp,Echo,3,17,0,0,1.0,1.0,1.0,1.0,1.0
DeepSeek,triggers,validated_paths10_thr0.6,AmazonHelp,Investigate Issue,7,9,2,1,0.7777777777777778,0.875,0.823529411764706,0.6854365268376295,0.8465909090909092
DeepSeek,triggers,validated_paths10_thr0.6,AmazonHelp,Kindle,0,20,0,0,0.0,0.0,0.0,0.0,0.5
DeepSeek,triggers,validated_paths10_thr0.6,AmazonHelp,Order Cancellation,1,19,0,0,1.0,1.0,1.0,1.0,1.0
DeepSeek,triggers,validated_paths10_thr0.6,AmazonHelp,Packaging,1,19,0,0,1.0,1.0,1.0,1.0,1.0
DeepSeek,triggers,validated_paths10_thr0.6,AmazonHelp,Prime,7,13,0,0,1.0,1.0,1.0,1.0,1.0
DeepSeek,triggers,validated_paths10_thr0.6,AmazonHelp,Provide URL,13,6,0,0,1.0,1.0,1.0,1.0,1.0
DeepSeek,triggers,validated_paths10_thr0.6,AmazonHelp,Provide delivery date,1,17,0,1,1.0,0.5,0.6666666666666666,0.6871842709362768,0.75
DeepSeek,triggers,validated_paths10_thr0.6,AmazonHelp,Refer to specialist team,1,17,0,1,1.0,0.5,0.6666666666666666,0.6871842709362768,0.75
DeepSeek,triggers,validated_paths10_thr0.6,AmazonHelp,Refund,0,20,0,0,0.0,0.0,0.0,0.0,0.5
DeepSeek,triggers,validated_paths10_thr0.6,AmazonHelp,Replacement,0,20,0,0,0.0,0.0,0.0,0.0,0.5
DeepSeek,triggers,validated_paths10_thr0.6,AmazonHelp,Request to call by phone,3,16,0,0,1.0,1.0,1.0,1.0,1.0
DeepSeek,triggers,validated_paths10_thr0.6,AmazonHelp,Request to not send personal details,1,18,0,0,1.0,1.0,1.0,1.0,1.0
DeepSeek,triggers,validated_paths10_thr0.6,AmazonHelp,Request to reach out by chat,2,17,0,0,1.0,1.0,1.0,1.0,1.0
DeepSeek,triggers,validated_paths10_thr0.6,AmazonHelp,Return,2,18,0,0,1.0,1.0,1.0,1.0,1.0
DeepSeek,triggers,validated_paths10_thr0.6,AppleSupport,Battery,6,24,1,0,0.8571428571428571,1.0,0.923076923076923,0.9071147352221454,0.98
DeepSeek,triggers,validated_paths10_thr0.6,AppleSupport,Investigate issue,12,8,3,4,0.8,0.75,0.7741935483870969,0.47193990372426947,0.7386363636363636
DeepSeek,triggers,validated_paths10_thr0.6,AppleSupport,Mac,3,27,1,0,0.75,1.0,0.8571428571428571,0.8504200642707612,0.9821428571428572
DeepSeek,triggers,validated_paths10_thr0.6,AppleSupport,Provide URL,16,11,0,0,1.0,1.0,1.0,1.0,1.0
DeepSeek,triggers,validated_paths10_thr0.6,AppleSupport,Provide device model,6,22,3,0,0.6666666666666666,1.0,0.8,0.7659416862050705,0.94
DeepSeek,triggers,validated_paths10_thr0.6,AppleSupport,Provide system version,10,20,1,0,0.9090909090909091,1.0,0.9523809523809523,0.9304842103984708,0.9761904761904762
DeepSeek,triggers,validated_paths10_thr0.6,AppleSupport,Recommend backing up,0,27,0,0,0.0,0.0,0.0,0.0,0.5
DeepSeek,triggers,validated_paths10_thr0.6,AppleSupport,Recommend updating,0,27,0,0,0.0,0.0,0.0,0.0,0.5
DeepSeek,triggers,validated_paths10_thr0.6,AppleSupport,Refer to specialist team,0,27,0,0,0.0,0.0,0.0,0.0,0.5
DeepSeek,triggers,validated_paths10_thr0.6,AppleSupport,Refund,2,29,0,0,1.0,1.0,1.0,1.0,1.0
DeepSeek,triggers,validated_paths10_thr0.6,AppleSupport,Request DM,12,14,1,0,0.9230769230769231,1.0,0.9600000000000001,0.9281909617845143,0.9666666666666667
DeepSeek,triggers,validated_paths10_thr0.6,AppleSupport,Request country,0,27,0,0,0.0,0.0,0.0,0.0,0.5
DeepSeek,triggers,validated_paths10_thr0.6,AppleSupport,Request device model,3,24,0,0,1.0,1.0,1.0,1.0,1.0
DeepSeek,triggers,validated_paths10_thr0.6,AppleSupport,Request device restart,1,26,0,0,1.0,1.0,1.0,1.0,1.0
DeepSeek,triggers,validated_paths10_thr0.6,AppleSupport,Request iOS version,8,19,0,0,1.0,1.0,1.0,1.0,1.0
DeepSeek,triggers,validated_paths10_thr0.6,AppleSupport,Restart device,3,27,1,0,0.75,1.0,0.8571428571428571,0.8504200642707612,0.9821428571428572
DeepSeek,triggers,validated_paths10_thr0.6,AppleSupport,Software/App,4,21,0,6,1.0,0.4,0.5714285714285715,0.5577733510227171,0.7
DeepSeek,triggers,validated_paths10_thr0.6,AppleSupport,TV,0,31,0,0,0.0,0.0,0.0,0.0,0.5
DeepSeek,triggers,validated_paths10_thr0.6,AppleSupport,Unresponsive/Freezing Device,5,22,4,0,0.5555555555555556,1.0,0.7142857142857143,0.6856277926728687,0.9230769230769231
DeepSeek,triggers,validated_paths10_thr0.6,AppleSupport,Update,13,16,1,1,0.9285714285714286,0.9285714285714286,0.9285714285714286,0.8697478991596639,0.9348739495798319
DeepSeek,triggers,validated_paths10_thr0.6,AppleSupport,iPad,0,31,0,0,0.0,0.0,0.0,0.0,0.5
DeepSeek,triggers,validated_paths10_thr0.6,AppleSupport,iPhone,5,16,5,5,0.5,0.5,0.5,0.2619047619047619,0.6309523809523809
DeepSeek,triggers,validated_paths10_thr0.6,SpotifyCares,Account,5,25,4,1,0.5555555555555556,0.8333333333333334,0.6666666666666667,0.5996568753954697,0.8477011494252873
DeepSeek,triggers,validated_paths10_thr0.6,SpotifyCares,Advertisement,2,32,1,0,0.6666666666666666,1.0,0.8,0.8040302522073697,0.9848484848484849
DeepSeek,triggers,validated_paths10_thr0.6,SpotifyCares,App,6,21,5,3,0.5454545454545454,0.6666666666666666,0.6,0.44659420836637254,0.7371794871794872
DeepSeek,triggers,validated_paths10_thr0.6,SpotifyCares,Billing/Payment,7,26,2,0,0.7777777777777778,1.0,0.8750000000000001,0.8498365855987975,0.9642857142857143
DeepSeek,triggers,validated_paths10_thr0.6,SpotifyCares,Family Subscription,1,34,0,0,1.0,1.0,1.0,1.0,1.0
DeepSeek,triggers,validated_paths10_thr0.6,SpotifyCares,Hulu,1,34,0,0,1.0,1.0,1.0,1.0,1.0
DeepSeek,triggers,validated_paths10_thr0.6,SpotifyCares,Login,3,30,1,1,0.75,0.75,0.75,0.717741935483871,0.8588709677419355
DeepSeek,triggers,validated_paths10_thr0.6,SpotifyCares,Logout,2,30,3,0,0.4,1.0,0.5714285714285715,0.6030226891555273,0.9545454545454546
DeepSeek,triggers,validated_paths10_thr0.6,SpotifyCares,Offer further help,4,19,5,0,0.4444444444444444,1.0,0.6153846153846153,0.5931710140017395,0.8958333333333333
DeepSeek,triggers,validated_paths10_thr0.6,SpotifyCares,Playlist,2,33,0,0,1.0,1.0,1.0,1.0,1.0
DeepSeek,triggers,validated_paths10_thr0.6,SpotifyCares,Premium,2,31,2,0,0.5,1.0,0.6666666666666666,0.6853444168423419,0.9696969696969697
DeepSeek,triggers,validated_paths10_thr0.6,SpotifyCares,Provide OS version,2,33,0,0,1.0,1.0,1.0,1.0,1.0
DeepSeek,triggers,validated_paths10_thr0.6,SpotifyCares,Provide URL,12,15,0,1,1.0,0.9230769230769231,0.9600000000000001,0.9302605094190635,0.9615384615384616
DeepSeek,triggers,validated_paths10_thr0.6,SpotifyCares,Provide device model,2,29,2,2,0.5,0.5,0.5,0.43548387096774194,0.717741935483871
DeepSeek,triggers,validated_paths10_thr0.6,SpotifyCares,Provide email address,0,33,2,0,0.0,0.0,0.0,0.0,0.4714285714285714
DeepSeek,triggers,validated_paths10_thr0.6,SpotifyCares,Provide error message,1,30,0,4,1.0,0.2,0.33333333333333337,0.420084025208403,0.6
DeepSeek,triggers,validated_paths10_thr0.6,SpotifyCares,Provide spotify version,2,33,0,0,1.0,1.0,1.0,1.0,1.0
DeepSeek,triggers,validated_paths10_thr0.6,SpotifyCares,Provide username,0,34,1,0,0.0,0.0,0.0,0.0,0.4857142857142857
DeepSeek,triggers,validated_paths10_thr0.6,SpotifyCares,Refer to specialist team,0,28,0,0,0.0,0.0,0.0,0.0,0.5
DeepSeek,triggers,validated_paths10_thr0.6,SpotifyCares,Reinstall the app,1,34,0,0,1.0,1.0,1.0,1.0,1.0
DeepSeek,triggers,validated_paths10_thr0.6,SpotifyCares,Request DM,7,21,0,0,1.0,1.0,1.0,1.0,1.0
DeepSeek,triggers,validated_paths10_thr0.6,SpotifyCares,Request OS version,3,25,0,0,1.0,1.0,1.0,1.0,1.0
DeepSeek,triggers,validated_paths10_thr0.6,SpotifyCares,Request Spotify version,4,24,0,0,1.0,1.0,1.0,1.0,1.0
DeepSeek,triggers,validated_paths10_thr0.6,SpotifyCares,Request device restart,3,25,0,0,1.0,1.0,1.0,1.0,1.0
DeepSeek,triggers,validated_paths10_thr0.6,SpotifyCares,Request device version,4,24,0,0,1.0,1.0,1.0,1.0,1.0
DeepSeek,triggers,validated_paths10_thr0.6,SpotifyCares,Request email address,6,22,0,0,1.0,1.0,1.0,1.0,1.0
DeepSeek,triggers,validated_paths10_thr0.6,SpotifyCares,Request error message,3,25,0,0,1.0,1.0,1.0,1.0,1.0
DeepSeek,triggers,validated_paths10_thr0.6,SpotifyCares,Request exact issue description,1,27,0,0,1.0,1.0,1.0,1.0,1.0
DeepSeek,triggers,validated_paths10_thr0.6,SpotifyCares,Request login,3,25,0,0,1.0,1.0,1.0,1.0,1.0
DeepSeek,triggers,validated_paths10_thr0.6,SpotifyCares,Request logout,3,25,0,0,1.0,1.0,1.0,1.0,1.0
DeepSeek,triggers,validated_paths10_thr0.6,SpotifyCares,Request reinstall the app,2,26,0,0,1.0,1.0,1.0,1.0,1.0
DeepSeek,triggers,validated_paths10_thr0.6,SpotifyCares,Request username,5,23,0,0,1.0,1.0,1.0,1.0,1.0
DeepSeek,triggers,validated_paths10_thr0.6,SpotifyCares,Restart device,2,32,1,0,0.6666666666666666,1.0,0.8,0.8040302522073697,0.9848484848484849
DeepSeek,triggers,validated_paths10_thr0.6,SpotifyCares,Song/Artist,2,30,0,3,1.0,0.4,0.5714285714285715,0.6030226891555273,0.7
DeepSeek,triggers,validated_paths10_thr0.6,SpotifyCares,Student Subscription,2,33,0,0,1.0,1.0,1.0,1.0,1.0
DeepSeek,triggers,validated_paths10_thr0.7,AmazonHelp,Account,2,17,1,0,0.6666666666666666,1.0,0.8,0.7934920476158722,0.9722222222222222
DeepSeek,triggers,validated_paths10_thr0.7,AmazonHelp,Alexa,2,18,0,0,1.0,1.0,1.0,1.0,1.0
DeepSeek,triggers,validated_paths10_thr0.7,AmazonHelp,Apologize,8,11,0,0,1.0,1.0,1.0,1.0,1.0
DeepSeek,triggers,validated_paths10_thr0.7,AmazonHelp,Bad Support,2,17,0,1,1.0,0.6666666666666666,0.8,0.7934920476158722,0.8333333333333333
DeepSeek,triggers,validated_paths10_thr0.7,AmazonHelp,Delivery,5,13,0,2,1.0,0.7142857142857143,0.8333333333333333,0.7867957924694432,0.8571428571428572
DeepSeek,triggers,validated_paths10_thr0.7,AmazonHelp,Echo,3,17,0,0,1.0,1.0,1.0,1.0,1.0
DeepSeek,triggers,validated_paths10_thr0.7,AmazonHelp,Investigate Issue,7,9,2,1,0.7777777777777778,0.875,0.823529411764706,0.6854365268376295,0.8465909090909092
DeepSeek,triggers,validated_paths10_thr0.7,AmazonHelp,Kindle,0,20,0,0,0.0,0.0,0.0,0.0,0.5
DeepSeek,triggers,validated_paths10_thr0.7,AmazonHelp,Order Cancellation,1,19,0,0,1.0,1.0,1.0,1.0,1.0
DeepSeek,triggers,validated_paths10_thr0.7,AmazonHelp,Packaging,1,19,0,0,1.0,1.0,1.0,1.0,1.0
DeepSeek,triggers,validated_paths10_thr0.7,AmazonHelp,Prime,7,13,0,0,1.0,1.0,1.0,1.0,1.0
DeepSeek,triggers,validated_paths10_thr0.7,AmazonHelp,Provide URL,13,6,0,0,1.0,1.0,1.0,1.0,1.0
DeepSeek,triggers,validated_paths10_thr0.7,AmazonHelp,Provide delivery date,1,17,0,1,1.0,0.5,0.6666666666666666,0.6871842709362768,0.75
DeepSeek,triggers,validated_paths10_thr0.7,AmazonHelp,Refer to specialist team,1,17,0,1,1.0,0.5,0.6666666666666666,0.6871842709362768,0.75
DeepSeek,triggers,validated_paths10_thr0.7,AmazonHelp,Refund,0,20,0,0,0.0,0.0,0.0,0.0,0.5
DeepSeek,triggers,validated_paths10_thr0.7,AmazonHelp,Replacement,0,20,0,0,0.0,0.0,0.0,0.0,0.5
DeepSeek,triggers,validated_paths10_thr0.7,AmazonHelp,Request to call by phone,3,16,0,0,1.0,1.0,1.0,1.0,1.0
DeepSeek,triggers,validated_paths10_thr0.7,AmazonHelp,Request to not send personal details,1,18,0,0,1.0,1.0,1.0,1.0,1.0
DeepSeek,triggers,validated_paths10_thr0.7,AmazonHelp,Request to reach out by chat,2,17,0,0,1.0,1.0,1.0,1.0,1.0
DeepSeek,triggers,validated_paths10_thr0.7,AmazonHelp,Return,2,18,0,0,1.0,1.0,1.0,1.0,1.0
DeepSeek,triggers,validated_paths10_thr0.7,AppleSupport,Battery,6,24,1,0,0.8571428571428571,1.0,0.923076923076923,0.9071147352221454,0.98
DeepSeek,triggers,validated_paths10_thr0.7,AppleSupport,Investigate issue,12,8,3,4,0.8,0.75,0.7741935483870969,0.47193990372426947,0.7386363636363636
DeepSeek,triggers,validated_paths10_thr0.7,AppleSupport,Mac,3,27,1,0,0.75,1.0,0.8571428571428571,0.8504200642707612,0.9821428571428572
DeepSeek,triggers,validated_paths10_thr0.7,AppleSupport,Provide URL,15,11,0,1,1.0,0.9375,0.967741935483871,0.9270248108869579,0.96875
DeepSeek,triggers,validated_paths10_thr0.7,AppleSupport,Provide device model,6,22,3,0,0.6666666666666666,1.0,0.8,0.7659416862050705,0.94
DeepSeek,triggers,validated_paths10_thr0.7,AppleSupport,Provide system version,10,20,1,0,0.9090909090909091,1.0,0.9523809523809523,0.9304842103984708,0.9761904761904762
DeepSeek,triggers,validated_paths10_thr0.7,AppleSupport,Recommend backing up,0,27,0,0,0.0,0.0,0.0,0.0,0.5
DeepSeek,triggers,validated_paths10_thr0.7,AppleSupport,Recommend updating,0,27,0,0,0.0,0.0,0.0,0.0,0.5
DeepSeek,triggers,validated_paths10_thr0.7,AppleSupport,Refer to specialist team,0,27,0,0,0.0,0.0,0.0,0.0,0.5
DeepSeek,triggers,validated_paths10_thr0.7,AppleSupport,Refund,2,29,0,0,1.0,1.0,1.0,1.0,1.0
DeepSeek,triggers,validated_paths10_thr0.7,AppleSupport,Request DM,12,15,0,0,1.0,1.0,1.0,1.0,1.0
DeepSeek,triggers,validated_paths10_thr0.7,AppleSupport,Request country,0,27,0,0,0.0,0.0,0.0,0.0,0.5
DeepSeek,triggers,validated_paths10_thr0.7,AppleSupport,Request device model,3,24,0,0,1.0,1.0,1.0,1.0,1.0
DeepSeek,triggers,validated_paths10_thr0.7,AppleSupport,Request device restart,1,26,0,0,1.0,1.0,1.0,1.0,1.0
DeepSeek,triggers,validated_paths10_thr0.7,AppleSupport,Request iOS version,8,19,0,0,1.0,1.0,1.0,1.0,1.0
DeepSeek,triggers,validated_paths10_thr0.7,AppleSupport,Restart device,3,27,1,0,0.75,1.0,0.8571428571428571,0.8504200642707612,0.9821428571428572
DeepSeek,triggers,validated_paths10_thr0.7,AppleSupport,Software/App,4,21,0,6,1.0,0.4,0.5714285714285715,0.5577733510227171,0.7
DeepSeek,triggers,validated_paths10_thr0.7,AppleSupport,TV,0,31,0,0,0.0,0.0,0.0,0.0,0.5
DeepSeek,triggers,validated_paths10_thr0.7,AppleSupport,Unresponsive/Freezing Device,5,22,4,0,0.5555555555555556,1.0,0.7142857142857143,0.6856277926728687,0.9230769230769231
DeepSeek,triggers,validated_paths10_thr0.7,AppleSupport,Update,13,16,1,1,0.9285714285714286,0.9285714285714286,0.9285714285714286,0.8697478991596639,0.9348739495798319
DeepSeek,triggers,validated_paths10_thr0.7,AppleSupport,iPad,0,31,0,0,0.0,0.0,0.0,0.0,0.5
DeepSeek,triggers,validated_paths10_thr0.7,AppleSupport,iPhone,5,16,5,5,0.5,0.5,0.5,0.2619047619047619,0.6309523809523809
DeepSeek,triggers,validated_paths10_thr0.7,SpotifyCares,Account,5,25,4,1,0.5555555555555556,0.8333333333333334,0.6666666666666667,0.5996568753954697,0.8477011494252873
DeepSeek,triggers,validated_paths10_thr0.7,SpotifyCares,Advertisement,2,32,1,0,0.6666666666666666,1.0,0.8,0.8040302522073697,0.9848484848484849
DeepSeek,triggers,validated_paths10_thr0.7,SpotifyCares,App,6,21,5,3,0.5454545454545454,0.6666666666666666,0.6,0.44659420836637254,0.7371794871794872
DeepSeek,triggers,validated_paths10_thr0.7,SpotifyCares,Billing/Payment,7,26,2,0,0.7777777777777778,1.0,0.8750000000000001,0.8498365855987975,0.9642857142857143
DeepSeek,triggers,validated_paths10_thr0.7,SpotifyCares,Family Subscription,1,34,0,0,1.0,1.0,1.0,1.0,1.0
DeepSeek,triggers,validated_paths10_thr0.7,SpotifyCares,Hulu,1,34,0,0,1.0,1.0,1.0,1.0,1.0
DeepSeek,triggers,validated_paths10_thr0.7,SpotifyCares,Login,3,30,1,1,0.75,0.75,0.75,0.717741935483871,0.8588709677419355
DeepSeek,triggers,validated_paths10_thr0.7,SpotifyCares,Logout,2,30,3,0,0.4,1.0,0.5714285714285715,0.6030226891555273,0.9545454545454546
DeepSeek,triggers,validated_paths10_thr0.7,SpotifyCares,Offer further help,4,19,5,0,0.4444444444444444,1.0,0.6153846153846153,0.5931710140017395,0.8958333333333333
DeepSeek,triggers,validated_paths10_thr0.7,SpotifyCares,Playlist,2,33,0,0,1.0,1.0,1.0,1.0,1.0
DeepSeek,triggers,validated_paths10_thr0.7,SpotifyCares,Premium,2,31,2,0,0.5,1.0,0.6666666666666666,0.6853444168423419,0.9696969696969697
DeepSeek,triggers,validated_paths10_thr0.7,SpotifyCares,Provide OS version,2,33,0,0,1.0,1.0,1.0,1.0,1.0
DeepSeek,triggers,validated_paths10_thr0.7,SpotifyCares,Provide URL,12,15,0,1,1.0,0.9230769230769231,0.9600000000000001,0.9302605094190635,0.9615384615384616
DeepSeek,triggers,validated_paths10_thr0.7,SpotifyCares,Provide device model,2,29,2,2,0.5,0.5,0.5,0.43548387096774194,0.717741935483871
DeepSeek,triggers,validated_paths10_thr0.7,SpotifyCares,Provide email address,0,33,2,0,0.0,0.0,0.0,0.0,0.4714285714285714
DeepSeek,triggers,validated_paths10_thr0.7,SpotifyCares,Provide error message,1,30,0,4,1.0,0.2,0.33333333333333337,0.420084025208403,0.6
DeepSeek,triggers,validated_paths10_thr0.7,SpotifyCares,Provide spotify version,2,33,0,0,1.0,1.0,1.0,1.0,1.0
DeepSeek,triggers,validated_paths10_thr0.7,SpotifyCares,Provide username,0,34,1,0,0.0,0.0,0.0,0.0,0.4857142857142857
DeepSeek,triggers,validated_paths10_thr0.7,SpotifyCares,Refer to specialist team,0,28,0,0,0.0,0.0,0.0,0.0,0.5
DeepSeek,triggers,validated_paths10_thr0.7,SpotifyCares,Reinstall the app,1,34,0,0,1.0,1.0,1.0,1.0,1.0
DeepSeek,triggers,validated_paths10_thr0.7,SpotifyCares,Request DM,7,21,0,0,1.0,1.0,1.0,1.0,1.0
DeepSeek,triggers,validated_paths10_thr0.7,SpotifyCares,Request OS version,3,25,0,0,1.0,1.0,1.0,1.0,1.0
DeepSeek,triggers,validated_paths10_thr0.7,SpotifyCares,Request Spotify version,4,24,0,0,1.0,1.0,1.0,1.0,1.0
DeepSeek,triggers,validated_paths10_thr0.7,SpotifyCares,Request device restart,3,25,0,0,1.0,1.0,1.0,1.0,1.0
DeepSeek,triggers,validated_paths10_thr0.7,SpotifyCares,Request device version,4,24,0,0,1.0,1.0,1.0,1.0,1.0
DeepSeek,triggers,validated_paths10_thr0.7,SpotifyCares,Request email address,6,22,0,0,1.0,1.0,1.0,1.0,1.0
DeepSeek,triggers,validated_paths10_thr0.7,SpotifyCares,Request error message,3,25,0,0,1.0,1.0,1.0,1.0,1.0
DeepSeek,triggers,validated_paths10_thr0.7,SpotifyCares,Request exact issue description,1,27,0,0,1.0,1.0,1.0,1.0,1.0
DeepSeek,triggers,validated_paths10_thr0.7,SpotifyCares,Request login,3,25,0,0,1.0,1.0,1.0,1.0,1.0
DeepSeek,triggers,validated_paths10_thr0.7,SpotifyCares,Request logout,3,25,0,0,1.0,1.0,1.0,1.0,1.0
DeepSeek,triggers,validated_paths10_thr0.7,SpotifyCares,Request reinstall the app,2,26,0,0,1.0,1.0,1.0,1.0,1.0
DeepSeek,triggers,validated_paths10_thr0.7,SpotifyCares,Request username,5,23,0,0,1.0,1.0,1.0,1.0,1.0
DeepSeek,triggers,validated_paths10_thr0.7,SpotifyCares,Restart device,2,32,1,0,0.6666666666666666,1.0,0.8,0.8040302522073697,0.9848484848484849
DeepSeek,triggers,validated_paths10_thr0.7,SpotifyCares,Song/Artist,2,30,0,3,1.0,0.4,0.5714285714285715,0.6030226891555273,0.7
DeepSeek,triggers,validated_paths10_thr0.7,SpotifyCares,Student Subscription,2,33,0,0,1.0,1.0,1.0,1.0,1.0
DeepSeek,triggers,validated_paths10_thr0.8,AmazonHelp,Account,2,17,1,0,0.6666666666666666,1.0,0.8,0.7934920476158722,0.9722222222222222
DeepSeek,triggers,validated_paths10_thr0.8,AmazonHelp,Alexa,2,18,0,0,1.0,1.0,1.0,1.0,1.0
DeepSeek,triggers,validated_paths10_thr0.8,AmazonHelp,Apologize,8,11,0,0,1.0,1.0,1.0,1.0,1.0
DeepSeek,triggers,validated_paths10_thr0.8,AmazonHelp,Bad Support,2,17,0,1,1.0,0.6666666666666666,0.8,0.7934920476158722,0.8333333333333333
DeepSeek,triggers,validated_paths10_thr0.8,AmazonHelp,Delivery,5,13,0,2,1.0,0.7142857142857143,0.8333333333333333,0.7867957924694432,0.8571428571428572
DeepSeek,triggers,validated_paths10_thr0.8,AmazonHelp,Echo,3,17,0,0,1.0,1.0,1.0,1.0,1.0
DeepSeek,triggers,validated_paths10_thr0.8,AmazonHelp,Investigate Issue,7,9,2,1,0.7777777777777778,0.875,0.823529411764706,0.6854365268376295,0.8465909090909092
DeepSeek,triggers,validated_paths10_thr0.8,AmazonHelp,Kindle,0,20,0,0,0.0,0.0,0.0,0.0,0.5
DeepSeek,triggers,validated_paths10_thr0.8,AmazonHelp,Order Cancellation,1,19,0,0,1.0,1.0,1.0,1.0,1.0
DeepSeek,triggers,validated_paths10_thr0.8,AmazonHelp,Packaging,1,19,0,0,1.0,1.0,1.0,1.0,1.0
DeepSeek,triggers,validated_paths10_thr0.8,AmazonHelp,Prime,7,13,0,0,1.0,1.0,1.0,1.0,1.0
DeepSeek,triggers,validated_paths10_thr0.8,AmazonHelp,Provide URL,13,6,0,0,1.0,1.0,1.0,1.0,1.0
DeepSeek,triggers,validated_paths10_thr0.8,AmazonHelp,Provide delivery date,1,17,0,1,1.0,0.5,0.6666666666666666,0.6871842709362768,0.75
DeepSeek,triggers,validated_paths10_thr0.8,AmazonHelp,Refer to specialist team,1,17,0,1,1.0,0.5,0.6666666666666666,0.6871842709362768,0.75
DeepSeek,triggers,validated_paths10_thr0.8,AmazonHelp,Refund,0,20,0,0,0.0,0.0,0.0,0.0,0.5
DeepSeek,triggers,validated_paths10_thr0.8,AmazonHelp,Replacement,0,20,0,0,0.0,0.0,0.0,0.0,0.5
DeepSeek,triggers,validated_paths10_thr0.8,AmazonHelp,Request to call by phone,3,16,0,0,1.0,1.0,1.0,1.0,1.0
DeepSeek,triggers,validated_paths10_thr0.8,AmazonHelp,Request to not send personal details,1,18,0,0,1.0,1.0,1.0,1.0,1.0
DeepSeek,triggers,validated_paths10_thr0.8,AmazonHelp,Request to reach out by chat,2,17,0,0,1.0,1.0,1.0,1.0,1.0
DeepSeek,triggers,validated_paths10_thr0.8,AmazonHelp,Return,2,18,0,0,1.0,1.0,1.0,1.0,1.0
DeepSeek,triggers,validated_paths10_thr0.8,AppleSupport,Battery,6,24,1,0,0.8571428571428571,1.0,0.923076923076923,0.9071147352221454,0.98
DeepSeek,triggers,validated_paths10_thr0.8,AppleSupport,Investigate issue,12,8,3,4,0.8,0.75,0.7741935483870969,0.47193990372426947,0.7386363636363636
DeepSeek,triggers,validated_paths10_thr0.8,AppleSupport,Mac,3,27,1,0,0.75,1.0,0.8571428571428571,0.8504200642707612,0.9821428571428572
DeepSeek,triggers,validated_paths10_thr0.8,AppleSupport,Provide URL,15,11,0,1,1.0,0.9375,0.967741935483871,0.9270248108869579,0.96875
DeepSeek,triggers,validated_paths10_thr0.8,AppleSupport,Provide device model,6,22,3,0,0.6666666666666666,1.0,0.8,0.7659416862050705,0.94
DeepSeek,triggers,validated_paths10_thr0.8,AppleSupport,Provide system version,10,20,1,0,0.9090909090909091,1.0,0.9523809523809523,0.9304842103984708,0.9761904761904762
DeepSeek,triggers,validated_paths10_thr0.8,AppleSupport,Recommend backing up,0,27,0,0,0.0,0.0,0.0,0.0,0.5
DeepSeek,triggers,validated_paths10_thr0.8,AppleSupport,Recommend updating,0,27,0,0,0.0,0.0,0.0,0.0,0.5
DeepSeek,triggers,validated_paths10_thr0.8,AppleSupport,Refer to specialist team,0,27,0,0,0.0,0.0,0.0,0.0,0.5
DeepSeek,triggers,validated_paths10_thr0.8,AppleSupport,Refund,2,29,0,0,1.0,1.0,1.0,1.0,1.0
DeepSeek,triggers,validated_paths10_thr0.8,AppleSupport,Request DM,12,15,0,0,1.0,1.0,1.0,1.0,1.0
DeepSeek,triggers,validated_paths10_thr0.8,AppleSupport,Request country,0,27,0,0,0.0,0.0,0.0,0.0,0.5
DeepSeek,triggers,validated_paths10_thr0.8,AppleSupport,Request device model,3,24,0,0,1.0,1.0,1.0,1.0,1.0
DeepSeek,triggers,validated_paths10_thr0.8,AppleSupport,Request device restart,1,26,0,0,1.0,1.0,1.0,1.0,1.0
DeepSeek,triggers,validated_paths10_thr0.8,AppleSupport,Request iOS version,8,19,0,0,1.0,1.0,1.0,1.0,1.0
DeepSeek,triggers,validated_paths10_thr0.8,AppleSupport,Restart device,2,27,1,1,0.6666666666666666,0.6666666666666666,0.6666666666666666,0.6309523809523809,0.8154761904761905
DeepSeek,triggers,validated_paths10_thr0.8,AppleSupport,Software/App,4,21,0,6,1.0,0.4,0.5714285714285715,0.5577733510227171,0.7
DeepSeek,triggers,validated_paths10_thr0.8,AppleSupport,TV,0,31,0,0,0.0,0.0,0.0,0.0,0.5
DeepSeek,triggers,validated_paths10_thr0.8,AppleSupport,Unresponsive/Freezing Device,5,23,3,0,0.625,1.0,0.7692307692307693,0.7435621126608156,0.9423076923076923
DeepSeek,triggers,validated_paths10_thr0.8,AppleSupport,Update,12,16,1,2,0.9230769230769231,0.8571428571428571,0.888888888888889,0.805113657286459,0.8991596638655461
DeepSeek,triggers,validated_paths10_thr0.8,AppleSupport,iPad,0,31,0,0,0.0,0.0,0.0,0.0,0.5
DeepSeek,triggers,validated_paths10_thr0.8,AppleSupport,iPhone,5,17,4,5,0.5555555555555556,0.5,0.5263157894736842,0.31876535509893733,0.6547619047619048
DeepSeek,triggers,validated_paths10_thr0.8,SpotifyCares,Account,5,25,4,1,0.5555555555555556,0.8333333333333334,0.6666666666666667,0.5996568753954697,0.8477011494252873
DeepSeek,triggers,validated_paths10_thr0.8,SpotifyCares,Advertisement,2,32,1,0,0.6666666666666666,1.0,0.8,0.8040302522073697,0.9848484848484849
DeepSeek,triggers,validated_paths10_thr0.8,SpotifyCares,App,6,21,5,3,0.5454545454545454,0.6666666666666666,0.6,0.44659420836637254,0.7371794871794872
DeepSeek,triggers,validated_paths10_thr0.8,SpotifyCares,Billing/Payment,7,26,2,0,0.7777777777777778,1.0,0.8750000000000001,0.8498365855987975,0.9642857142857143
DeepSeek,triggers,validated_paths10_thr0.8,SpotifyCares,Family Subscription,1,34,0,0,1.0,1.0,1.0,1.0,1.0
DeepSeek,triggers,validated_paths10_thr0.8,SpotifyCares,Hulu,1,34,0,0,1.0,1.0,1.0,1.0,1.0
DeepSeek,triggers,validated_paths10_thr0.8,SpotifyCares,Login,3,30,1,1,0.75,0.75,0.75,0.717741935483871,0.8588709677419355
DeepSeek,triggers,validated_paths10_thr0.8,SpotifyCares,Logout,2,30,3,0,0.4,1.0,0.5714285714285715,0.6030226891555273,0.9545454545454546
DeepSeek,triggers,validated_paths10_thr0.8,SpotifyCares,Offer further help,4,19,5,0,0.4444444444444444,1.0,0.6153846153846153,0.5931710140017395,0.8958333333333333
DeepSeek,triggers,validated_paths10_thr0.8,SpotifyCares,Playlist,2,33,0,0,1.0,1.0,1.0,1.0,1.0
DeepSeek,triggers,validated_paths10_thr0.8,SpotifyCares,Premium,2,31,2,0,0.5,1.0,0.6666666666666666,0.6853444168423419,0.9696969696969697
DeepSeek,triggers,validated_paths10_thr0.8,SpotifyCares,Provide OS version,2,33,0,0,1.0,1.0,1.0,1.0,1.0
DeepSeek,triggers,validated_paths10_thr0.8,SpotifyCares,Provide URL,11,15,0,2,1.0,0.8461538461538461,0.9166666666666666,0.8640638488223129,0.9230769230769231
DeepSeek,triggers,validated_paths10_thr0.8,SpotifyCares,Provide device model,2,29,2,2,0.5,0.5,0.5,0.43548387096774194,0.717741935483871
DeepSeek,triggers,validated_paths10_thr0.8,SpotifyCares,Provide email address,0,33,2,0,0.0,0.0,0.0,0.0,0.4714285714285714
DeepSeek,triggers,validated_paths10_thr0.8,SpotifyCares,Provide error message,1,30,0,4,1.0,0.2,0.33333333333333337,0.420084025208403,0.6
DeepSeek,triggers,validated_paths10_thr0.8,SpotifyCares,Provide spotify version,2,33,0,0,1.0,1.0,1.0,1.0,1.0
DeepSeek,triggers,validated_paths10_thr0.8,SpotifyCares,Provide username,0,34,1,0,0.0,0.0,0.0,0.0,0.4857142857142857
DeepSeek,triggers,validated_paths10_thr0.8,SpotifyCares,Refer to specialist team,0,28,0,0,0.0,0.0,0.0,0.0,0.5
DeepSeek,triggers,validated_paths10_thr0.8,SpotifyCares,Reinstall the app,1,34,0,0,1.0,1.0,1.0,1.0,1.0
DeepSeek,triggers,validated_paths10_thr0.8,SpotifyCares,Request DM,7,21,0,0,1.0,1.0,1.0,1.0,1.0
DeepSeek,triggers,validated_paths10_thr0.8,SpotifyCares,Request OS version,3,25,0,0,1.0,1.0,1.0,1.0,1.0
DeepSeek,triggers,validated_paths10_thr0.8,SpotifyCares,Request Spotify version,4,24,0,0,1.0,1.0,1.0,1.0,1.0
DeepSeek,triggers,validated_paths10_thr0.8,SpotifyCares,Request device restart,3,25,0,0,1.0,1.0,1.0,1.0,1.0
DeepSeek,triggers,validated_paths10_thr0.8,SpotifyCares,Request device version,4,24,0,0,1.0,1.0,1.0,1.0,1.0
DeepSeek,triggers,validated_paths10_thr0.8,SpotifyCares,Request email address,6,22,0,0,1.0,1.0,1.0,1.0,1.0
DeepSeek,triggers,validated_paths10_thr0.8,SpotifyCares,Request error message,3,25,0,0,1.0,1.0,1.0,1.0,1.0
DeepSeek,triggers,validated_paths10_thr0.8,SpotifyCares,Request exact issue description,1,27,0,0,1.0,1.0,1.0,1.0,1.0
DeepSeek,triggers,validated_paths10_thr0.8,SpotifyCares,Request login,3,25,0,0,1.0,1.0,1.0,1.0,1.0
DeepSeek,triggers,validated_paths10_thr0.8,SpotifyCares,Request logout,3,25,0,0,1.0,1.0,1.0,1.0,1.0
DeepSeek,triggers,validated_paths10_thr0.8,SpotifyCares,Request reinstall the app,2,26,0,0,1.0,1.0,1.0,1.0,1.0
DeepSeek,triggers,validated_paths10_thr0.8,SpotifyCares,Request username,5,23,0,0,1.0,1.0,1.0,1.0,1.0
DeepSeek,triggers,validated_paths10_thr0.8,SpotifyCares,Restart device,2,32,1,0,0.6666666666666666,1.0,0.8,0.8040302522073697,0.9848484848484849
DeepSeek,triggers,validated_paths10_thr0.8,SpotifyCares,Song/Artist,2,30,0,3,1.0,0.4,0.5714285714285715,0.6030226891555273,0.7
DeepSeek,triggers,validated_paths10_thr0.8,SpotifyCares,Student Subscription,2,33,0,0,1.0,1.0,1.0,1.0,1.0
DeepSeek,triggers,validated_paths10_thr0.9,AmazonHelp,Account,2,17,1,0,0.6666666666666666,1.0,0.8,0.7934920476158722,0.9722222222222222
DeepSeek,triggers,validated_paths10_thr0.9,AmazonHelp,Alexa,2,18,0,0,1.0,1.0,1.0,1.0,1.0
DeepSeek,triggers,validated_paths10_thr0.9,AmazonHelp,Apologize,8,11,0,0,1.0,1.0,1.0,1.0,1.0
DeepSeek,triggers,validated_paths10_thr0.9,AmazonHelp,Bad Support,2,17,0,1,1.0,0.6666666666666666,0.8,0.7934920476158722,0.8333333333333333
DeepSeek,triggers,validated_paths10_thr0.9,AmazonHelp,Delivery,5,13,0,2,1.0,0.7142857142857143,0.8333333333333333,0.7867957924694432,0.8571428571428572
DeepSeek,triggers,validated_paths10_thr0.9,AmazonHelp,Echo,3,17,0,0,1.0,1.0,1.0,1.0,1.0
DeepSeek,triggers,validated_paths10_thr0.9,AmazonHelp,Investigate Issue,7,9,2,1,0.7777777777777778,0.875,0.823529411764706,0.6854365268376295,0.8465909090909092
DeepSeek,triggers,validated_paths10_thr0.9,AmazonHelp,Kindle,0,20,0,0,0.0,0.0,0.0,0.0,0.5
DeepSeek,triggers,validated_paths10_thr0.9,AmazonHelp,Order Cancellation,1,19,0,0,1.0,1.0,1.0,1.0,1.0
DeepSeek,triggers,validated_paths10_thr0.9,AmazonHelp,Packaging,1,19,0,0,1.0,1.0,1.0,1.0,1.0
DeepSeek,triggers,validated_paths10_thr0.9,AmazonHelp,Prime,7,13,0,0,1.0,1.0,1.0,1.0,1.0
DeepSeek,triggers,validated_paths10_thr0.9,AmazonHelp,Provide URL,13,6,0,0,1.0,1.0,1.0,1.0,1.0
DeepSeek,triggers,validated_paths10_thr0.9,AmazonHelp,Provide delivery date,1,17,0,1,1.0,0.5,0.6666666666666666,0.6871842709362768,0.75
DeepSeek,triggers,validated_paths10_thr0.9,AmazonHelp,Refer to specialist team,1,17,0,1,1.0,0.5,0.6666666666666666,0.6871842709362768,0.75
DeepSeek,triggers,validated_paths10_thr0.9,AmazonHelp,Refund,0,20,0,0,0.0,0.0,0.0,0.0,0.5
DeepSeek,triggers,validated_paths10_thr0.9,AmazonHelp,Replacement,0,20,0,0,0.0,0.0,0.0,0.0,0.5
DeepSeek,triggers,validated_paths10_thr0.9,AmazonHelp,Request to call by phone,3,16,0,0,1.0,1.0,1.0,1.0,1.0
DeepSeek,triggers,validated_paths10_thr0.9,AmazonHelp,Request to not send personal details,1,18,0,0,1.0,1.0,1.0,1.0,1.0
DeepSeek,triggers,validated_paths10_thr0.9,AmazonHelp,Request to reach out by chat,2,17,0,0,1.0,1.0,1.0,1.0,1.0
DeepSeek,triggers,validated_paths10_thr0.9,AmazonHelp,Return,2,18,0,0,1.0,1.0,1.0,1.0,1.0
DeepSeek,triggers,validated_paths10_thr0.9,AppleSupport,Battery,6,24,1,0,0.8571428571428571,1.0,0.923076923076923,0.9071147352221454,0.98
DeepSeek,triggers,validated_paths10_thr0.9,AppleSupport,Investigate issue,12,8,3,4,0.8,0.75,0.7741935483870969,0.47193990372426947,0.7386363636363636
DeepSeek,triggers,validated_paths10_thr0.9,AppleSupport,Mac,3,27,1,0,0.75,1.0,0.8571428571428571,0.8504200642707612,0.9821428571428572
DeepSeek,triggers,validated_paths10_thr0.9,AppleSupport,Provide URL,15,11,0,1,1.0,0.9375,0.967741935483871,0.9270248108869579,0.96875
DeepSeek,triggers,validated_paths10_thr0.9,AppleSupport,Provide device model,6,22,3,0,0.6666666666666666,1.0,0.8,0.7659416862050705,0.94
DeepSeek,triggers,validated_paths10_thr0.9,AppleSupport,Provide system version,10,20,1,0,0.9090909090909091,1.0,0.9523809523809523,0.9304842103984708,0.9761904761904762
DeepSeek,triggers,validated_paths10_thr0.9,AppleSupport,Recommend backing up,0,27,0,0,0.0,0.0,0.0,0.0,0.5
DeepSeek,triggers,validated_paths10_thr0.9,AppleSupport,Recommend updating,0,27,0,0,0.0,0.0,0.0,0.0,0.5
DeepSeek,triggers,validated_paths10_thr0.9,AppleSupport,Refer to specialist team,0,27,0,0,0.0,0.0,0.0,0.0,0.5
DeepSeek,triggers,validated_paths10_thr0.9,AppleSupport,Refund,2,29,0,0,1.0,1.0,1.0,1.0,1.0
DeepSeek,triggers,validated_paths10_thr0.9,AppleSupport,Request DM,11,15,0,1,1.0,0.9166666666666666,0.9565217391304348,0.9270248108869579,0.9583333333333333
DeepSeek,triggers,validated_paths10_thr0.9,AppleSupport,Request country,0,27,0,0,0.0,0.0,0.0,0.0,0.5
DeepSeek,triggers,validated_paths10_thr0.9,AppleSupport,Request device model,3,24,0,0,1.0,1.0,1.0,1.0,1.0
DeepSeek,triggers,validated_paths10_thr0.9,AppleSupport,Request device restart,1,26,0,0,1.0,1.0,1.0,1.0,1.0
DeepSeek,triggers,validated_paths10_thr0.9,AppleSupport,Request iOS version,7,19,0,1,1.0,0.875,0.9333333333333333,0.9117291264405234,0.9375
DeepSeek,triggers,validated_paths10_thr0.9,AppleSupport,Restart device,2,27,1,1,0.6666666666666666,0.6666666666666666,0.6666666666666666,0.6309523809523809,0.8154761904761905
DeepSeek,triggers,validated_paths10_thr0.9,AppleSupport,Software/App,4,21,0,6,1.0,0.4,0.5714285714285715,0.5577733510227171,0.7
DeepSeek,triggers,validated_paths10_thr0.9,AppleSupport,TV,0,31,0,0,0.0,0.0,0.0,0.0,0.5
DeepSeek,triggers,validated_paths10_thr0.9,AppleSupport,Unresponsive/Freezing Device,5,23,3,0,0.625,1.0,0.7692307692307693,0.7435621126608156,0.9423076923076923
DeepSeek,triggers,validated_paths10_thr0.9,AppleSupport,Update,12,16,1,2,0.9230769230769231,0.8571428571428571,0.888888888888889,0.805113657286459,0.8991596638655461
DeepSeek,triggers,validated_paths10_thr0.9,AppleSupport,iPad,0,31,0,0,0.0,0.0,0.0,0.0,0.5
DeepSeek,triggers,validated_paths10_thr0.9,AppleSupport,iPhone,5,17,4,5,0.5555555555555556,0.5,0.5263157894736842,0.31876535509893733,0.6547619047619048
DeepSeek,triggers,validated_paths10_thr0.9,SpotifyCares,Account,5,25,4,1,0.5555555555555556,0.8333333333333334,0.6666666666666667,0.5996568753954697,0.8477011494252873
DeepSeek,triggers,validated_paths10_thr0.9,SpotifyCares,Advertisement,2,32,1,0,0.6666666666666666,1.0,0.8,0.8040302522073697,0.9848484848484849
DeepSeek,triggers,validated_paths10_thr0.9,SpotifyCares,App,6,21,5,3,0.5454545454545454,0.6666666666666666,0.6,0.44659420836637254,0.7371794871794872
DeepSeek,triggers,validated_paths10_thr0.9,SpotifyCares,Billing/Payment,7,26,2,0,0.7777777777777778,1.0,0.8750000000000001,0.8498365855987975,0.9642857142857143
DeepSeek,triggers,validated_paths10_thr0.9,SpotifyCares,Family Subscription,1,34,0,0,1.0,1.0,1.0,1.0,1.0
DeepSeek,triggers,validated_paths10_thr0.9,SpotifyCares,Hulu,1,34,0,0,1.0,1.0,1.0,1.0,1.0
DeepSeek,triggers,validated_paths10_thr0.9,SpotifyCares,Login,3,30,1,1,0.75,0.75,0.75,0.717741935483871,0.8588709677419355
DeepSeek,triggers,validated_paths10_thr0.9,SpotifyCares,Logout,2,30,3,0,0.4,1.0,0.5714285714285715,0.6030226891555273,0.9545454545454546
DeepSeek,triggers,validated_paths10_thr0.9,SpotifyCares,Offer further help,4,19,5,0,0.4444444444444444,1.0,0.6153846153846153,0.5931710140017395,0.8958333333333333
DeepSeek,triggers,validated_paths10_thr0.9,SpotifyCares,Playlist,2,33,0,0,1.0,1.0,1.0,1.0,1.0
DeepSeek,triggers,validated_paths10_thr0.9,SpotifyCares,Premium,2,31,2,0,0.5,1.0,0.6666666666666666,0.6853444168423419,0.9696969696969697
DeepSeek,triggers,validated_paths10_thr0.9,SpotifyCares,Provide OS version,2,33,0,0,1.0,1.0,1.0,1.0,1.0
DeepSeek,triggers,validated_paths10_thr0.9,SpotifyCares,Provide URL,11,15,0,2,1.0,0.8461538461538461,0.9166666666666666,0.8640638488223129,0.9230769230769231
DeepSeek,triggers,validated_paths10_thr0.9,SpotifyCares,Provide device model,2,29,2,2,0.5,0.5,0.5,0.43548387096774194,0.717741935483871
DeepSeek,triggers,validated_paths10_thr0.9,SpotifyCares,Provide email address,0,33,2,0,0.0,0.0,0.0,0.0,0.4714285714285714
DeepSeek,triggers,validated_paths10_thr0.9,SpotifyCares,Provide error message,1,30,0,4,1.0,0.2,0.33333333333333337,0.420084025208403,0.6
DeepSeek,triggers,validated_paths10_thr0.9,SpotifyCares,Provide spotify version,2,33,0,0,1.0,1.0,1.0,1.0,1.0
DeepSeek,triggers,validated_paths10_thr0.9,SpotifyCares,Provide username,0,34,1,0,0.0,0.0,0.0,0.0,0.4857142857142857
DeepSeek,triggers,validated_paths10_thr0.9,SpotifyCares,Refer to specialist team,0,28,0,0,0.0,0.0,0.0,0.0,0.5
DeepSeek,triggers,validated_paths10_thr0.9,SpotifyCares,Reinstall the app,1,34,0,0,1.0,1.0,1.0,1.0,1.0
DeepSeek,triggers,validated_paths10_thr0.9,SpotifyCares,Request DM,7,21,0,0,1.0,1.0,1.0,1.0,1.0
DeepSeek,triggers,validated_paths10_thr0.9,SpotifyCares,Request OS version,3,25,0,0,1.0,1.0,1.0,1.0,1.0
DeepSeek,triggers,validated_paths10_thr0.9,SpotifyCares,Request Spotify version,4,24,0,0,1.0,1.0,1.0,1.0,1.0
DeepSeek,triggers,validated_paths10_thr0.9,SpotifyCares,Request device restart,3,25,0,0,1.0,1.0,1.0,1.0,1.0
DeepSeek,triggers,validated_paths10_thr0.9,SpotifyCares,Request device version,4,24,0,0,1.0,1.0,1.0,1.0,1.0
DeepSeek,triggers,validated_paths10_thr0.9,SpotifyCares,Request email address,6,22,0,0,1.0,1.0,1.0,1.0,1.0
DeepSeek,triggers,validated_paths10_thr0.9,SpotifyCares,Request error message,3,25,0,0,1.0,1.0,1.0,1.0,1.0
DeepSeek,triggers,validated_paths10_thr0.9,SpotifyCares,Request exact issue description,1,27,0,0,1.0,1.0,1.0,1.0,1.0
DeepSeek,triggers,validated_paths10_thr0.9,SpotifyCares,Request login,3,25,0,0,1.0,1.0,1.0,1.0,1.0
DeepSeek,triggers,validated_paths10_thr0.9,SpotifyCares,Request logout,3,25,0,0,1.0,1.0,1.0,1.0,1.0
DeepSeek,triggers,validated_paths10_thr0.9,SpotifyCares,Request reinstall the app,2,26,0,0,1.0,1.0,1.0,1.0,1.0
DeepSeek,triggers,validated_paths10_thr0.9,SpotifyCares,Request username,5,23,0,0,1.0,1.0,1.0,1.0,1.0
DeepSeek,triggers,validated_paths10_thr0.9,SpotifyCares,Restart device,2,32,1,0,0.6666666666666666,1.0,0.8,0.8040302522073697,0.9848484848484849
DeepSeek,triggers,validated_paths10_thr0.9,SpotifyCares,Song/Artist,2,30,0,3,1.0,0.4,0.5714285714285715,0.6030226891555273,0.7
DeepSeek,triggers,validated_paths10_thr0.9,SpotifyCares,Student Subscription,2,33,0,0,1.0,1.0,1.0,1.0,1.0
DeepSeek,triggers,validated_paths1_thr0.8,AmazonHelp,Account,2,17,1,0,0.6666666666666666,1.0,0.8,0.7934920476158722,0.9722222222222222
DeepSeek,triggers,validated_paths1_thr0.8,AmazonHelp,Alexa,2,18,0,0,1.0,1.0,1.0,1.0,1.0
DeepSeek,triggers,validated_paths1_thr0.8,AmazonHelp,Apologize,8,10,1,0,0.8888888888888888,1.0,0.9411764705882353,0.8989331499509895,0.9545454545454546
DeepSeek,triggers,validated_paths1_thr0.8,AmazonHelp,Bad Support,2,17,0,1,1.0,0.6666666666666666,0.8,0.7934920476158722,0.8333333333333333
DeepSeek,triggers,validated_paths1_thr0.8,AmazonHelp,Delivery,5,13,0,2,1.0,0.7142857142857143,0.8333333333333333,0.7867957924694432,0.8571428571428572
DeepSeek,triggers,validated_paths1_thr0.8,AmazonHelp,Echo,3,17,0,0,1.0,1.0,1.0,1.0,1.0
DeepSeek,triggers,validated_paths1_thr0.8,AmazonHelp,Investigate Issue,7,9,2,1,0.7777777777777778,0.875,0.823529411764706,0.6854365268376295,0.8465909090909092
DeepSeek,triggers,validated_paths1_thr0.8,AmazonHelp,Kindle,0,20,0,0,0.0,0.0,0.0,0.0,0.5
DeepSeek,triggers,validated_paths1_thr0.8,AmazonHelp,Order Cancellation,1,19,0,0,1.0,1.0,1.0,1.0,1.0
DeepSeek,triggers,validated_paths1_thr0.8,AmazonHelp,Packaging,1,19,0,0,1.0,1.0,1.0,1.0,1.0
DeepSeek,triggers,validated_paths1_thr0.8,AmazonHelp,Prime,7,13,0,0,1.0,1.0,1.0,1.0,1.0
DeepSeek,triggers,validated_paths1_thr0.8,AmazonHelp,Provide URL,13,6,0,0,1.0,1.0,1.0,1.0,1.0
DeepSeek,triggers,validated_paths1_thr0.8,AmazonHelp,Provide delivery date,1,17,0,1,1.0,0.5,0.6666666666666666,0.6871842709362768,0.75
DeepSeek,triggers,validated_paths1_thr0.8,AmazonHelp,Refer to specialist team,1,17,0,1,1.0,0.5,0.6666666666666666,0.6871842709362768,0.75
DeepSeek,triggers,validated_paths1_thr0.8,AmazonHelp,Refund,0,20,0,0,0.0,0.0,0.0,0.0,0.5
DeepSeek,triggers,validated_paths1_thr0.8,AmazonHelp,Replacement,0,20,0,0,0.0,0.0,0.0,0.0,0.5
DeepSeek,triggers,validated_paths1_thr0.8,AmazonHelp,Request to call by phone,3,16,0,0,1.0,1.0,1.0,1.0,1.0
DeepSeek,triggers,validated_paths1_thr0.8,AmazonHelp,Request to not send personal details,1,18,0,0,1.0,1.0,1.0,1.0,1.0
DeepSeek,triggers,validated_paths1_thr0.8,AmazonHelp,Request to reach out by chat,2,17,0,0,1.0,1.0,1.0,1.0,1.0
DeepSeek,triggers,validated_paths1_thr0.8,AmazonHelp,Return,2,18,0,0,1.0,1.0,1.0,1.0,1.0
DeepSeek,triggers,validated_paths1_thr0.8,AppleSupport,Battery,6,24,1,0,0.8571428571428571,1.0,0.923076923076923,0.9071147352221454,0.98
DeepSeek,triggers,validated_paths1_thr0.8,AppleSupport,Investigate issue,12,8,3,4,0.8,0.75,0.7741935483870969,0.47193990372426947,0.7386363636363636
DeepSeek,triggers,validated_paths1_thr0.8,AppleSupport,Mac,3,27,1,0,0.75,1.0,0.8571428571428571,0.8504200642707612,0.9821428571428572
DeepSeek,triggers,validated_paths1_thr0.8,AppleSupport,Provide URL,16,11,0,0,1.0,1.0,1.0,1.0,1.0
DeepSeek,triggers,validated_paths1_thr0.8,AppleSupport,Provide device model,6,22,3,0,0.6666666666666666,1.0,0.8,0.7659416862050705,0.94
DeepSeek,triggers,validated_paths1_thr0.8,AppleSupport,Provide system version,10,20,1,0,0.9090909090909091,1.0,0.9523809523809523,0.9304842103984708,0.9761904761904762
DeepSeek,triggers,validated_paths1_thr0.8,AppleSupport,Recommend backing up,0,27,0,0,0.0,0.0,0.0,0.0,0.5
DeepSeek,triggers,validated_paths1_thr0.8,AppleSupport,Recommend updating,0,27,0,0,0.0,0.0,0.0,0.0,0.5
DeepSeek,triggers,validated_paths1_thr0.8,AppleSupport,Refer to specialist team,0,27,0,0,0.0,0.0,0.0,0.0,0.5
DeepSeek,triggers,validated_paths1_thr0.8,AppleSupport,Refund,2,29,0,0,1.0,1.0,1.0,1.0,1.0
DeepSeek,triggers,validated_paths1_thr0.8,AppleSupport,Request DM,12,15,0,0,1.0,1.0,1.0,1.0,1.0
DeepSeek,triggers,validated_paths1_thr0.8,AppleSupport,Request country,0,27,0,0,0.0,0.0,0.0,0.0,0.5
DeepSeek,triggers,validated_paths1_thr0.8,AppleSupport,Request device model,3,24,0,0,1.0,1.0,1.0,1.0,1.0
DeepSeek,triggers,validated_paths1_thr0.8,AppleSupport,Request device restart,1,25,1,0,0.5,1.0,0.6666666666666666,0.6933752452815364,0.9807692307692308
DeepSeek,triggers,validated_paths1_thr0.8,AppleSupport,Request iOS version,8,19,0,0,1.0,1.0,1.0,1.0,1.0
DeepSeek,triggers,validated_paths1_thr0.8,AppleSupport,Restart device,2,27,1,1,0.6666666666666666,0.6666666666666666,0.6666666666666666,0.6309523809523809,0.8154761904761905
DeepSeek,triggers,validated_paths1_thr0.8,AppleSupport,Software/App,4,21,0,6,1.0,0.4,0.5714285714285715,0.5577733510227171,0.7
DeepSeek,triggers,validated_paths1_thr0.8,AppleSupport,TV,0,31,0,0,0.0,0.0,0.0,0.0,0.5
DeepSeek,triggers,validated_paths1_thr0.8,AppleSupport,Unresponsive/Freezing Device,5,23,3,0,0.625,1.0,0.7692307692307693,0.7435621126608156,0.9423076923076923
DeepSeek,triggers,validated_paths1_thr0.8,AppleSupport,Update,12,16,1,2,0.9230769230769231,0.8571428571428571,0.888888888888889,0.805113657286459,0.8991596638655461
DeepSeek,triggers,validated_paths1_thr0.8,AppleSupport,iPad,0,31,0,0,0.0,0.0,0.0,0.0,0.5
DeepSeek,triggers,validated_paths1_thr0.8,AppleSupport,iPhone,6,17,4,4,0.6,0.6,0.6,0.4095238095238095,0.7047619047619047
DeepSeek,triggers,validated_paths1_thr0.8,SpotifyCares,Account,5,24,5,1,0.5,0.8333333333333334,0.625,0.5513827967081917,0.8304597701149425
DeepSeek,triggers,validated_paths1_thr0.8,SpotifyCares,Advertisement,2,32,1,0,0.6666666666666666,1.0,0.8,0.8040302522073697,0.9848484848484849
DeepSeek,triggers,validated_paths1_thr0.8,SpotifyCares,App,6,21,5,3,0.5454545454545454,0.6666666666666666,0.6,0.44659420836637254,0.7371794871794872
DeepSeek,triggers,validated_paths1_thr0.8,SpotifyCares,Billing/Payment,7,26,2,0,0.7777777777777778,1.0,0.8750000000000001,0.8498365855987975,0.9642857142857143
DeepSeek,triggers,validated_paths1_thr0.8,SpotifyCares,Family Subscription,1,34,0,0,1.0,1.0,1.0,1.0,1.0
DeepSeek,triggers,validated_paths1_thr0.8,SpotifyCares,Hulu,1,34,0,0,1.0,1.0,1.0,1.0,1.0
DeepSeek,triggers,validated_paths1_thr0.8,SpotifyCares,Login,3,30,1,1,0.75,0.75,0.75,0.717741935483871,0.8588709677419355
DeepSeek,triggers,validated_paths1_thr0.8,SpotifyCares,Logout,2,30,3,0,0.4,1.0,0.5714285714285715,0.6030226891555273,0.9545454545454546
DeepSeek,triggers,validated_paths1_thr0.8,SpotifyCares,Offer further help,4,17,7,0,0.36363636363636365,1.0,0.5333333333333333,0.5075192189225524,0.8541666666666667
DeepSeek,triggers,validated_paths1_thr0.8,SpotifyCares,Playlist,2,33,0,0,1.0,1.0,1.0,1.0,1.0
DeepSeek,triggers,validated_paths1_thr0.8,SpotifyCares,Premium,2,31,2,0,0.5,1.0,0.6666666666666666,0.6853444168423419,0.9696969696969697
DeepSeek,triggers,validated_paths1_thr0.8,SpotifyCares,Provide OS version,2,33,0,0,1.0,1.0,1.0,1.0,1.0
DeepSeek,triggers,validated_paths1_thr0.8,SpotifyCares,Provide URL,12,15,0,1,1.0,0.9230769230769231,0.9600000000000001,0.9302605094190635,0.9615384615384616
DeepSeek,triggers,validated_paths1_thr0.8,SpotifyCares,Provide device model,2,29,2,2,0.5,0.5,0.5,0.43548387096774194,0.717741935483871
DeepSeek,triggers,validated_paths1_thr0.8,SpotifyCares,Provide email address,0,33,2,0,0.0,0.0,0.0,0.0,0.4714285714285714
DeepSeek,triggers,validated_paths1_thr0.8,SpotifyCares,Provide error message,1,30,0,4,1.0,0.2,0.33333333333333337,0.420084025208403,0.6
DeepSeek,triggers,validated_paths1_thr0.8,SpotifyCares,Provide spotify version,2,33,0,0,1.0,1.0,1.0,1.0,1.0
DeepSeek,triggers,validated_paths1_thr0.8,SpotifyCares,Provide username,0,34,1,0,0.0,0.0,0.0,0.0,0.4857142857142857
DeepSeek,triggers,validated_paths1_thr0.8,SpotifyCares,Refer to specialist team,0,28,0,0,0.0,0.0,0.0,0.0,0.5
DeepSeek,triggers,validated_paths1_thr0.8,SpotifyCares,Reinstall the app,1,34,0,0,1.0,1.0,1.0,1.0,1.0
DeepSeek,triggers,validated_paths1_thr0.8,SpotifyCares,Request DM,7,21,0,0,1.0,1.0,1.0,1.0,1.0
DeepSeek,triggers,validated_paths1_thr0.8,SpotifyCares,Request OS version,3,25,0,0,1.0,1.0,1.0,1.0,1.0
DeepSeek,triggers,validated_paths1_thr0.8,SpotifyCares,Request Spotify version,4,24,0,0,1.0,1.0,1.0,1.0,1.0
DeepSeek,triggers,validated_paths1_thr0.8,SpotifyCares,Request device restart,3,25,0,0,1.0,1.0,1.0,1.0,1.0
DeepSeek,triggers,validated_paths1_thr0.8,SpotifyCares,Request device version,4,24,0,0,1.0,1.0,1.0,1.0,1.0
DeepSeek,triggers,validated_paths1_thr0.8,SpotifyCares,Request email address,6,22,0,0,1.0,1.0,1.0,1.0,1.0
DeepSeek,triggers,validated_paths1_thr0.8,SpotifyCares,Request error message,3,25,0,0,1.0,1.0,1.0,1.0,1.0
DeepSeek,triggers,validated_paths1_thr0.8,SpotifyCares,Request exact issue description,1,27,0,0,1.0,1.0,1.0,1.0,1.0
DeepSeek,triggers,validated_paths1_thr0.8,SpotifyCares,Request login,3,25,0,0,1.0,1.0,1.0,1.0,1.0
DeepSeek,triggers,validated_paths1_thr0.8,SpotifyCares,Request logout,3,25,0,0,1.0,1.0,1.0,1.0,1.0
DeepSeek,triggers,validated_paths1_thr0.8,SpotifyCares,Request reinstall the app,2,26,0,0,1.0,1.0,1.0,1.0,1.0
DeepSeek,triggers,validated_paths1_thr0.8,SpotifyCares,Request username,5,23,0,0,1.0,1.0,1.0,1.0,1.0
DeepSeek,triggers,validated_paths1_thr0.8,SpotifyCares,Restart device,2,32,1,0,0.6666666666666666,1.0,0.8,0.8040302522073697,0.9848484848484849
DeepSeek,triggers,validated_paths1_thr0.8,SpotifyCares,Song/Artist,2,30,0,3,1.0,0.4,0.5714285714285715,0.6030226891555273,0.7
DeepSeek,triggers,validated_paths1_thr0.8,SpotifyCares,Student Subscription,2,33,0,0,1.0,1.0,1.0,1.0,1.0
DeepSeek,triggers,validated_paths3_thr0.8,AmazonHelp,Account,2,17,1,0,0.6666666666666666,1.0,0.8,0.7934920476158722,0.9722222222222222
DeepSeek,triggers,validated_paths3_thr0.8,AmazonHelp,Alexa,2,18,0,0,1.0,1.0,1.0,1.0,1.0
DeepSeek,triggers,validated_paths3_thr0.8,AmazonHelp,Apologize,8,11,0,0,1.0,1.0,1.0,1.0,1.0
DeepSeek,triggers,validated_paths3_thr0.8,AmazonHelp,Bad Support,2,17,0,1,1.0,0.6666666666666666,0.8,0.7934920476158722,0.8333333333333333
DeepSeek,triggers,validated_paths3_thr0.8,AmazonHelp,Delivery,5,13,0,2,1.0,0.7142857142857143,0.8333333333333333,0.7867957924694432,0.8571428571428572
DeepSeek,triggers,validated_paths3_thr0.8,AmazonHelp,Echo,3,17,0,0,1.0,1.0,1.0,1.0,1.0
DeepSeek,triggers,validated_paths3_thr0.8,AmazonHelp,Investigate Issue,7,9,2,1,0.7777777777777778,0.875,0.823529411764706,0.6854365268376295,0.8465909090909092
DeepSeek,triggers,validated_paths3_thr0.8,AmazonHelp,Kindle,0,20,0,0,0.0,0.0,0.0,0.0,0.5
DeepSeek,triggers,validated_paths3_thr0.8,AmazonHelp,Order Cancellation,1,19,0,0,1.0,1.0,1.0,1.0,1.0
DeepSeek,triggers,validated_paths3_thr0.8,AmazonHelp,Packaging,1,19,0,0,1.0,1.0,1.0,1.0,1.0
DeepSeek,triggers,validated_paths3_thr0.8,AmazonHelp,Prime,7,13,0,0,1.0,1.0,1.0,1.0,1.0
DeepSeek,triggers,validated_paths3_thr0.8,AmazonHelp,Provide URL,13,6,0,0,1.0,1.0,1.0,1.0,1.0
DeepSeek,triggers,validated_paths3_thr0.8,AmazonHelp,Provide delivery date,1,17,0,1,1.0,0.5,0.6666666666666666,0.6871842709362768,0.75
DeepSeek,triggers,validated_paths3_thr0.8,AmazonHelp,Refer to specialist team,1,17,0,1,1.0,0.5,0.6666666666666666,0.6871842709362768,0.75
DeepSeek,triggers,validated_paths3_thr0.8,AmazonHelp,Refund,0,20,0,0,0.0,0.0,0.0,0.0,0.5
DeepSeek,triggers,validated_paths3_thr0.8,AmazonHelp,Replacement,0,20,0,0,0.0,0.0,0.0,0.0,0.5
DeepSeek,triggers,validated_paths3_thr0.8,AmazonHelp,Request to call by phone,3,16,0,0,1.0,1.0,1.0,1.0,1.0
DeepSeek,triggers,validated_paths3_thr0.8,AmazonHelp,Request to not send personal details,1,18,0,0,1.0,1.0,1.0,1.0,1.0
DeepSeek,triggers,validated_paths3_thr0.8,AmazonHelp,Request to reach out by chat,2,17,0,0,1.0,1.0,1.0,1.0,1.0
DeepSeek,triggers,validated_paths3_thr0.8,AmazonHelp,Return,2,18,0,0,1.0,1.0,1.0,1.0,1.0
DeepSeek,triggers,validated_paths3_thr0.8,AppleSupport,Battery,6,24,1,0,0.8571428571428571,1.0,0.923076923076923,0.9071147352221454,0.98
DeepSeek,triggers,validated_paths3_thr0.8,AppleSupport,Investigate issue,12,8,3,4,0.8,0.75,0.7741935483870969,0.47193990372426947,0.7386363636363636
DeepSeek,triggers,validated_paths3_thr0.8,AppleSupport,Mac,3,27,1,0,0.75,1.0,0.8571428571428571,0.8504200642707612,0.9821428571428572
DeepSeek,triggers,validated_paths3_thr0.8,AppleSupport,Provide URL,15,11,0,1,1.0,0.9375,0.967741935483871,0.9270248108869579,0.96875
DeepSeek,triggers,validated_paths3_thr0.8,AppleSupport,Provide device model,6,22,3,0,0.6666666666666666,1.0,0.8,0.7659416862050705,0.94
DeepSeek,triggers,validated_paths3_thr0.8,AppleSupport,Provide system version,10,20,1,0,0.9090909090909091,1.0,0.9523809523809523,0.9304842103984708,0.9761904761904762
DeepSeek,triggers,validated_paths3_thr0.8,AppleSupport,Recommend backing up,0,27,0,0,0.0,0.0,0.0,0.0,0.5
DeepSeek,triggers,validated_paths3_thr0.8,AppleSupport,Recommend updating,0,27,0,0,0.0,0.0,0.0,0.0,0.5
DeepSeek,triggers,validated_paths3_thr0.8,AppleSupport,Refer to specialist team,0,27,0,0,0.0,0.0,0.0,0.0,0.5
DeepSeek,triggers,validated_paths3_thr0.8,AppleSupport,Refund,2,29,0,0,1.0,1.0,1.0,1.0,1.0
DeepSeek,triggers,validated_paths3_thr0.8,AppleSupport,Request DM,12,15,0,0,1.0,1.0,1.0,1.0,1.0
DeepSeek,triggers,validated_paths3_thr0.8,AppleSupport,Request country,0,27,0,0,0.0,0.0,0.0,0.0,0.5
DeepSeek,triggers,validated_paths3_thr0.8,AppleSupport,Request device model,3,24,0,0,1.0,1.0,1.0,1.0,1.0
DeepSeek,triggers,validated_paths3_thr0.8,AppleSupport,Request device restart,1,26,0,0,1.0,1.0,1.0,1.0,1.0
DeepSeek,triggers,validated_paths3_thr0.8,AppleSupport,Request iOS version,8,19,0,0,1.0,1.0,1.0,1.0,1.0
DeepSeek,triggers,validated_paths3_thr0.8,AppleSupport,Restart device,2,27,1,1,0.6666666666666666,0.6666666666666666,0.6666666666666666,0.6309523809523809,0.8154761904761905
DeepSeek,triggers,validated_paths3_thr0.8,AppleSupport,Software/App,4,21,0,6,1.0,0.4,0.5714285714285715,0.5577733510227171,0.7
DeepSeek,triggers,validated_paths3_thr0.8,AppleSupport,TV,0,31,0,0,0.0,0.0,0.0,0.0,0.5
DeepSeek,triggers,validated_paths3_thr0.8,AppleSupport,Unresponsive/Freezing Device,5,23,3,0,0.625,1.0,0.7692307692307693,0.7435621126608156,0.9423076923076923
DeepSeek,triggers,validated_paths3_thr0.8,AppleSupport,Update,12,16,1,2,0.9230769230769231,0.8571428571428571,0.888888888888889,0.805113657286459,0.8991596638655461
DeepSeek,triggers,validated_paths3_thr0.8,AppleSupport,iPad,0,31,0,0,0.0,0.0,0.0,0.0,0.5
DeepSeek,triggers,validated_paths3_thr0.8,AppleSupport,iPhone,5,17,4,5,0.5555555555555556,0.5,0.5263157894736842,0.31876535509893733,0.6547619047619048
DeepSeek,triggers,validated_paths3_thr0.8,SpotifyCares,Account,5,25,4,1,0.5555555555555556,0.8333333333333334,0.6666666666666667,0.5996568753954697,0.8477011494252873
DeepSeek,triggers,validated_paths3_thr0.8,SpotifyCares,Advertisement,2,32,1,0,0.6666666666666666,1.0,0.8,0.8040302522073697,0.9848484848484849
DeepSeek,triggers,validated_paths3_thr0.8,SpotifyCares,App,6,21,5,3,0.5454545454545454,0.6666666666666666,0.6,0.44659420836637254,0.7371794871794872
DeepSeek,triggers,validated_paths3_thr0.8,SpotifyCares,Billing/Payment,7,26,2,0,0.7777777777777778,1.0,0.8750000000000001,0.8498365855987975,0.9642857142857143
DeepSeek,triggers,validated_paths3_thr0.8,SpotifyCares,Family Subscription,1,34,0,0,1.0,1.0,1.0,1.0,1.0
DeepSeek,triggers,validated_paths3_thr0.8,SpotifyCares,Hulu,1,34,0,0,1.0,1.0,1.0,1.0,1.0
DeepSeek,triggers,validated_paths3_thr0.8,SpotifyCares,Login,3,30,1,1,0.75,0.75,0.75,0.717741935483871,0.8588709677419355
DeepSeek,triggers,validated_paths3_thr0.8,SpotifyCares,Logout,2,30,3,0,0.4,1.0,0.5714285714285715,0.6030226891555273,0.9545454545454546
DeepSeek,triggers,validated_paths3_thr0.8,SpotifyCares,Offer further help,4,19,5,0,0.4444444444444444,1.0,0.6153846153846153,0.5931710140017395,0.8958333333333333
DeepSeek,triggers,validated_paths3_thr0.8,SpotifyCares,Playlist,2,33,0,0,1.0,1.0,1.0,1.0,1.0
DeepSeek,triggers,validated_paths3_thr0.8,SpotifyCares,Premium,2,31,2,0,0.5,1.0,0.6666666666666666,0.6853444168423419,0.9696969696969697
DeepSeek,triggers,validated_paths3_thr0.8,SpotifyCares,Provide OS version,2,33,0,0,1.0,1.0,1.0,1.0,1.0
DeepSeek,triggers,validated_paths3_thr0.8,SpotifyCares,Provide URL,11,15,0,2,1.0,0.8461538461538461,0.9166666666666666,0.8640638488223129,0.9230769230769231
DeepSeek,triggers,validated_paths3_thr0.8,SpotifyCares,Provide device model,2,29,2,2,0.5,0.5,0.5,0.43548387096774194,0.717741935483871
DeepSeek,triggers,validated_paths3_thr0.8,SpotifyCares,Provide email address,0,33,2,0,0.0,0.0,0.0,0.0,0.4714285714285714
DeepSeek,triggers,validated_paths3_thr0.8,SpotifyCares,Provide error message,1,30,0,4,1.0,0.2,0.33333333333333337,0.420084025208403,0.6
DeepSeek,triggers,validated_paths3_thr0.8,SpotifyCares,Provide spotify version,2,33,0,0,1.0,1.0,1.0,1.0,1.0
DeepSeek,triggers,validated_paths3_thr0.8,SpotifyCares,Provide username,0,34,1,0,0.0,0.0,0.0,0.0,0.4857142857142857
DeepSeek,triggers,validated_paths3_thr0.8,SpotifyCares,Refer to specialist team,0,28,0,0,0.0,0.0,0.0,0.0,0.5
DeepSeek,triggers,validated_paths3_thr0.8,SpotifyCares,Reinstall the app,1,34,0,0,1.0,1.0,1.0,1.0,1.0
DeepSeek,triggers,validated_paths3_thr0.8,SpotifyCares,Request DM,7,21,0,0,1.0,1.0,1.0,1.0,1.0
DeepSeek,triggers,validated_paths3_thr0.8,SpotifyCares,Request OS version,3,25,0,0,1.0,1.0,1.0,1.0,1.0
DeepSeek,triggers,validated_paths3_thr0.8,SpotifyCares,Request Spotify version,4,24,0,0,1.0,1.0,1.0,1.0,1.0
DeepSeek,triggers,validated_paths3_thr0.8,SpotifyCares,Request device restart,3,25,0,0,1.0,1.0,1.0,1.0,1.0
DeepSeek,triggers,validated_paths3_thr0.8,SpotifyCares,Request device version,4,24,0,0,1.0,1.0,1.0,1.0,1.0
DeepSeek,triggers,validated_paths3_thr0.8,SpotifyCares,Request email address,6,22,0,0,1.0,1.0,1.0,1.0,1.0
DeepSeek,triggers,validated_paths3_thr0.8,SpotifyCares,Request error message,3,25,0,0,1.0,1.0,1.0,1.0,1.0
DeepSeek,triggers,validated_paths3_thr0.8,SpotifyCares,Request exact issue description,1,27,0,0,1.0,1.0,1.0,1.0,1.0
DeepSeek,triggers,validated_paths3_thr0.8,SpotifyCares,Request login,3,25,0,0,1.0,1.0,1.0,1.0,1.0
DeepSeek,triggers,validated_paths3_thr0.8,SpotifyCares,Request logout,3,25,0,0,1.0,1.0,1.0,1.0,1.0
DeepSeek,triggers,validated_paths3_thr0.8,SpotifyCares,Request reinstall the app,2,26,0,0,1.0,1.0,1.0,1.0,1.0
DeepSeek,triggers,validated_paths3_thr0.8,SpotifyCares,Request username,5,23,0,0,1.0,1.0,1.0,1.0,1.0
DeepSeek,triggers,validated_paths3_thr0.8,SpotifyCares,Restart device,2,32,1,0,0.6666666666666666,1.0,0.8,0.8040302522073697,0.9848484848484849
DeepSeek,triggers,validated_paths3_thr0.8,SpotifyCares,Song/Artist,2,30,0,3,1.0,0.4,0.5714285714285715,0.6030226891555273,0.7
DeepSeek,triggers,validated_paths3_thr0.8,SpotifyCares,Student Subscription,2,33,0,0,1.0,1.0,1.0,1.0,1.0
DeepSeek,triggers,validated_paths5_thr0.8,AmazonHelp,Account,2,17,1,0,0.6666666666666666,1.0,0.8,0.7934920476158722,0.9722222222222222
DeepSeek,triggers,validated_paths5_thr0.8,AmazonHelp,Alexa,2,18,0,0,1.0,1.0,1.0,1.0,1.0
DeepSeek,triggers,validated_paths5_thr0.8,AmazonHelp,Apologize,8,11,0,0,1.0,1.0,1.0,1.0,1.0
DeepSeek,triggers,validated_paths5_thr0.8,AmazonHelp,Bad Support,2,17,0,1,1.0,0.6666666666666666,0.8,0.7934920476158722,0.8333333333333333
DeepSeek,triggers,validated_paths5_thr0.8,AmazonHelp,Delivery,5,13,0,2,1.0,0.7142857142857143,0.8333333333333333,0.7867957924694432,0.8571428571428572
DeepSeek,triggers,validated_paths5_thr0.8,AmazonHelp,Echo,3,17,0,0,1.0,1.0,1.0,1.0,1.0
DeepSeek,triggers,validated_paths5_thr0.8,AmazonHelp,Investigate Issue,7,9,2,1,0.7777777777777778,0.875,0.823529411764706,0.6854365268376295,0.8465909090909092
DeepSeek,triggers,validated_paths5_thr0.8,AmazonHelp,Kindle,0,20,0,0,0.0,0.0,0.0,0.0,0.5
DeepSeek,triggers,validated_paths5_thr0.8,AmazonHelp,Order Cancellation,1,19,0,0,1.0,1.0,1.0,1.0,1.0
DeepSeek,triggers,validated_paths5_thr0.8,AmazonHelp,Packaging,1,19,0,0,1.0,1.0,1.0,1.0,1.0
DeepSeek,triggers,validated_paths5_thr0.8,AmazonHelp,Prime,7,13,0,0,1.0,1.0,1.0,1.0,1.0
DeepSeek,triggers,validated_paths5_thr0.8,AmazonHelp,Provide URL,13,6,0,0,1.0,1.0,1.0,1.0,1.0
DeepSeek,triggers,validated_paths5_thr0.8,AmazonHelp,Provide delivery date,1,17,0,1,1.0,0.5,0.6666666666666666,0.6871842709362768,0.75
DeepSeek,triggers,validated_paths5_thr0.8,AmazonHelp,Refer to specialist team,1,17,0,1,1.0,0.5,0.6666666666666666,0.6871842709362768,0.75
DeepSeek,triggers,validated_paths5_thr0.8,AmazonHelp,Refund,0,20,0,0,0.0,0.0,0.0,0.0,0.5
DeepSeek,triggers,validated_paths5_thr0.8,AmazonHelp,Replacement,0,20,0,0,0.0,0.0,0.0,0.0,0.5
DeepSeek,triggers,validated_paths5_thr0.8,AmazonHelp,Request to call by phone,3,16,0,0,1.0,1.0,1.0,1.0,1.0
DeepSeek,triggers,validated_paths5_thr0.8,AmazonHelp,Request to not send personal details,1,18,0,0,1.0,1.0,1.0,1.0,1.0
DeepSeek,triggers,validated_paths5_thr0.8,AmazonHelp,Request to reach out by chat,2,17,0,0,1.0,1.0,1.0,1.0,1.0
DeepSeek,triggers,validated_paths5_thr0.8,AmazonHelp,Return,2,18,0,0,1.0,1.0,1.0,1.0,1.0
DeepSeek,triggers,validated_paths5_thr0.8,AppleSupport,Battery,6,24,1,0,0.8571428571428571,1.0,0.923076923076923,0.9071147352221454,0.98
DeepSeek,triggers,validated_paths5_thr0.8,AppleSupport,Investigate issue,12,8,3,4,0.8,0.75,0.7741935483870969,0.47193990372426947,0.7386363636363636
DeepSeek,triggers,validated_paths5_thr0.8,AppleSupport,Mac,3,27,1,0,0.75,1.0,0.8571428571428571,0.8504200642707612,0.9821428571428572
DeepSeek,triggers,validated_paths5_thr0.8,AppleSupport,Provide URL,16,11,0,0,1.0,1.0,1.0,1.0,1.0
DeepSeek,triggers,validated_paths5_thr0.8,AppleSupport,Provide device model,6,22,3,0,0.6666666666666666,1.0,0.8,0.7659416862050705,0.94
DeepSeek,triggers,validated_paths5_thr0.8,AppleSupport,Provide system version,10,20,1,0,0.9090909090909091,1.0,0.9523809523809523,0.9304842103984708,0.9761904761904762
DeepSeek,triggers,validated_paths5_thr0.8,AppleSupport,Recommend backing up,0,27,0,0,0.0,0.0,0.0,0.0,0.5
DeepSeek,triggers,validated_paths5_thr0.8,AppleSupport,Recommend updating,0,27,0,0,0.0,0.0,0.0,0.0,0.5
DeepSeek,triggers,validated_paths5_thr0.8,AppleSupport,Refer to specialist team,0,27,0,0,0.0,0.0,0.0,0.0,0.5
DeepSeek,triggers,validated_paths5_thr0.8,AppleSupport,Refund,2,29,0,0,1.0,1.0,1.0,1.0,1.0
DeepSeek,triggers,validated_paths5_thr0.8,AppleSupport,Request DM,12,14,1,0,0.9230769230769231,1.0,0.9600000000000001,0.9281909617845143,0.9666666666666667
DeepSeek,triggers,validated_paths5_thr0.8,AppleSupport,Request country,0,27,0,0,0.0,0.0,0.0,0.0,0.5
DeepSeek,triggers,validated_paths5_thr0.8,AppleSupport,Request device model,3,24,0,0,1.0,1.0,1.0,1.0,1.0
DeepSeek,triggers,validated_paths5_thr0.8,AppleSupport,Request device restart,1,26,0,0,1.0,1.0,1.0,1.0,1.0
DeepSeek,triggers,validated_paths5_thr0.8,AppleSupport,Request iOS version,8,19,0,0,1.0,1.0,1.0,1.0,1.0
DeepSeek,triggers,validated_paths5_thr0.8,AppleSupport,Restart device,3,27,1,0,0.75,1.0,0.8571428571428571,0.8504200642707612,0.9821428571428572
DeepSeek,triggers,validated_paths5_thr0.8,AppleSupport,Software/App,4,21,0,6,1.0,0.4,0.5714285714285715,0.5577733510227171,0.7
DeepSeek,triggers,validated_paths5_thr0.8,AppleSupport,TV,0,31,0,0,0.0,0.0,0.0,0.0,0.5
DeepSeek,triggers,validated_paths5_thr0.8,AppleSupport,Unresponsive/Freezing Device,5,22,4,0,0.5555555555555556,1.0,0.7142857142857143,0.6856277926728687,0.9230769230769231
DeepSeek,triggers,validated_paths5_thr0.8,AppleSupport,Update,13,16,1,1,0.9285714285714286,0.9285714285714286,0.9285714285714286,0.8697478991596639,0.9348739495798319
DeepSeek,triggers,validated_paths5_thr0.8,AppleSupport,iPad,0,31,0,0,0.0,0.0,0.0,0.0,0.5
DeepSeek,triggers,validated_paths5_thr0.8,AppleSupport,iPhone,5,16,5,5,0.5,0.5,0.5,0.2619047619047619,0.6309523809523809
DeepSeek,triggers,validated_paths5_thr0.8,SpotifyCares,Account,5,25,4,1,0.5555555555555556,0.8333333333333334,0.6666666666666667,0.5996568753954697,0.8477011494252873
DeepSeek,triggers,validated_paths5_thr0.8,SpotifyCares,Advertisement,2,32,1,0,0.6666666666666666,1.0,0.8,0.8040302522073697,0.9848484848484849
DeepSeek,triggers,validated_paths5_thr0.8,SpotifyCares,App,6,21,5,3,0.5454545454545454,0.6666666666666666,0.6,0.44659420836637254,0.7371794871794872
DeepSeek,triggers,validated_paths5_thr0.8,SpotifyCares,Billing/Payment,7,26,2,0,0.7777777777777778,1.0,0.8750000000000001,0.8498365855987975,0.9642857142857143
DeepSeek,triggers,validated_paths5_thr0.8,SpotifyCares,Family Subscription,1,34,0,0,1.0,1.0,1.0,1.0,1.0
DeepSeek,triggers,validated_paths5_thr0.8,SpotifyCares,Hulu,1,34,0,0,1.0,1.0,1.0,1.0,1.0
DeepSeek,triggers,validated_paths5_thr0.8,SpotifyCares,Login,3,30,1,1,0.75,0.75,0.75,0.717741935483871,0.8588709677419355
DeepSeek,triggers,validated_paths5_thr0.8,SpotifyCares,Logout,2,30,3,0,0.4,1.0,0.5714285714285715,0.6030226891555273,0.9545454545454546
DeepSeek,triggers,validated_paths5_thr0.8,SpotifyCares,Offer further help,4,19,5,0,0.4444444444444444,1.0,0.6153846153846153,0.5931710140017395,0.8958333333333333
DeepSeek,triggers,validated_paths5_thr0.8,SpotifyCares,Playlist,2,33,0,0,1.0,1.0,1.0,1.0,1.0
DeepSeek,triggers,validated_paths5_thr0.8,SpotifyCares,Premium,2,31,2,0,0.5,1.0,0.6666666666666666,0.6853444168423419,0.9696969696969697
DeepSeek,triggers,validated_paths5_thr0.8,SpotifyCares,Provide OS version,2,33,0,0,1.0,1.0,1.0,1.0,1.0
DeepSeek,triggers,validated_paths5_thr0.8,SpotifyCares,Provide URL,11,15,0,2,1.0,0.8461538461538461,0.9166666666666666,0.8640638488223129,0.9230769230769231
DeepSeek,triggers,validated_paths5_thr0.8,SpotifyCares,Provide device model,2,29,2,2,0.5,0.5,0.5,0.43548387096774194,0.717741935483871
DeepSeek,triggers,validated_paths5_thr0.8,SpotifyCares,Provide email address,0,33,2,0,0.0,0.0,0.0,0.0,0.4714285714285714
DeepSeek,triggers,validated_paths5_thr0.8,SpotifyCares,Provide error message,1,30,0,4,1.0,0.2,0.33333333333333337,0.420084025208403,0.6
DeepSeek,triggers,validated_paths5_thr0.8,SpotifyCares,Provide spotify version,2,33,0,0,1.0,1.0,1.0,1.0,1.0
DeepSeek,triggers,validated_paths5_thr0.8,SpotifyCares,Provide username,0,34,1,0,0.0,0.0,0.0,0.0,0.4857142857142857
DeepSeek,triggers,validated_paths5_thr0.8,SpotifyCares,Refer to specialist team,0,28,0,0,0.0,0.0,0.0,0.0,0.5
DeepSeek,triggers,validated_paths5_thr0.8,SpotifyCares,Reinstall the app,1,34,0,0,1.0,1.0,1.0,1.0,1.0
DeepSeek,triggers,validated_paths5_thr0.8,SpotifyCares,Request DM,7,21,0,0,1.0,1.0,1.0,1.0,1.0
DeepSeek,triggers,validated_paths5_thr0.8,SpotifyCares,Request OS version,3,25,0,0,1.0,1.0,1.0,1.0,1.0
DeepSeek,triggers,validated_paths5_thr0.8,SpotifyCares,Request Spotify version,4,24,0,0,1.0,1.0,1.0,1.0,1.0
DeepSeek,triggers,validated_paths5_thr0.8,SpotifyCares,Request device restart,3,25,0,0,1.0,1.0,1.0,1.0,1.0
DeepSeek,triggers,validated_paths5_thr0.8,SpotifyCares,Request device version,4,24,0,0,1.0,1.0,1.0,1.0,1.0
DeepSeek,triggers,validated_paths5_thr0.8,SpotifyCares,Request email address,6,22,0,0,1.0,1.0,1.0,1.0,1.0
DeepSeek,triggers,validated_paths5_thr0.8,SpotifyCares,Request error message,3,25,0,0,1.0,1.0,1.0,1.0,1.0
DeepSeek,triggers,validated_paths5_thr0.8,SpotifyCares,Request exact issue description,1,27,0,0,1.0,1.0,1.0,1.0,1.0
DeepSeek,triggers,validated_paths5_thr0.8,SpotifyCares,Request login,3,25,0,0,1.0,1.0,1.0,1.0,1.0
DeepSeek,triggers,validated_paths5_thr0.8,SpotifyCares,Request logout,3,25,0,0,1.0,1.0,1.0,1.0,1.0
DeepSeek,triggers,validated_paths5_thr0.8,SpotifyCares,Request reinstall the app,2,26,0,0,1.0,1.0,1.0,1.0,1.0
DeepSeek,triggers,validated_paths5_thr0.8,SpotifyCares,Request username,5,23,0,0,1.0,1.0,1.0,1.0,1.0
DeepSeek,triggers,validated_paths5_thr0.8,SpotifyCares,Restart device,2,32,1,0,0.6666666666666666,1.0,0.8,0.8040302522073697,0.9848484848484849
DeepSeek,triggers,validated_paths5_thr0.8,SpotifyCares,Song/Artist,2,30,0,3,1.0,0.4,0.5714285714285715,0.6030226891555273,0.7
DeepSeek,triggers,validated_paths5_thr0.8,SpotifyCares,Student Subscription,2,33,0,0,1.0,1.0,1.0,1.0,1.0
Gemini,examples,raw_10call_majority,AmazonHelp,Account,2,17,1,0,0.6666666666666666,1.0,0.8,0.7934920476158722,0.9722222222222222
Gemini,examples,raw_10call_majority,AmazonHelp,Alexa,2,18,0,0,1.0,1.0,1.0,1.0,1.0
Gemini,examples,raw_10call_majority,AmazonHelp,Apologize,8,11,0,0,1.0,1.0,1.0,1.0,1.0
Gemini,examples,raw_10call_majority,AmazonHelp,Bad Support,2,15,2,1,0.5,0.6666666666666666,0.5714285714285715,0.4900980294098034,0.7745098039215685
Gemini,examples,raw_10call_majority,AmazonHelp,Delivery,6,12,1,1,0.8571428571428571,0.8571428571428571,0.8571428571428571,0.7802197802197802,0.8901098901098901
Gemini,examples,raw_10call_majority,AmazonHelp,Echo,3,17,0,0,1.0,1.0,1.0,1.0,1.0
Gemini,examples,raw_10call_majority,AmazonHelp,Investigate Issue,7,9,2,1,0.7777777777777778,0.875,0.823529411764706,0.6854365268376295,0.8465909090909092
Gemini,examples,raw_10call_majority,AmazonHelp,Kindle,0,20,0,0,0.0,0.0,0.0,0.0,0.5
Gemini,examples,raw_10call_majority,AmazonHelp,Order Cancellation,1,19,0,0,1.0,1.0,1.0,1.0,1.0
Gemini,examples,raw_10call_majority,AmazonHelp,Packaging,1,19,0,0,1.0,1.0,1.0,1.0,1.0
Gemini,examples,raw_10call_majority,AmazonHelp,Prime,7,13,0,0,1.0,1.0,1.0,1.0,1.0
Gemini,examples,raw_10call_majority,AmazonHelp,Provide URL,13,6,0,0,1.0,1.0,1.0,1.0,1.0
Gemini,examples,raw_10call_majority,AmazonHelp,Provide delivery date,1,17,0,1,1.0,0.5,0.6666666666666666,0.6871842709362768,0.75
Gemini,examples,raw_10call_majority,AmazonHelp,Refer to specialist team,2,17,0,0,1.0,1.0,1.0,1.0,1.0
Gemini,examples,raw_10call_majority,AmazonHelp,Refund,0,20,0,0,0.0,0.0,0.0,0.0,0.5
Gemini,examples,raw_10call_majority,AmazonHelp,Replacement,0,20,0,0,0.0,0.0,0.0,0.0,0.5
Gemini,examples,raw_10call_majority,AmazonHelp,Request to call by phone,3,16,0,0,1.0,1.0,1.0,1.0,1.0
Gemini,examples,raw_10call_majority,AmazonHelp,Request to not send personal details,1,18,0,0,1.0,1.0,1.0,1.0,1.0
Gemini,examples,raw_10call_majority,AmazonHelp,Request to reach out by chat,2,17,0,0,1.0,1.0,1.0,1.0,1.0
Gemini,examples,raw_10call_majority,AmazonHelp,Return,2,18,0,0,1.0,1.0,1.0,1.0,1.0
Gemini,examples,raw_10call_majority,AppleSupport,Battery,6,25,0,0,1.0,1.0,1.0,1.0,1.0
Gemini,examples,raw_10call_majority,AppleSupport,Investigate issue,0,11,0,16,0.0,0.0,0.0,0.0,0.5
Gemini,examples,raw_10call_majority,AppleSupport,Mac,3,27,1,0,0.75,1.0,0.8571428571428571,0.8504200642707612,0.9821428571428572
Gemini,examples,raw_10call_majority,AppleSupport,Provide URL,16,11,0,0,1.0,1.0,1.0,1.0,1.0
Gemini,examples,raw_10call_majority,AppleSupport,Provide device model,6,24,1,0,0.8571428571428571,1.0,0.923076923076923,0.9071147352221454,0.98
Gemini,examples,raw_10call_majority,AppleSupport,Provide system version,10,21,0,0,1.0,1.0,1.0,1.0,1.0
Gemini,examples,raw_10call_majority,AppleSupport,Recommend backing up,0,27,0,0,0.0,0.0,0.0,0.0,0.5
Gemini,examples,raw_10call_majority,AppleSupport,Recommend updating,0,27,0,0,0.0,0.0,0.0,0.0,0.5
Gemini,examples,raw_10call_majority,AppleSupport,Refer to specialist team,0,27,0,0,0.0,0.0,0.0,0.0,0.5
Gemini,examples,raw_10call_majority,AppleSupport,Refund,2,29,0,0,1.0,1.0,1.0,1.0,1.0
Gemini,examples,raw_10call_majority,AppleSupport,Request DM,7,15,0,5,1.0,0.5833333333333334,0.7368421052631579,0.6614378277661477,0.7916666666666667
Gemini,examples,raw_10call_majority,AppleSupport,Request country,0,27,0,0,0.0,0.0,0.0,0.0,0.5
Gemini,examples,raw_10call_majority,AppleSupport,Request device model,0,24,0,3,0.0,0.0,0.0,0.0,0.5
Gemini,examples,raw_10call_majority,AppleSupport,Request device restart,1,26,0,0,1.0,1.0,1.0,1.0,1.0
Gemini,examples,raw_10call_majority,AppleSupport,Request iOS version,0,19,0,8,0.0,0.0,0.0,0.0,0.5
Gemini,examples,raw_10call_majority,AppleSupport,Restart device,0,28,0,3,0.0,0.0,0.0,0.0,0.5
Gemini,examples,raw_10call_majority,AppleSupport,Software/App,0,21,0,10,0.0,0.0,0.0,0.0,0.5
Gemini,examples,raw_10call_majority,AppleSupport,TV,0,31,0,0,0.0,0.0,0.0,0.0,0.5
Gemini,examples,raw_10call_majority,AppleSupport,Unresponsive/Freezing Device,5,23,3,0,0.625,1.0,0.7692307692307693,0.7435621126608156,0.9423076923076923
Gemini,examples,raw_10call_majority,AppleSupport,Update,14,16,1,0,0.9333333333333333,1.0,0.9655172413793104,0.9372466978064098,0.9705882352941176
Gemini,examples,raw_10call_majority,AppleSupport,iPad,0,31,0,0,0.0,0.0,0.0,0.0,0.5
Gemini,examples,raw_10call_majority,AppleSupport,iPhone,10,17,4,0,0.7142857142857143,1.0,0.8333333333333333,0.7604152106033959,0.9047619047619048
Gemini,examples,raw_10call_majority,SpotifyCares,Account,5,29,0,1,1.0,0.8333333333333334,0.9090909090909091,0.8975274678557507,0.9166666666666667
Gemini,examples,raw_10call_majority,SpotifyCares,Advertisement,2,33,0,0,1.0,1.0,1.0,1.0,1.0
Gemini,examples,raw_10call_majority,SpotifyCares,App,8,22,4,1,0.6666666666666666,0.8888888888888888,0.761904761904762,0.6768087693315028,0.8675213675213675
Gemini,examples,raw_10call_majority,SpotifyCares,Billing/Payment,7,27,1,0,0.875,1.0,0.9333333333333333,0.9185586535436918,0.9821428571428572
Gemini,examples,raw_10call_majority,SpotifyCares,Family Subscription,1,34,0,0,1.0,1.0,1.0,1.0,1.0
Gemini,examples,raw_10call_majority,SpotifyCares,Hulu,1,34,0,0,1.0,1.0,1.0,1.0,1.0
Gemini,examples,raw_10call_majority,SpotifyCares,Login,0,31,0,4,0.0,0.0,0.0,0.0,0.5
Gemini,examples,raw_10call_majority,SpotifyCares,Logout,0,33,0,2,0.0,0.0,0.0,0.0,0.5
Gemini,examples,raw_10call_majority,SpotifyCares,Offer further help,4,23,1,0,0.8,1.0,0.888888888888889,0.8755950357709131,0.9791666666666667
Gemini,examples,raw_10call_majority,SpotifyCares,Playlist,2,33,0,0,1.0,1.0,1.0,1.0,1.0
Gemini,examples,raw_10call_majority,SpotifyCares,Premium,2,32,1,0,0.6666666666666666,1.0,0.8,0.8040302522073697,0.9848484848484849
Gemini,examples,raw_10call_majority,SpotifyCares,Provide OS version,0,33,0,2,0.0,0.0,0.0,0.0,0.5
Gemini,examples,raw_10call_majority,SpotifyCares,Provide URL,13,15,0,0,1.0,1.0,1.0,1.0,1.0
Gemini,examples,raw_10call_majority,SpotifyCares,Provide device model,0,31,0,4,0.0,0.0,0.0,0.0,0.5
Gemini,examples,raw_10call_majority,SpotifyCares,Provide email address,0,35,0,0,0.0,0.0,0.0,0.0,0.5
Gemini,examples,raw_10call_majority,SpotifyCares,Provide error message,0,30,0,5,0.0,0.0,0.0,0.0,0.5
Gemini,examples,raw_10call_majority,SpotifyCares,Provide spotify version,0,33,0,2,0.0,0.0,0.0,0.0,0.5
Gemini,examples,raw_10call_majority,SpotifyCares,Provide username,0,35,0,0,0.0,0.0,0.0,0.0,0.5
Gemini,examples,raw_10call_majority,SpotifyCares,Refer to specialist team,0,27,1,0,0.0,0.0,0.0,0.0,0.48214285714285715
Gemini,examples,raw_10call_majority,SpotifyCares,Reinstall the app,0,34,0,1,0.0,0.0,0.0,0.0,0.5
Gemini,examples,raw_10call_majority,SpotifyCares,Request DM,1,21,0,6,1.0,0.14285714285714285,0.25,0.3333333333333333,0.5714285714285714
Gemini,examples,raw_10call_majority,SpotifyCares,Request OS version,3,25,0,0,1.0,1.0,1.0,1.0,1.0
Gemini,examples,raw_10call_majority,SpotifyCares,Request Spotify version,4,24,0,0,1.0,1.0,1.0,1.0,1.0
Gemini,examples,raw_10call_majority,SpotifyCares,Request device restart,3,25,0,0,1.0,1.0,1.0,1.0,1.0
Gemini,examples,raw_10call_majority,SpotifyCares,Request device version,4,24,0,0,1.0,1.0,1.0,1.0,1.0
Gemini,examples,raw_10call_majority,SpotifyCares,Request email address,0,22,0,6,0.0,0.0,0.0,0.0,0.5
Gemini,examples,raw_10call_majority,SpotifyCares,Request error message,3,25,0,0,1.0,1.0,1.0,1.0,1.0
Gemini,examples,raw_10call_majority,SpotifyCares,Request exact issue description,1,26,1,0,0.5,1.0,0.6666666666666666,0.693888666488711,0.9814814814814814
Gemini,examples,raw_10call_majority,SpotifyCares,Request login,3,25,0,0,1.0,1.0,1.0,1.0,1.0
Gemini,examples,raw_10call_majority,SpotifyCares,Request logout,3,25,0,0,1.0,1.0,1.0,1.0,1.0
Gemini,examples,raw_10call_majority,SpotifyCares,Request reinstall the app,0,26,0,2,0.0,0.0,0.0,0.0,0.5
Gemini,examples,raw_10call_majority,SpotifyCares,Request username,0,23,0,5,0.0,0.0,0.0,0.0,0.5
Gemini,examples,raw_10call_majority,SpotifyCares,Restart device,0,33,0,2,0.0,0.0,0.0,0.0,0.5
Gemini,examples,raw_10call_majority,SpotifyCares,Song/Artist,5,26,4,0,0.5555555555555556,1.0,0.7142857142857143,0.693888666488711,0.9333333333333333
Gemini,examples,raw_10call_majority,SpotifyCares,Student Subscription,2,33,0,0,1.0,1.0,1.0,1.0,1.0
Gemini,examples,raw_1call,AmazonHelp,Account,2,17,1,0,0.6666666666666666,1.0,0.8,0.7934920476158722,0.9722222222222222
Gemini,examples,raw_1call,AmazonHelp,Alexa,2,18,0,0,1.0,1.0,1.0,1.0,1.0
Gemini,examples,raw_1call,AmazonHelp,Apologize,8,11,0,0,1.0,1.0,1.0,1.0,1.0
Gemini,examples,raw_1call,AmazonHelp,Bad Support,2,15,2,1,0.5,0.6666666666666666,0.5714285714285715,0.4900980294098034,0.7745098039215685
Gemini,examples,raw_1call,AmazonHelp,Delivery,5,12,1,2,0.8333333333333334,0.7142857142857143,0.7692307692307692,0.6633880657639324,0.8186813186813187
Gemini,examples,raw_1call,AmazonHelp,Echo,3,17,0,0,1.0,1.0,1.0,1.0,1.0
Gemini,examples,raw_1call,AmazonHelp,Investigate Issue,7,9,2,1,0.7777777777777778,0.875,0.823529411764706,0.6854365268376295,0.8465909090909092
Gemini,examples,raw_1call,AmazonHelp,Kindle,0,20,0,0,0.0,0.0,0.0,0.0,0.5
Gemini,examples,raw_1call,AmazonHelp,Order Cancellation,1,19,0,0,1.0,1.0,1.0,1.0,1.0
Gemini,examples,raw_1call,AmazonHelp,Packaging,1,19,0,0,1.0,1.0,1.0,1.0,1.0
Gemini,examples,raw_1call,AmazonHelp,Prime,6,13,0,1,1.0,0.8571428571428571,0.923076923076923,0.8921425711997711,0.9285714285714286
Gemini,examples,raw_1call,AmazonHelp,Provide URL,13,6,0,0,1.0,1.0,1.0,1.0,1.0
Gemini,examples,raw_1call,AmazonHelp,Provide delivery date,1,16,1,1,0.5,0.5,0.5,0.4411764705882353,0.7205882352941176
Gemini,examples,raw_1call,AmazonHelp,Refer to specialist team,2,17,0,0,1.0,1.0,1.0,1.0,1.0
Gemini,examples,raw_1call,AmazonHelp,Refund,0,20,0,0,0.0,0.0,0.0,0.0,0.5
Gemini,examples,raw_1call,AmazonHelp,Replacement,0,20,0,0,0.0,0.0,0.0,0.0,0.5
Gemini,examples,raw_1call,AmazonHelp,Request to call by phone,3,16,0,0,1.0,1.0,1.0,1.0,1.0
Gemini,examples,raw_1call,AmazonHelp,Request to not send personal details,1,18,0,0,1.0,1.0,1.0,1.0,1.0
Gemini,examples,raw_1call,AmazonHelp,Request to reach out by chat,2,17,0,0,1.0,1.0,1.0,1.0,1.0
Gemini,examples,raw_1call,AmazonHelp,Return,2,18,0,0,1.0,1.0,1.0,1.0,1.0
Gemini,examples,raw_1call,AppleSupport,Battery,6,25,0,0,1.0,1.0,1.0,1.0,1.0
Gemini,examples,raw_1call,AppleSupport,Investigate issue,0,11,0,16,0.0,0.0,0.0,0.0,0.5
Gemini,examples,raw_1call,AppleSupport,Mac,3,27,1,0,0.75,1.0,0.8571428571428571,0.8504200642707612,0.9821428571428572
Gemini,examples,raw_1call,AppleSupport,Provide URL,16,11,0,0,1.0,1.0,1.0,1.0,1.0
Gemini,examples,raw_1call,AppleSupport,Provide device model,6,25,0,0,1.0,1.0,1.0,1.0,1.0
Gemini,examples,raw_1call,AppleSupport,Provide system version,10,21,0,0,1.0,1.0,1.0,1.0,1.0
Gemini,examples,raw_1call,AppleSupport,Recommend backing up,0,27,0,0,0.0,0.0,0.0,0.0,0.5
Gemini,examples,raw_1call,AppleSupport,Recommend updating,0,27,0,0,0.0,0.0,0.0,0.0,0.5
Gemini,examples,raw_1call,AppleSupport,Refer to specialist team,0,27,0,0,0.0,0.0,0.0,0.0,0.5
Gemini,examples,raw_1call,AppleSupport,Refund,2,29,0,0,1.0,1.0,1.0,1.0,1.0
Gemini,examples,raw_1call,AppleSupport,Request DM,7,15,0,5,1.0,0.5833333333333334,0.7368421052631579,0.6614378277661477,0.7916666666666667
Gemini,examples,raw_1call,AppleSupport,Request country,0,27,0,0,0.0,0.0,0.0,0.0,0.5
Gemini,examples,raw_1call,AppleSupport,Request device model,0,24,0,3,0.0,0.0,0.0,0.0,0.5
Gemini,examples,raw_1call,AppleSupport,Request device restart,1,26,0,0,1.0,1.0,1.0,1.0,1.0
Gemini,examples,raw_1call,AppleSupport,Request iOS version,0,19,0,8,0.0,0.0,0.0,0.0,0.5
Gemini,examples,raw_1call,AppleSupport,Restart device,0,28,0,3,0.0,0.0,0.0,0.0,0.5
Gemini,examples,raw_1call,AppleSupport,Software/App,0,21,0,10,0.0,0.0,0.0,0.0,0.5
Gemini,examples,raw_1call,AppleSupport,TV,0,31,0,0,0.0,0.0,0.0,0.0,0.5
Gemini,examples,raw_1call,AppleSupport,Unresponsive/Freezing Device,5,23,3,0,0.625,1.0,0.7692307692307693,0.7435621126608156,0.9423076923076923
Gemini,examples,raw_1call,AppleSupport,Update,14,17,0,0,1.0,1.0,1.0,1.0,1.0
Gemini,examples,raw_1call,AppleSupport,iPad,0,31,0,0,0.0,0.0,0.0,0.0,0.5
Gemini,examples,raw_1call,AppleSupport,iPhone,10,17,4,0,0.7142857142857143,1.0,0.8333333333333333,0.7604152106033959,0.9047619047619048
Gemini,examples,raw_1call,SpotifyCares,Account,4,29,0,2,1.0,0.6666666666666666,0.8,0.7897188828807974,0.8333333333333333
Gemini,examples,raw_1call,SpotifyCares,Advertisement,2,33,0,0,1.0,1.0,1.0,1.0,1.0
Gemini,examples,raw_1call,SpotifyCares,App,8,22,4,1,0.6666666666666666,0.8888888888888888,0.761904761904762,0.6768087693315028,0.8675213675213675
Gemini,examples,raw_1call,SpotifyCares,Billing/Payment,7,27,1,0,0.875,1.0,0.9333333333333333,0.9185586535436918,0.9821428571428572
Gemini,examples,raw_1call,SpotifyCares,Family Subscription,1,34,0,0,1.0,1.0,1.0,1.0,1.0
Gemini,examples,raw_1call,SpotifyCares,Hulu,1,34,0,0,1.0,1.0,1.0,1.0,1.0
Gemini,examples,raw_1call,SpotifyCares,Login,0,31,0,4,0.0,0.0,0.0,0.0,0.5
Gemini,examples,raw_1call,SpotifyCares,Logout,0,33,0,2,0.0,0.0,0.0,0.0,0.5
Gemini,examples,raw_1call,SpotifyCares,Offer further help,4,24,0,0,1.0,1.0,1.0,1.0,1.0
Gemini,examples,raw_1call,SpotifyCares,Playlist,2,33,0,0,1.0,1.0,1.0,1.0,1.0
Gemini,examples,raw_1call,SpotifyCares,Premium,2,32,1,0,0.6666666666666666,1.0,0.8,0.8040302522073697,0.9848484848484849
Gemini,examples,raw_1call,SpotifyCares,Provide OS version,0,33,0,2,0.0,0.0,0.0,0.0,0.5
Gemini,examples,raw_1call,SpotifyCares,Provide URL,13,15,0,0,1.0,1.0,1.0,1.0,1.0
Gemini,examples,raw_1call,SpotifyCares,Provide device model,0,31,0,4,0.0,0.0,0.0,0.0,0.5
Gemini,examples,raw_1call,SpotifyCares,Provide email address,0,35,0,0,0.0,0.0,0.0,0.0,0.5
Gemini,examples,raw_1call,SpotifyCares,Provide error message,0,30,0,5,0.0,0.0,0.0,0.0,0.5
Gemini,examples,raw_1call,SpotifyCares,Provide spotify version,0,33,0,2,0.0,0.0,0.0,0.0,0.5
Gemini,examples,raw_1call,SpotifyCares,Provide username,0,35,0,0,0.0,0.0,0.0,0.0,0.5
Gemini,examples,raw_1call,SpotifyCares,Refer to specialist team,0,27,1,0,0.0,0.0,0.0,0.0,0.48214285714285715
Gemini,examples,raw_1call,SpotifyCares,Reinstall the app,0,34,0,1,0.0,0.0,0.0,0.0,0.5
Gemini,examples,raw_1call,SpotifyCares,Request DM,1,21,0,6,1.0,0.14285714285714285,0.25,0.3333333333333333,0.5714285714285714
Gemini,examples,raw_1call,SpotifyCares,Request OS version,3,25,0,0,1.0,1.0,1.0,1.0,1.0
Gemini,examples,raw_1call,SpotifyCares,Request Spotify version,4,24,0,0,1.0,1.0,1.0,1.0,1.0
Gemini,examples,raw_1call,SpotifyCares,Request device restart,3,25,0,0,1.0,1.0,1.0,1.0,1.0
Gemini,examples,raw_1call,SpotifyCares,Request device version,4,24,0,0,1.0,1.0,1.0,1.0,1.0
Gemini,examples,raw_1call,SpotifyCares,Request email address,0,22,0,6,0.0,0.0,0.0,0.0,0.5
Gemini,examples,raw_1call,SpotifyCares,Request error message,3,25,0,0,1.0,1.0,1.0,1.0,1.0
Gemini,examples,raw_1call,SpotifyCares,Request exact issue description,1,26,1,0,0.5,1.0,0.6666666666666666,0.693888666488711,0.9814814814814814
Gemini,examples,raw_1call,SpotifyCares,Request login,3,25,0,0,1.0,1.0,1.0,1.0,1.0
Gemini,examples,raw_1call,SpotifyCares,Request logout,3,25,0,0,1.0,1.0,1.0,1.0,1.0
Gemini,examples,raw_1call,SpotifyCares,Request reinstall the app,0,26,0,2,0.0,0.0,0.0,0.0,0.5
Gemini,examples,raw_1call,SpotifyCares,Request username,0,23,0,5,0.0,0.0,0.0,0.0,0.5
Gemini,examples,raw_1call,SpotifyCares,Restart device,0,33,0,2,0.0,0.0,0.0,0.0,0.5
Gemini,examples,raw_1call,SpotifyCares,Song/Artist,5,26,4,0,0.5555555555555556,1.0,0.7142857142857143,0.693888666488711,0.9333333333333333
Gemini,examples,raw_1call,SpotifyCares,Student Subscription,2,33,0,0,1.0,1.0,1.0,1.0,1.0
Gemini,examples,validated_paths10_thr0.5,AmazonHelp,Account,2,16,2,0,0.5,1.0,0.6666666666666666,0.6666666666666666,0.9444444444444444
Gemini,examples,validated_paths10_thr0.5,AmazonHelp,Alexa,2,18,0,0,1.0,1.0,1.0,1.0,1.0
Gemini,examples,validated_paths10_thr0.5,AmazonHelp,Apologize,8,11,0,0,1.0,1.0,1.0,1.0,1.0
Gemini,examples,validated_paths10_thr0.5,AmazonHelp,Bad Support,2,15,2,1,0.5,0.6666666666666666,0.5714285714285715,0.4900980294098034,0.7745098039215685
Gemini,examples,validated_paths10_thr0.5,AmazonHelp,Delivery,6,12,1,1,0.8571428571428571,0.8571428571428571,0.8571428571428571,0.7802197802197802,0.8901098901098901
Gemini,examples,validated_paths10_thr0.5,AmazonHelp,Echo,3,17,0,0,1.0,1.0,1.0,1.0,1.0
Gemini,examples,validated_paths10_thr0.5,AmazonHelp,Investigate Issue,7,9,2,1,0.7777777777777778,0.875,0.823529411764706,0.6854365268376295,0.8465909090909092
Gemini,examples,validated_paths10_thr0.5,AmazonHelp,Kindle,0,20,0,0,0.0,0.0,0.0,0.0,0.5
Gemini,examples,validated_paths10_thr0.5,AmazonHelp,Order Cancellation,1,19,0,0,1.0,1.0,1.0,1.0,1.0
Gemini,examples,validated_paths10_thr0.5,AmazonHelp,Packaging,1,19,0,0,1.0,1.0,1.0,1.0,1.0
Gemini,examples,validated_paths10_thr0.5,AmazonHelp,Prime,7,13,0,0,1.0,1.0,1.0,1.0,1.0
Gemini,examples,validated_paths10_thr0.5,AmazonHelp,Provide URL,13,6,0,0,1.0,1.0,1.0,1.0,1.0
Gemini,examples,validated_paths10_thr0.5,AmazonHelp,Provide delivery date,1,17,0,1,1.0,0.5,0.6666666666666666,0.6871842709362768,0.75
Gemini,examples,validated_paths10_thr0.5,AmazonHelp,Refer to specialist team,2,17,0,0,1.0,1.0,1.0,1.0,1.0
Gemini,examples,validated_paths10_thr0.5,AmazonHelp,Refund,0,20,0,0,0.0,0.0,0.0,0.0,0.5
Gemini,examples,validated_paths10_thr0.5,AmazonHelp,Replacement,0,20,0,0,0.0,0.0,0.0,0.0,0.5
Gemini,examples,validated_paths10_thr0.5,AmazonHelp,Request to call by phone,3,16,0,0,1.0,1.0,1.0,1.0,1.0
Gemini,examples,validated_paths10_thr0.5,AmazonHelp,Request to not send personal details,1,18,0,0,1.0,1.0,1.0,1.0,1.0
Gemini,examples,validated_paths10_thr0.5,AmazonHelp,Request to reach out by chat,2,17,0,0,1.0,1.0,1.0,1.0,1.0
Gemini,examples,validated_paths10_thr0.5,AmazonHelp,Return,2,18,0,0,1.0,1.0,1.0,1.0,1.0
Gemini,examples,validated_paths10_thr0.5,AppleSupport,Battery,6,24,1,0,0.8571428571428571,1.0,0.923076923076923,0.9071147352221454,0.98
Gemini,examples,validated_paths10_thr0.5,AppleSupport,Investigate issue,12,6,5,4,0.7058823529411765,0.75,0.7272727272727272,0.3006232385408722,0.6477272727272727
Gemini,examples,validated_paths10_thr0.5,AppleSupport,Mac,3,27,1,0,0.75,1.0,0.8571428571428571,0.8504200642707612,0.9821428571428572
Gemini,examples,validated_paths10_thr0.5,AppleSupport,Provide URL,16,11,0,0,1.0,1.0,1.0,1.0,1.0
Gemini,examples,validated_paths10_thr0.5,AppleSupport,Provide device model,6,24,1,0,0.8571428571428571,1.0,0.923076923076923,0.9071147352221454,0.98
Gemini,examples,validated_paths10_thr0.5,AppleSupport,Provide system version,10,21,0,0,1.0,1.0,1.0,1.0,1.0
Gemini,examples,validated_paths10_thr0.5,AppleSupport,Recommend backing up,0,27,0,0,0.0,0.0,0.0,0.0,0.5
Gemini,examples,validated_paths10_thr0.5,AppleSupport,Recommend updating,0,27,0,0,0.0,0.0,0.0,0.0,0.5
Gemini,examples,validated_paths10_thr0.5,AppleSupport,Refer to specialist team,0,27,0,0,0.0,0.0,0.0,0.0,0.5
Gemini,examples,validated_paths10_thr0.5,AppleSupport,Refund,2,29,0,0,1.0,1.0,1.0,1.0,1.0
Gemini,examples,validated_paths10_thr0.5,AppleSupport,Request DM,12,15,0,0,1.0,1.0,1.0,1.0,1.0
Gemini,examples,validated_paths10_thr0.5,AppleSupport,Request country,0,27,0,0,0.0,0.0,0.0,0.0,0.5
Gemini,examples,validated_paths10_thr0.5,AppleSupport,Request device model,3,24,0,0,1.0,1.0,1.0,1.0,1.0
Gemini,examples,validated_paths10_thr0.5,AppleSupport,Request device restart,1,26,0,0,1.0,1.0,1.0,1.0,1.0
Gemini,examples,validated_paths10_thr0.5,AppleSupport,Request iOS version,8,19,0,0,1.0,1.0,1.0,1.0,1.0
Gemini,examples,validated_paths10_thr0.5,AppleSupport,Restart device,3,28,0,0,1.0,1.0,1.0,1.0,1.0
Gemini,examples,validated_paths10_thr0.5,AppleSupport,Software/App,10,18,3,0,0.7692307692307693,1.0,0.8695652173913044,0.8119979429411502,0.9285714285714286
Gemini,examples,validated_paths10_thr0.5,AppleSupport,TV,0,31,0,0,0.0,0.0,0.0,0.0,0.5
Gemini,examples,validated_paths10_thr0.5,AppleSupport,Unresponsive/Freezing Device,5,22,4,0,0.5555555555555556,1.0,0.7142857142857143,0.6856277926728687,0.9230769230769231
Gemini,examples,validated_paths10_thr0.5,AppleSupport,Update,14,16,1,0,0.9333333333333333,1.0,0.9655172413793104,0.9372466978064098,0.9705882352941176
Gemini,examples,validated_paths10_thr0.5,AppleSupport,iPad,0,31,0,0,0.0,0.0,0.0,0.0,0.5
Gemini,examples,validated_paths10_thr0.5,AppleSupport,iPhone,10,16,5,0,0.6666666666666666,1.0,0.8,0.7126966450997984,0.8809523809523809
Gemini,examples,validated_paths10_thr0.5,SpotifyCares,Account,6,28,1,0,0.8571428571428571,1.0,0.923076923076923,0.909717652294684,0.9827586206896552
Gemini,examples,validated_paths10_thr0.5,SpotifyCares,Advertisement,2,33,0,0,1.0,1.0,1.0,1.0,1.0
Gemini,examples,validated_paths10_thr0.5,SpotifyCares,App,8,22,4,1,0.6666666666666666,0.8888888888888888,0.761904761904762,0.6768087693315028,0.8675213675213675
Gemini,examples,validated_paths10_thr0.5,SpotifyCares,Billing/Payment,7,27,1,0,0.875,1.0,0.9333333333333333,0.9185586535436918,0.9821428571428572
Gemini,examples,validated_paths10_thr0.5,SpotifyCares,Family Subscription,1,34,0,0,1.0,1.0,1.0,1.0,1.0
Gemini,examples,validated_paths10_thr0.5,SpotifyCares,Hulu,1,34,0,0,1.0,1.0,1.0,1.0,1.0
Gemini,examples,validated_paths10_thr0.5,SpotifyCares,Login,4,28,3,0,0.5714285714285714,1.0,0.7272727272727273,0.7184212081070996,0.9516129032258065
Gemini,examples,validated_paths10_thr0.5,SpotifyCares,Logout,2,30,3,0,0.4,1.0,0.5714285714285715,0.6030226891555273,0.9545454545454546
Gemini,examples,validated_paths10_thr0.5,SpotifyCares,Offer further help,4,22,2,0,0.6666666666666666,1.0,0.8,0.7817359599705717,0.9583333333333333
Gemini,examples,validated_paths10_thr0.5,SpotifyCares,Playlist,2,33,0,0,1.0,1.0,1.0,1.0,1.0
Gemini,examples,validated_paths10_thr0.5,SpotifyCares,Premium,2,32,1,0,0.6666666666666666,1.0,0.8,0.8040302522073697,0.9848484848484849
Gemini,examples,validated_paths10_thr0.5,SpotifyCares,Provide OS version,2,33,0,0,1.0,1.0,1.0,1.0,1.0
Gemini,examples,validated_paths10_thr0.5,SpotifyCares,Provide URL,13,15,0,0,1.0,1.0,1.0,1.0,1.0
Gemini,examples,validated_paths10_thr0.5,SpotifyCares,Provide device model,3,29,2,1,0.6,0.75,0.6666666666666665,0.6232502388407515,0.842741935483871
Gemini,examples,validated_paths10_thr0.5,SpotifyCares,Provide email address,0,35,0,0,0.0,0.0,0.0,0.0,0.5
Gemini,examples,validated_paths10_thr0.5,SpotifyCares,Provide error message,4,30,0,1,1.0,0.8,0.888888888888889,0.8798826901281197,0.9
Gemini,examples,validated_paths10_thr0.5,SpotifyCares,Provide spotify version,2,31,2,0,0.5,1.0,0.6666666666666666,0.6853444168423419,0.9696969696969697
Gemini,examples,validated_paths10_thr0.5,SpotifyCares,Provide username,0,35,0,0,0.0,0.0,0.0,0.0,0.5
Gemini,examples,validated_paths10_thr0.5,SpotifyCares,Refer to specialist team,0,27,1,0,0.0,0.0,0.0,0.0,0.48214285714285715
Gemini,examples,validated_paths10_thr0.5,SpotifyCares,Reinstall the app,1,34,0,0,1.0,1.0,1.0,1.0,1.0
Gemini,examples,validated_paths10_thr0.5,SpotifyCares,Request DM,2,21,0,5,1.0,0.2857142857142857,0.4444444444444445,0.48038446141526137,0.6428571428571428
Gemini,examples,validated_paths10_thr0.5,SpotifyCares,Request OS version,3,25,0,0,1.0,1.0,1.0,1.0,1.0
Gemini,examples,validated_paths10_thr0.5,SpotifyCares,Request Spotify version,4,24,0,0,1.0,1.0,1.0,1.0,1.0
Gemini,examples,validated_paths10_thr0.5,SpotifyCares,Request device restart,3,25,0,0,1.0,1.0,1.0,1.0,1.0
Gemini,examples,validated_paths10_thr0.5,SpotifyCares,Request device version,4,24,0,0,1.0,1.0,1.0,1.0,1.0
Gemini,examples,validated_paths10_thr0.5,SpotifyCares,Request email address,6,22,0,0,1.0,1.0,1.0,1.0,1.0
Gemini,examples,validated_paths10_thr0.5,SpotifyCares,Request error message,3,25,0,0,1.0,1.0,1.0,1.0,1.0
Gemini,examples,validated_paths10_thr0.5,SpotifyCares,Request exact issue description,1,26,1,0,0.5,1.0,0.6666666666666666,0.693888666488711,0.9814814814814814
Gemini,examples,validated_paths10_thr0.5,SpotifyCares,Request login,3,25,0,0,1.0,1.0,1.0,1.0,1.0
Gemini,examples,validated_paths10_thr0.5,SpotifyCares,Request logout,3,25,0,0,1.0,1.0,1.0,1.0,1.0
Gemini,examples,validated_paths10_thr0.5,SpotifyCares,Request reinstall the app,2,26,0,0,1.0,1.0,1.0,1.0,1.0
Gemini,examples,validated_paths10_thr0.5,SpotifyCares,Request username,5,23,0,0,1.0,1.0,1.0,1.0,1.0
Gemini,examples,validated_paths10_thr0.5,SpotifyCares,Restart device,2,31,2,0,0.5,1.0,0.6666666666666666,0.6853444168423419,0.9696969696969697
Gemini,examples,validated_paths10_thr0.5,SpotifyCares,Song/Artist,5,26,4,0,0.5555555555555556,1.0,0.7142857142857143,0.693888666488711,0.9333333333333333
Gemini,examples,validated_paths10_thr0.5,SpotifyCares,Student Subscription,2,33,0,0,1.0,1.0,1.0,1.0,1.0
Gemini,examples,validated_paths10_thr0.6,AmazonHelp,Account,2,16,2,0,0.5,1.0,0.6666666666666666,0.6666666666666666,0.9444444444444444
Gemini,examples,validated_paths10_thr0.6,AmazonHelp,Alexa,2,18,0,0,1.0,1.0,1.0,1.0,1.0
Gemini,examples,validated_paths10_thr0.6,AmazonHelp,Apologize,8,11,0,0,1.0,1.0,1.0,1.0,1.0
Gemini,examples,validated_paths10_thr0.6,AmazonHelp,Bad Support,2,15,2,1,0.5,0.6666666666666666,0.5714285714285715,0.4900980294098034,0.7745098039215685
Gemini,examples,validated_paths10_thr0.6,AmazonHelp,Delivery,6,12,1,1,0.8571428571428571,0.8571428571428571,0.8571428571428571,0.7802197802197802,0.8901098901098901
Gemini,examples,validated_paths10_thr0.6,AmazonHelp,Echo,3,17,0,0,1.0,1.0,1.0,1.0,1.0
Gemini,examples,validated_paths10_thr0.6,AmazonHelp,Investigate Issue,7,9,2,1,0.7777777777777778,0.875,0.823529411764706,0.6854365268376295,0.8465909090909092
Gemini,examples,validated_paths10_thr0.6,AmazonHelp,Kindle,0,20,0,0,0.0,0.0,0.0,0.0,0.5
Gemini,examples,validated_paths10_thr0.6,AmazonHelp,Order Cancellation,1,19,0,0,1.0,1.0,1.0,1.0,1.0
Gemini,examples,validated_paths10_thr0.6,AmazonHelp,Packaging,1,19,0,0,1.0,1.0,1.0,1.0,1.0
Gemini,examples,validated_paths10_thr0.6,AmazonHelp,Prime,7,13,0,0,1.0,1.0,1.0,1.0,1.0
Gemini,examples,validated_paths10_thr0.6,AmazonHelp,Provide URL,13,6,0,0,1.0,1.0,1.0,1.0,1.0
Gemini,examples,validated_paths10_thr0.6,AmazonHelp,Provide delivery date,1,17,0,1,1.0,0.5,0.6666666666666666,0.6871842709362768,0.75
Gemini,examples,validated_paths10_thr0.6,AmazonHelp,Refer to specialist team,2,17,0,0,1.0,1.0,1.0,1.0,1.0
Gemini,examples,validated_paths10_thr0.6,AmazonHelp,Refund,0,20,0,0,0.0,0.0,0.0,0.0,0.5
Gemini,examples,validated_paths10_thr0.6,AmazonHelp,Replacement,0,20,0,0,0.0,0.0,0.0,0.0,0.5
Gemini,examples,validated_paths10_thr0.6,AmazonHelp,Request to call by phone,3,16,0,0,1.0,1.0,1.0,1.0,1.0
Gemini,examples,validated_paths10_thr0.6,AmazonHelp,Request to not send personal details,1,18,0,0,1.0,1.0,1.0,1.0,1.0
Gemini,examples,validated_paths10_thr0.6,AmazonHelp,Request to reach out by chat,2,17,0,0,1.0,1.0,1.0,1.0,1.0
Gemini,examples,validated_paths10_thr0.6,AmazonHelp,Return,2,18,0,0,1.0,1.0,1.0,1.0,1.0
Gemini,examples,validated_paths10_thr0.6,AppleSupport,Battery,6,24,1,0,0.8571428571428571,1.0,0.923076923076923,0.9071147352221454,0.98
Gemini,examples,validated_paths10_thr0.6,AppleSupport,Investigate issue,12,6,5,4,0.7058823529411765,0.75,0.7272727272727272,0.3006232385408722,0.6477272727272727
Gemini,examples,validated_paths10_thr0.6,AppleSupport,Mac,3,27,1,0,0.75,1.0,0.8571428571428571,0.8504200642707612,0.9821428571428572
Gemini,examples,validated_paths10_thr0.6,AppleSupport,Provide URL,16,11,0,0,1.0,1.0,1.0,1.0,1.0
Gemini,examples,validated_paths10_thr0.6,AppleSupport,Provide device model,6,25,0,0,1.0,1.0,1.0,1.0,1.0
Gemini,examples,validated_paths10_thr0.6,AppleSupport,Provide system version,10,21,0,0,1.0,1.0,1.0,1.0,1.0
Gemini,examples,validated_paths10_thr0.6,AppleSupport,Recommend backing up,0,27,0,0,0.0,0.0,0.0,0.0,0.5
Gemini,examples,validated_paths10_thr0.6,AppleSupport,Recommend updating,0,27,0,0,0.0,0.0,0.0,0.0,0.5
Gemini,examples,validated_paths10_thr0.6,AppleSupport,Refer to specialist team,0,27,0,0,0.0,0.0,0.0,0.0,0.5
Gemini,examples,validated_paths10_thr0.6,AppleSupport,Refund,2,29,0,0,1.0,1.0,1.0,1.0,1.0
Gemini,examples,validated_paths10_thr0.6,AppleSupport,Request DM,12,15,0,0,1.0,1.0,1.0,1.0,1.0
Gemini,examples,validated_paths10_thr0.6,AppleSupport,Request country,0,27,0,0,0.0,0.0,0.0,0.0,0.5
Gemini,examples,validated_paths10_thr0.6,AppleSupport,Request device model,3,24,0,0,1.0,1.0,1.0,1.0,1.0
Gemini,examples,validated_paths10_thr0.6,AppleSupport,Request device restart,1,26,0,0,1.0,1.0,1.0,1.0,1.0
Gemini,examples,validated_paths10_thr0.6,AppleSupport,Request iOS version,8,19,0,0,1.0,1.0,1.0,1.0,1.0
Gemini,examples,validated_paths10_thr0.6,AppleSupport,Restart device,3,28,0,0,1.0,1.0,1.0,1.0,1.0
Gemini,examples,validated_paths10_thr0.6,AppleSupport,Software/App,10,18,3,0,0.7692307692307693,1.0,0.8695652173913044,0.8119979429411502,0.9285714285714286
Gemini,examples,validated_paths10_thr0.6,AppleSupport,TV,0,31,0,0,0.0,0.0,0.0,0.0,0.5
Gemini,examples,validated_paths10_thr0.6,AppleSupport,Unresponsive/Freezing Device,5,22,4,0,0.5555555555555556,1.0,0.7142857142857143,0.6856277926728687,0.9230769230769231
Gemini,examples,validated_paths10_thr0.6,AppleSupport,Update,14,16,1,0,0.9333333333333333,1.0,0.9655172413793104,0.9372466978064098,0.9705882352941176
Gemini,examples,validated_paths10_thr0.6,AppleSupport,iPad,0,31,0,0,0.0,0.0,0.0,0.0,0.5
Gemini,examples,validated_paths10_thr0.6,AppleSupport,iPhone,10,16,5,0,0.6666666666666666,1.0,0.8,0.7126966450997984,0.8809523809523809
Gemini,examples,validated_paths10_thr0.6,SpotifyCares,Account,6,28,1,0,0.8571428571428571,1.0,0.923076923076923,0.909717652294684,0.9827586206896552
Gemini,examples,validated_paths10_thr0.6,SpotifyCares,Advertisement,2,33,0,0,1.0,1.0,1.0,1.0,1.0
Gemini,examples,validated_paths10_thr0.6,SpotifyCares,App,8,22,4,1,0.6666666666666666,0.8888888888888888,0.761904761904762,0.6768087693315028,0.8675213675213675
Gemini,examples,validated_paths10_thr0.6,SpotifyCares,Billing/Payment,7,27,1,0,0.875,1.0,0.9333333333333333,0.9185586535436918,0.9821428571428572
Gemini,examples,validated_paths10_thr0.6,SpotifyCares,Family Subscription,1,34,0,0,1.0,1.0,1.0,1.0,1.0
Gemini,examples,validated_paths10_thr0.6,SpotifyCares,Hulu,1,34,0,0,1.0,1.0,1.0,1.0,1.0
Gemini,examples,validated_paths10_thr0.6,SpotifyCares,Login,4,28,3,0,0.5714285714285714,1.0,0.7272727272727273,0.7184212081070996,0.9516129032258065
Gemini,examples,validated_paths10_thr0.6,SpotifyCares,Logout,2,30,3,0,0.4,1.0,0.5714285714285715,0.6030226891555273,0.9545454545454546
Gemini,examples,validated_paths10_thr0.6,SpotifyCares,Offer further help,4,23,1,0,0.8,1.0,0.888888888888889,0.8755950357709131,0.9791666666666667
Gemini,examples,validated_paths10_thr0.6,SpotifyCares,Playlist,2,33,0,0,1.0,1.0,1.0,1.0,1.0
Gemini,examples,validated_paths10_thr0.6,SpotifyCares,Premium,2,32,1,0,0.6666666666666666,1.0,0.8,0.8040302522073697,0.9848484848484849
Gemini,examples,validated_paths10_thr0.6,SpotifyCares,Provide OS version,2,33,0,0,1.0,1.0,1.0,1.0,1.0
Gemini,examples,validated_paths10_thr0.6,SpotifyCares,Provide URL,13,15,0,0,1.0,1.0,1.0,1.0,1.0
Gemini,examples,validated_paths10_thr0.6,SpotifyCares,Provide device model,3,29,2,1,0.6,0.75,0.6666666666666665,0.6232502388407515,0.842741935483871
Gemini,examples,validated_paths10_thr0.6,SpotifyCares,Provide email address,0,35,0,0,0.0,0.0,0.0,0.0,0.5
Gemini,examples,validated_paths10_thr0.6,SpotifyCares,Provide error message,4,30,0,1,1.0,0.8,0.888888888888889,0.8798826901281197,0.9
Gemini,examples,validated_paths10_thr0.6,SpotifyCares,Provide spotify version,2,31,2,0,0.5,1.0,0.6666666666666666,0.6853444168423419,0.9696969696969697
Gemini,examples,validated_paths10_thr0.6,SpotifyCares,Provide username,0,35,0,0,0.0,0.0,0.0,0.0,0.5
Gemini,examples,validated_paths10_thr0.6,SpotifyCares,Refer to specialist team,0,27,1,0,0.0,0.0,0.0,0.0,0.48214285714285715
Gemini,examples,validated_paths10_thr0.6,SpotifyCares,Reinstall the app,1,34,0,0,1.0,1.0,1.0,1.0,1.0
Gemini,examples,validated_paths10_thr0.6,SpotifyCares,Request DM,2,21,0,5,1.0,0.2857142857142857,0.4444444444444445,0.48038446141526137,0.6428571428571428
Gemini,examples,validated_paths10_thr0.6,SpotifyCares,Request OS version,3,25,0,0,1.0,1.0,1.0,1.0,1.0
Gemini,examples,validated_paths10_thr0.6,SpotifyCares,Request Spotify version,4,24,0,0,1.0,1.0,1.0,1.0,1.0
Gemini,examples,validated_paths10_thr0.6,SpotifyCares,Request device restart,3,25,0,0,1.0,1.0,1.0,1.0,1.0
Gemini,examples,validated_paths10_thr0.6,SpotifyCares,Request device version,4,24,0,0,1.0,1.0,1.0,1.0,1.0
Gemini,examples,validated_paths10_thr0.6,SpotifyCares,Request email address,6,22,0,0,1.0,1.0,1.0,1.0,1.0
Gemini,examples,validated_paths10_thr0.6,SpotifyCares,Request error message,3,25,0,0,1.0,1.0,1.0,1.0,1.0
Gemini,examples,validated_paths10_thr0.6,SpotifyCares,Request exact issue description,1,26,1,0,0.5,1.0,0.6666666666666666,0.693888666488711,0.9814814814814814
Gemini,examples,validated_paths10_thr0.6,SpotifyCares,Request login,3,25,0,0,1.0,1.0,1.0,1.0,1.0
Gemini,examples,validated_paths10_thr0.6,SpotifyCares,Request logout,3,25,0,0,1.0,1.0,1.0,1.0,1.0
Gemini,examples,validated_paths10_thr0.6,SpotifyCares,Request reinstall the app,2,26,0,0,1.0,1.0,1.0,1.0,1.0
Gemini,examples,validated_paths10_thr0.6,SpotifyCares,Request username,5,23,0,0,1.0,1.0,1.0,1.0,1.0
Gemini,examples,validated_paths10_thr0.6,SpotifyCares,Restart device,2,31,2,0,0.5,1.0,0.6666666666666666,0.6853444168423419,0.9696969696969697
Gemini,examples,validated_paths10_thr0.6,SpotifyCares,Song/Artist,5,26,4,0,0.5555555555555556,1.0,0.7142857142857143,0.693888666488711,0.9333333333333333
Gemini,examples,validated_paths10_thr0.6,SpotifyCares,Student Subscription,2,33,0,0,1.0,1.0,1.0,1.0,1.0
Gemini,examples,validated_paths10_thr0.7,AmazonHelp,Account,2,16,2,0,0.5,1.0,0.6666666666666666,0.6666666666666666,0.9444444444444444
Gemini,examples,validated_paths10_thr0.7,AmazonHelp,Alexa,2,18,0,0,1.0,1.0,1.0,1.0,1.0
Gemini,examples,validated_paths10_thr0.7,AmazonHelp,Apologize,8,11,0,0,1.0,1.0,1.0,1.0,1.0
Gemini,examples,validated_paths10_thr0.7,AmazonHelp,Bad Support,2,15,2,1,0.5,0.6666666666666666,0.5714285714285715,0.4900980294098034,0.7745098039215685
Gemini,examples,validated_paths10_thr0.7,AmazonHelp,Delivery,6,12,1,1,0.8571428571428571,0.8571428571428571,0.8571428571428571,0.7802197802197802,0.8901098901098901
Gemini,examples,validated_paths10_thr0.7,AmazonHelp,Echo,3,17,0,0,1.0,1.0,1.0,1.0,1.0
Gemini,examples,validated_paths10_thr0.7,AmazonHelp,Investigate Issue,7,9,2,1,0.7777777777777778,0.875,0.823529411764706,0.6854365268376295,0.8465909090909092
Gemini,examples,validated_paths10_thr0.7,AmazonHelp,Kindle,0,20,0,0,0.0,0.0,0.0,0.0,0.5
Gemini,examples,validated_paths10_thr0.7,AmazonHelp,Order Cancellation,1,19,0,0,1.0,1.0,1.0,1.0,1.0
Gemini,examples,validated_paths10_thr0.7,AmazonHelp,Packaging,1,19,0,0,1.0,1.0,1.0,1.0,1.0
Gemini,examples,validated_paths10_thr0.7,AmazonHelp,Prime,7,13,0,0,1.0,1.0,1.0,1.0,1.0
Gemini,examples,validated_paths10_thr0.7,AmazonHelp,Provide URL,13,6,0,0,1.0,1.0,1.0,1.0,1.0
Gemini,examples,validated_paths10_thr0.7,AmazonHelp,Provide delivery date,1,17,0,1,1.0,0.5,0.6666666666666666,0.6871842709362768,0.75
Gemini,examples,validated_paths10_thr0.7,AmazonHelp,Refer to specialist team,2,17,0,0,1.0,1.0,1.0,1.0,1.0
Gemini,examples,validated_paths10_thr0.7,AmazonHelp,Refund,0,20,0,0,0.0,0.0,0.0,0.0,0.5
Gemini,examples,validated_paths10_thr0.7,AmazonHelp,Replacement,0,20,0,0,0.0,0.0,0.0,0.0,0.5
Gemini,examples,validated_paths10_thr0.7,AmazonHelp,Request to call by phone,3,16,0,0,1.0,1.0,1.0,1.0,1.0
Gemini,examples,validated_paths10_thr0.7,AmazonHelp,Request to not send personal details,1,18,0,0,1.0,1.0,1.0,1.0,1.0
Gemini,examples,validated_paths10_thr0.7,AmazonHelp,Request to reach out by chat,2,17,0,0,1.0,1.0,1.0,1.0,1.0
Gemini,examples,validated_paths10_thr0.7,AmazonHelp,Return,2,18,0,0,1.0,1.0,1.0,1.0,1.0
Gemini,examples,validated_paths10_thr0.7,AppleSupport,Battery,6,24,1,0,0.8571428571428571,1.0,0.923076923076923,0.9071147352221454,0.98
Gemini,examples,validated_paths10_thr0.7,AppleSupport,Investigate issue,12,6,5,4,0.7058823529411765,0.75,0.7272727272727272,0.3006232385408722,0.6477272727272727
Gemini,examples,validated_paths10_thr0.7,AppleSupport,Mac,3,27,1,0,0.75,1.0,0.8571428571428571,0.8504200642707612,0.9821428571428572
Gemini,examples,validated_paths10_thr0.7,AppleSupport,Provide URL,16,11,0,0,1.0,1.0,1.0,1.0,1.0
Gemini,examples,validated_paths10_thr0.7,AppleSupport,Provide device model,6,25,0,0,1.0,1.0,1.0,1.0,1.0
Gemini,examples,validated_paths10_thr0.7,AppleSupport,Provide system version,10,21,0,0,1.0,1.0,1.0,1.0,1.0
Gemini,examples,validated_paths10_thr0.7,AppleSupport,Recommend backing up,0,27,0,0,0.0,0.0,0.0,0.0,0.5
Gemini,examples,validated_paths10_thr0.7,AppleSupport,Recommend updating,0,27,0,0,0.0,0.0,0.0,0.0,0.5
Gemini,examples,validated_paths10_thr0.7,AppleSupport,Refer to specialist team,0,27,0,0,0.0,0.0,0.0,0.0,0.5
Gemini,examples,validated_paths10_thr0.7,AppleSupport,Refund,2,29,0,0,1.0,1.0,1.0,1.0,1.0
Gemini,examples,validated_paths10_thr0.7,AppleSupport,Request DM,12,15,0,0,1.0,1.0,1.0,1.0,1.0
Gemini,examples,validated_paths10_thr0.7,AppleSupport,Request country,0,27,0,0,0.0,0.0,0.0,0.0,0.5
Gemini,examples,validated_paths10_thr0.7,AppleSupport,Request device model,3,24,0,0,1.0,1.0,1.0,1.0,1.0
Gemini,examples,validated_paths10_thr0.7,AppleSupport,Request device restart,1,26,0,0,1.0,1.0,1.0,1.0,1.0
Gemini,examples,validated_paths10_thr0.7,AppleSupport,Request iOS version,8,19,0,0,1.0,1.0,1.0,1.0,1.0
Gemini,examples,validated_paths10_thr0.7,AppleSupport,Restart device,3,28,0,0,1.0,1.0,1.0,1.0,1.0
Gemini,examples,validated_paths10_thr0.7,AppleSupport,Software/App,10,18,3,0,0.7692307692307693,1.0,0.8695652173913044,0.8119979429411502,0.9285714285714286
Gemini,examples,validated_paths10_thr0.7,AppleSupport,TV,0,31,0,0,0.0,0.0,0.0,0.0,0.5
Gemini,examples,validated_paths10_thr0.7,AppleSupport,Unresponsive/Freezing Device,5,22,4,0,0.5555555555555556,1.0,0.7142857142857143,0.6856277926728687,0.9230769230769231
Gemini,examples,validated_paths10_thr0.7,AppleSupport,Update,14,16,1,0,0.9333333333333333,1.0,0.9655172413793104,0.9372466978064098,0.9705882352941176
Gemini,examples,validated_paths10_thr0.7,AppleSupport,iPad,0,31,0,0,0.0,0.0,0.0,0.0,0.5
Gemini,examples,validated_paths10_thr0.7,AppleSupport,iPhone,10,16,5,0,0.6666666666666666,1.0,0.8,0.7126966450997984,0.8809523809523809
Gemini,examples,validated_paths10_thr0.7,SpotifyCares,Account,6,28,1,0,0.8571428571428571,1.0,0.923076923076923,0.909717652294684,0.9827586206896552
Gemini,examples,validated_paths10_thr0.7,SpotifyCares,Advertisement,2,33,0,0,1.0,1.0,1.0,1.0,1.0
Gemini,examples,validated_paths10_thr0.7,SpotifyCares,App,8,22,4,1,0.6666666666666666,0.8888888888888888,0.761904761904762,0.6768087693315028,0.8675213675213675
Gemini,examples,validated_paths10_thr0.7,SpotifyCares,Billing/Payment,7,27,1,0,0.875,1.0,0.9333333333333333,0.9185586535436918,0.9821428571428572
Gemini,examples,validated_paths10_thr0.7,SpotifyCares,Family Subscription,1,34,0,0,1.0,1.0,1.0,1.0,1.0
Gemini,examples,validated_paths10_thr0.7,SpotifyCares,Hulu,1,34,0,0,1.0,1.0,1.0,1.0,1.0
Gemini,examples,validated_paths10_thr0.7,SpotifyCares,Login,4,28,3,0,0.5714285714285714,1.0,0.7272727272727273,0.7184212081070996,0.9516129032258065
Gemini,examples,validated_paths10_thr0.7,SpotifyCares,Logout,2,30,3,0,0.4,1.0,0.5714285714285715,0.6030226891555273,0.9545454545454546
Gemini,examples,validated_paths10_thr0.7,SpotifyCares,Offer further help,4,23,1,0,0.8,1.0,0.888888888888889,0.8755950357709131,0.9791666666666667
Gemini,examples,validated_paths10_thr0.7,SpotifyCares,Playlist,2,33,0,0,1.0,1.0,1.0,1.0,1.0
Gemini,examples,validated_paths10_thr0.7,SpotifyCares,Premium,2,32,1,0,0.6666666666666666,1.0,0.8,0.8040302522073697,0.9848484848484849
Gemini,examples,validated_paths10_thr0.7,SpotifyCares,Provide OS version,2,33,0,0,1.0,1.0,1.0,1.0,1.0
Gemini,examples,validated_paths10_thr0.7,SpotifyCares,Provide URL,13,15,0,0,1.0,1.0,1.0,1.0,1.0
Gemini,examples,validated_paths10_thr0.7,SpotifyCares,Provide device model,3,29,2,1,0.6,0.75,0.6666666666666665,0.6232502388407515,0.842741935483871
Gemini,examples,validated_paths10_thr0.7,SpotifyCares,Provide email address,0,35,0,0,0.0,0.0,0.0,0.0,0.5
Gemini,examples,validated_paths10_thr0.7,SpotifyCares,Provide error message,4,30,0,1,1.0,0.8,0.888888888888889,0.8798826901281197,0.9
Gemini,examples,validated_paths10_thr0.7,SpotifyCares,Provide spotify version,2,31,2,0,0.5,1.0,0.6666666666666666,0.6853444168423419,0.9696969696969697
Gemini,examples,validated_paths10_thr0.7,SpotifyCares,Provide username,0,35,0,0,0.0,0.0,0.0,0.0,0.5
Gemini,examples,validated_paths10_thr0.7,SpotifyCares,Refer to specialist team,0,27,1,0,0.0,0.0,0.0,0.0,0.48214285714285715
Gemini,examples,validated_paths10_thr0.7,SpotifyCares,Reinstall the app,1,34,0,0,1.0,1.0,1.0,1.0,1.0
Gemini,examples,validated_paths10_thr0.7,SpotifyCares,Request DM,2,21,0,5,1.0,0.2857142857142857,0.4444444444444445,0.48038446141526137,0.6428571428571428
Gemini,examples,validated_paths10_thr0.7,SpotifyCares,Request OS version,3,25,0,0,1.0,1.0,1.0,1.0,1.0
Gemini,examples,validated_paths10_thr0.7,SpotifyCares,Request Spotify version,4,24,0,0,1.0,1.0,1.0,1.0,1.0
Gemini,examples,validated_paths10_thr0.7,SpotifyCares,Request device restart,3,25,0,0,1.0,1.0,1.0,1.0,1.0
Gemini,examples,validated_paths10_thr0.7,SpotifyCares,Request device version,4,24,0,0,1.0,1.0,1.0,1.0,1.0
Gemini,examples,validated_paths10_thr0.7,SpotifyCares,Request email address,6,22,0,0,1.0,1.0,1.0,1.0,1.0
Gemini,examples,validated_paths10_thr0.7,SpotifyCares,Request error message,3,25,0,0,1.0,1.0,1.0,1.0,1.0
Gemini,examples,validated_paths10_thr0.7,SpotifyCares,Request exact issue description,1,26,1,0,0.5,1.0,0.6666666666666666,0.693888666488711,0.9814814814814814
Gemini,examples,validated_paths10_thr0.7,SpotifyCares,Request login,3,25,0,0,1.0,1.0,1.0,1.0,1.0
Gemini,examples,validated_paths10_thr0.7,SpotifyCares,Request logout,3,25,0,0,1.0,1.0,1.0,1.0,1.0
Gemini,examples,validated_paths10_thr0.7,SpotifyCares,Request reinstall the app,2,26,0,0,1.0,1.0,1.0,1.0,1.0
Gemini,examples,validated_paths10_thr0.7,SpotifyCares,Request username,5,23,0,0,1.0,1.0,1.0,1.0,1.0
Gemini,examples,validated_paths10_thr0.7,SpotifyCares,Restart device,2,31,2,0,0.5,1.0,0.6666666666666666,0.6853444168423419,0.9696969696969697
Gemini,examples,validated_paths10_thr0.7,SpotifyCares,Song/Artist,5,27,3,0,0.625,1.0,0.7692307692307693,0.75,0.95
Gemini,examples,validated_paths10_thr0.7,SpotifyCares,Student Subscription,2,33,0,0,1.0,1.0,1.0,1.0,1.0
Gemini,examples,validated_paths10_thr0.8,AmazonHelp,Account,2,16,2,0,0.5,1.0,0.6666666666666666,0.6666666666666666,0.9444444444444444
Gemini,examples,validated_paths10_thr0.8,AmazonHelp,Alexa,2,18,0,0,1.0,1.0,1.0,1.0,1.0
Gemini,examples,validated_paths10_thr0.8,AmazonHelp,Apologize,8,11,0,0,1.0,1.0,1.0,1.0,1.0
Gemini,examples,validated_paths10_thr0.8,AmazonHelp,Bad Support,2,15,2,1,0.5,0.6666666666666666,0.5714285714285715,0.4900980294098034,0.7745098039215685
Gemini,examples,validated_paths10_thr0.8,AmazonHelp,Delivery,6,12,1,1,0.8571428571428571,0.8571428571428571,0.8571428571428571,0.7802197802197802,0.8901098901098901
Gemini,examples,validated_paths10_thr0.8,AmazonHelp,Echo,3,17,0,0,1.0,1.0,1.0,1.0,1.0
Gemini,examples,validated_paths10_thr0.8,AmazonHelp,Investigate Issue,7,9,2,1,0.7777777777777778,0.875,0.823529411764706,0.6854365268376295,0.8465909090909092
Gemini,examples,validated_paths10_thr0.8,AmazonHelp,Kindle,0,20,0,0,0.0,0.0,0.0,0.0,0.5
Gemini,examples,validated_paths10_thr0.8,AmazonHelp,Order Cancellation,1,19,0,0,1.0,1.0,1.0,1.0,1.0
Gemini,examples,validated_paths10_thr0.8,AmazonHelp,Packaging,1,19,0,0,1.0,1.0,1.0,1.0,1.0
Gemini,examples,validated_paths10_thr0.8,AmazonHelp,Prime,7,13,0,0,1.0,1.0,1.0,1.0,1.0
Gemini,examples,validated_paths10_thr0.8,AmazonHelp,Provide URL,13,6,0,0,1.0,1.0,1.0,1.0,1.0
Gemini,examples,validated_paths10_thr0.8,AmazonHelp,Provide delivery date,1,17,0,1,1.0,0.5,0.6666666666666666,0.6871842709362768,0.75
Gemini,examples,validated_paths10_thr0.8,AmazonHelp,Refer to specialist team,2,17,0,0,1.0,1.0,1.0,1.0,1.0
Gemini,examples,validated_paths10_thr0.8,AmazonHelp,Refund,0,20,0,0,0.0,0.0,0.0,0.0,0.5
Gemini,examples,validated_paths10_thr0.8,AmazonHelp,Replacement,0,20,0,0,0.0,0.0,0.0,0.0,0.5
Gemini,examples,validated_paths10_thr0.8,AmazonHelp,Request to call by phone,3,16,0,0,1.0,1.0,1.0,1.0,1.0
Gemini,examples,validated_paths10_thr0.8,AmazonHelp,Request to not send personal details,1,18,0,0,1.0,1.0,1.0,1.0,1.0
Gemini,examples,validated_paths10_thr0.8,AmazonHelp,Request to reach out by chat,2,17,0,0,1.0,1.0,1.0,1.0,1.0
Gemini,examples,validated_paths10_thr0.8,AmazonHelp,Return,2,18,0,0,1.0,1.0,1.0,1.0,1.0
Gemini,examples,validated_paths10_thr0.8,AppleSupport,Battery,6,24,1,0,0.8571428571428571,1.0,0.923076923076923,0.9071147352221454,0.98
Gemini,examples,validated_paths10_thr0.8,AppleSupport,Investigate issue,12,6,5,4,0.7058823529411765,0.75,0.7272727272727272,0.3006232385408722,0.6477272727272727
Gemini,examples,validated_paths10_thr0.8,AppleSupport,Mac,3,27,1,0,0.75,1.0,0.8571428571428571,0.8504200642707612,0.9821428571428572
Gemini,examples,validated_paths10_thr0.8,AppleSupport,Provide URL,16,11,0,0,1.0,1.0,1.0,1.0,1.0
Gemini,examples,validated_paths10_thr0.8,AppleSupport,Provide device model,6,25,0,0,1.0,1.0,1.0,1.0,1.0
Gemini,examples,validated_paths10_thr0.8,AppleSupport,Provide system version,10,21,0,0,1.0,1.0,1.0,1.0,1.0
Gemini,examples,validated_paths10_thr0.8,AppleSupport,Recommend backing up,0,27,0,0,0.0,0.0,0.0,0.0,0.5
Gemini,examples,validated_paths10_thr0.8,AppleSupport,Recommend updating,0,27,0,0,0.0,0.0,0.0,0.0,0.5
Gemini,examples,validated_paths10_thr0.8,AppleSupport,Refer to specialist team,0,27,0,0,0.0,0.0,0.0,0.0,0.5
Gemini,examples,validated_paths10_thr0.8,AppleSupport,Refund,2,29,0,0,1.0,1.0,1.0,1.0,1.0
Gemini,examples,validated_paths10_thr0.8,AppleSupport,Request DM,12,15,0,0,1.0,1.0,1.0,1.0,1.0
Gemini,examples,validated_paths10_thr0.8,AppleSupport,Request country,0,27,0,0,0.0,0.0,0.0,0.0,0.5
Gemini,examples,validated_paths10_thr0.8,AppleSupport,Request device model,3,24,0,0,1.0,1.0,1.0,1.0,1.0
Gemini,examples,validated_paths10_thr0.8,AppleSupport,Request device restart,1,26,0,0,1.0,1.0,1.0,1.0,1.0
Gemini,examples,validated_paths10_thr0.8,AppleSupport,Request iOS version,8,19,0,0,1.0,1.0,1.0,1.0,1.0
Gemini,examples,validated_paths10_thr0.8,AppleSupport,Restart device,3,28,0,0,1.0,1.0,1.0,1.0,1.0
Gemini,examples,validated_paths10_thr0.8,AppleSupport,Software/App,10,18,3,0,0.7692307692307693,1.0,0.8695652173913044,0.8119979429411502,0.9285714285714286
Gemini,examples,validated_paths10_thr0.8,AppleSupport,TV,0,31,0,0,0.0,0.0,0.0,0.0,0.5
Gemini,examples,validated_paths10_thr0.8,AppleSupport,Unresponsive/Freezing Device,5,22,4,0,0.5555555555555556,1.0,0.7142857142857143,0.6856277926728687,0.9230769230769231
Gemini,examples,validated_paths10_thr0.8,AppleSupport,Update,14,16,1,0,0.9333333333333333,1.0,0.9655172413793104,0.9372466978064098,0.9705882352941176
Gemini,examples,validated_paths10_thr0.8,AppleSupport,iPad,0,31,0,0,0.0,0.0,0.0,0.0,0.5
Gemini,examples,validated_paths10_thr0.8,AppleSupport,iPhone,10,16,5,0,0.6666666666666666,1.0,0.8,0.7126966450997984,0.8809523809523809
Gemini,examples,validated_paths10_thr0.8,SpotifyCares,Account,6,28,1,0,0.8571428571428571,1.0,0.923076923076923,0.909717652294684,0.9827586206896552
Gemini,examples,validated_paths10_thr0.8,SpotifyCares,Advertisement,2,33,0,0,1.0,1.0,1.0,1.0,1.0
Gemini,examples,validated_paths10_thr0.8,SpotifyCares,App,8,22,4,1,0.6666666666666666,0.8888888888888888,0.761904761904762,0.6768087693315028,0.8675213675213675
Gemini,examples,validated_paths10_thr0.8,SpotifyCares,Billing/Payment,7,27,1,0,0.875,1.0,0.9333333333333333,0.9185586535436918,0.9821428571428572
Gemini,examples,validated_paths10_thr0.8,SpotifyCares,Family Subscription,1,34,0,0,1.0,1.0,1.0,1.0,1.0
Gemini,examples,validated_paths10_thr0.8,SpotifyCares,Hulu,1,34,0,0,1.0,1.0,1.0,1.0,1.0
Gemini,examples,validated_paths10_thr0.8,SpotifyCares,Login,4,28,3,0,0.5714285714285714,1.0,0.7272727272727273,0.7184212081070996,0.9516129032258065
Gemini,examples,validated_paths10_thr0.8,SpotifyCares,Logout,2,30,3,0,0.4,1.0,0.5714285714285715,0.6030226891555273,0.9545454545454546
Gemini,examples,validated_paths10_thr0.8,SpotifyCares,Offer further help,4,23,1,0,0.8,1.0,0.888888888888889,0.8755950357709131,0.9791666666666667
Gemini,examples,validated_paths10_thr0.8,SpotifyCares,Playlist,2,33,0,0,1.0,1.0,1.0,1.0,1.0
Gemini,examples,validated_paths10_thr0.8,SpotifyCares,Premium,2,32,1,0,0.6666666666666666,1.0,0.8,0.8040302522073697,0.9848484848484849
Gemini,examples,validated_paths10_thr0.8,SpotifyCares,Provide OS version,2,33,0,0,1.0,1.0,1.0,1.0,1.0
Gemini,examples,validated_paths10_thr0.8,SpotifyCares,Provide URL,13,15,0,0,1.0,1.0,1.0,1.0,1.0
Gemini,examples,validated_paths10_thr0.8,SpotifyCares,Provide device model,3,29,2,1,0.6,0.75,0.6666666666666665,0.6232502388407515,0.842741935483871
Gemini,examples,validated_paths10_thr0.8,SpotifyCares,Provide email address,0,35,0,0,0.0,0.0,0.0,0.0,0.5
Gemini,examples,validated_paths10_thr0.8,SpotifyCares,Provide error message,4,30,0,1,1.0,0.8,0.888888888888889,0.8798826901281197,0.9
Gemini,examples,validated_paths10_thr0.8,SpotifyCares,Provide spotify version,2,31,2,0,0.5,1.0,0.6666666666666666,0.6853444168423419,0.9696969696969697
Gemini,examples,validated_paths10_thr0.8,SpotifyCares,Provide username,0,35,0,0,0.0,0.0,0.0,0.0,0.5
Gemini,examples,validated_paths10_thr0.8,SpotifyCares,Refer to specialist team,0,27,1,0,0.0,0.0,0.0,0.0,0.48214285714285715
Gemini,examples,validated_paths10_thr0.8,SpotifyCares,Reinstall the app,1,34,0,0,1.0,1.0,1.0,1.0,1.0
Gemini,examples,validated_paths10_thr0.8,SpotifyCares,Request DM,2,21,0,5,1.0,0.2857142857142857,0.4444444444444445,0.48038446141526137,0.6428571428571428
Gemini,examples,validated_paths10_thr0.8,SpotifyCares,Request OS version,3,25,0,0,1.0,1.0,1.0,1.0,1.0
Gemini,examples,validated_paths10_thr0.8,SpotifyCares,Request Spotify version,4,24,0,0,1.0,1.0,1.0,1.0,1.0
Gemini,examples,validated_paths10_thr0.8,SpotifyCares,Request device restart,3,25,0,0,1.0,1.0,1.0,1.0,1.0
Gemini,examples,validated_paths10_thr0.8,SpotifyCares,Request device version,4,24,0,0,1.0,1.0,1.0,1.0,1.0
Gemini,examples,validated_paths10_thr0.8,SpotifyCares,Request email address,6,22,0,0,1.0,1.0,1.0,1.0,1.0
Gemini,examples,validated_paths10_thr0.8,SpotifyCares,Request error message,3,25,0,0,1.0,1.0,1.0,1.0,1.0
Gemini,examples,validated_paths10_thr0.8,SpotifyCares,Request exact issue description,1,26,1,0,0.5,1.0,0.6666666666666666,0.693888666488711,0.9814814814814814
Gemini,examples,validated_paths10_thr0.8,SpotifyCares,Request login,3,25,0,0,1.0,1.0,1.0,1.0,1.0
Gemini,examples,validated_paths10_thr0.8,SpotifyCares,Request logout,3,25,0,0,1.0,1.0,1.0,1.0,1.0
Gemini,examples,validated_paths10_thr0.8,SpotifyCares,Request reinstall the app,2,26,0,0,1.0,1.0,1.0,1.0,1.0
Gemini,examples,validated_paths10_thr0.8,SpotifyCares,Request username,5,23,0,0,1.0,1.0,1.0,1.0,1.0
Gemini,examples,validated_paths10_thr0.8,SpotifyCares,Restart device,2,31,2,0,0.5,1.0,0.6666666666666666,0.6853444168423419,0.9696969696969697
Gemini,examples,validated_paths10_thr0.8,SpotifyCares,Song/Artist,5,27,3,0,0.625,1.0,0.7692307692307693,0.75,0.95
Gemini,examples,validated_paths10_thr0.8,SpotifyCares,Student Subscription,2,33,0,0,1.0,1.0,1.0,1.0,1.0
Gemini,examples,validated_paths10_thr0.9,AmazonHelp,Account,2,16,2,0,0.5,1.0,0.6666666666666666,0.6666666666666666,0.9444444444444444
Gemini,examples,validated_paths10_thr0.9,AmazonHelp,Alexa,2,18,0,0,1.0,1.0,1.0,1.0,1.0
Gemini,examples,validated_paths10_thr0.9,AmazonHelp,Apologize,8,11,0,0,1.0,1.0,1.0,1.0,1.0
Gemini,examples,validated_paths10_thr0.9,AmazonHelp,Bad Support,2,15,2,1,0.5,0.6666666666666666,0.5714285714285715,0.4900980294098034,0.7745098039215685
Gemini,examples,validated_paths10_thr0.9,AmazonHelp,Delivery,6,12,1,1,0.8571428571428571,0.8571428571428571,0.8571428571428571,0.7802197802197802,0.8901098901098901
Gemini,examples,validated_paths10_thr0.9,AmazonHelp,Echo,3,17,0,0,1.0,1.0,1.0,1.0,1.0
Gemini,examples,validated_paths10_thr0.9,AmazonHelp,Investigate Issue,7,9,2,1,0.7777777777777778,0.875,0.823529411764706,0.6854365268376295,0.8465909090909092
Gemini,examples,validated_paths10_thr0.9,AmazonHelp,Kindle,0,20,0,0,0.0,0.0,0.0,0.0,0.5
Gemini,examples,validated_paths10_thr0.9,AmazonHelp,Order Cancellation,1,19,0,0,1.0,1.0,1.0,1.0,1.0
Gemini,examples,validated_paths10_thr0.9,AmazonHelp,Packaging,1,19,0,0,1.0,1.0,1.0,1.0,1.0
Gemini,examples,validated_paths10_thr0.9,AmazonHelp,Prime,7,13,0,0,1.0,1.0,1.0,1.0,1.0
Gemini,examples,validated_paths10_thr0.9,AmazonHelp,Provide URL,13,6,0,0,1.0,1.0,1.0,1.0,1.0
Gemini,examples,validated_paths10_thr0.9,AmazonHelp,Provide delivery date,1,17,0,1,1.0,0.5,0.6666666666666666,0.6871842709362768,0.75
Gemini,examples,validated_paths10_thr0.9,AmazonHelp,Refer to specialist team,2,17,0,0,1.0,1.0,1.0,1.0,1.0
Gemini,examples,validated_paths10_thr0.9,AmazonHelp,Refund,0,20,0,0,0.0,0.0,0.0,0.0,0.5
Gemini,examples,validated_paths10_thr0.9,AmazonHelp,Replacement,0,20,0,0,0.0,0.0,0.0,0.0,0.5
Gemini,examples,validated_paths10_thr0.9,AmazonHelp,Request to call by phone,3,16,0,0,1.0,1.0,1.0,1.0,1.0
Gemini,examples,validated_paths10_thr0.9,AmazonHelp,Request to not send personal details,1,18,0,0,1.0,1.0,1.0,1.0,1.0
Gemini,examples,validated_paths10_thr0.9,AmazonHelp,Request to reach out by chat,2,17,0,0,1.0,1.0,1.0,1.0,1.0
Gemini,examples,validated_paths10_thr0.9,AmazonHelp,Return,2,18,0,0,1.0,1.0,1.0,1.0,1.0
Gemini,examples,validated_paths10_thr0.9,AppleSupport,Battery,6,24,1,0,0.8571428571428571,1.0,0.923076923076923,0.9071147352221454,0.98
Gemini,examples,validated_paths10_thr0.9,AppleSupport,Investigate issue,12,6,5,4,0.7058823529411765,0.75,0.7272727272727272,0.3006232385408722,0.6477272727272727
Gemini,examples,validated_paths10_thr0.9,AppleSupport,Mac,3,27,1,0,0.75,1.0,0.8571428571428571,0.8504200642707612,0.9821428571428572
Gemini,examples,validated_paths10_thr0.9,AppleSupport,Provide URL,16,11,0,0,1.0,1.0,1.0,1.0,1.0
Gemini,examples,validated_paths10_thr0.9,AppleSupport,Provide device model,6,25,0,0,1.0,1.0,1.0,1.0,1.0
Gemini,examples,validated_paths10_thr0.9,AppleSupport,Provide system version,10,21,0,0,1.0,1.0,1.0,1.0,1.0
Gemini,examples,validated_paths10_thr0.9,AppleSupport,Recommend backing up,0,27,0,0,0.0,0.0,0.0,0.0,0.5
Gemini,examples,validated_paths10_thr0.9,AppleSupport,Recommend updating,0,27,0,0,0.0,0.0,0.0,0.0,0.5
Gemini,examples,validated_paths10_thr0.9,AppleSupport,Refer to specialist team,0,27,0,0,0.0,0.0,0.0,0.0,0.5
Gemini,examples,validated_paths10_thr0.9,AppleSupport,Refund,2,29,0,0,1.0,1.0,1.0,1.0,1.0
Gemini,examples,validated_paths10_thr0.9,AppleSupport,Request DM,12,15,0,0,1.0,1.0,1.0,1.0,1.0
Gemini,examples,validated_paths10_thr0.9,AppleSupport,Request country,0,27,0,0,0.0,0.0,0.0,0.0,0.5
Gemini,examples,validated_paths10_thr0.9,AppleSupport,Request device model,3,24,0,0,1.0,1.0,1.0,1.0,1.0
Gemini,examples,validated_paths10_thr0.9,AppleSupport,Request device restart,1,26,0,0,1.0,1.0,1.0,1.0,1.0
Gemini,examples,validated_paths10_thr0.9,AppleSupport,Request iOS version,8,19,0,0,1.0,1.0,1.0,1.0,1.0
Gemini,examples,validated_paths10_thr0.9,AppleSupport,Restart device,3,28,0,0,1.0,1.0,1.0,1.0,1.0
Gemini,examples,validated_paths10_thr0.9,AppleSupport,Software/App,10,18,3,0,0.7692307692307693,1.0,0.8695652173913044,0.8119979429411502,0.9285714285714286
Gemini,examples,validated_paths10_thr0.9,AppleSupport,TV,0,31,0,0,0.0,0.0,0.0,0.0,0.5
Gemini,examples,validated_paths10_thr0.9,AppleSupport,Unresponsive/Freezing Device,5,22,4,0,0.5555555555555556,1.0,0.7142857142857143,0.6856277926728687,0.9230769230769231
Gemini,examples,validated_paths10_thr0.9,AppleSupport,Update,14,16,1,0,0.9333333333333333,1.0,0.9655172413793104,0.9372466978064098,0.9705882352941176
Gemini,examples,validated_paths10_thr0.9,AppleSupport,iPad,0,31,0,0,0.0,0.0,0.0,0.0,0.5
Gemini,examples,validated_paths10_thr0.9,AppleSupport,iPhone,10,16,5,0,0.6666666666666666,1.0,0.8,0.7126966450997984,0.8809523809523809
Gemini,examples,validated_paths10_thr0.9,SpotifyCares,Account,6,28,1,0,0.8571428571428571,1.0,0.923076923076923,0.909717652294684,0.9827586206896552
Gemini,examples,validated_paths10_thr0.9,SpotifyCares,Advertisement,2,33,0,0,1.0,1.0,1.0,1.0,1.0
Gemini,examples,validated_paths10_thr0.9,SpotifyCares,App,8,22,4,1,0.6666666666666666,0.8888888888888888,0.761904761904762,0.6768087693315028,0.8675213675213675
Gemini,examples,validated_paths10_thr0.9,SpotifyCares,Billing/Payment,7,27,1,0,0.875,1.0,0.9333333333333333,0.9185586535436918,0.9821428571428572
Gemini,examples,validated_paths10_thr0.9,SpotifyCares,Family Subscription,1,34,0,0,1.0,1.0,1.0,1.0,1.0
Gemini,examples,validated_paths10_thr0.9,SpotifyCares,Hulu,1,34,0,0,1.0,1.0,1.0,1.0,1.0
Gemini,examples,validated_paths10_thr0.9,SpotifyCares,Login,4,28,3,0,0.5714285714285714,1.0,0.7272727272727273,0.7184212081070996,0.9516129032258065
Gemini,examples,validated_paths10_thr0.9,SpotifyCares,Logout,2,30,3,0,0.4,1.0,0.5714285714285715,0.6030226891555273,0.9545454545454546
Gemini,examples,validated_paths10_thr0.9,SpotifyCares,Offer further help,4,23,1,0,0.8,1.0,0.888888888888889,0.8755950357709131,0.9791666666666667
Gemini,examples,validated_paths10_thr0.9,SpotifyCares,Playlist,2,33,0,0,1.0,1.0,1.0,1.0,1.0
Gemini,examples,validated_paths10_thr0.9,SpotifyCares,Premium,2,32,1,0,0.6666666666666666,1.0,0.8,0.8040302522073697,0.9848484848484849
Gemini,examples,validated_paths10_thr0.9,SpotifyCares,Provide OS version,2,33,0,0,1.0,1.0,1.0,1.0,1.0
Gemini,examples,validated_paths10_thr0.9,SpotifyCares,Provide URL,13,15,0,0,1.0,1.0,1.0,1.0,1.0
Gemini,examples,validated_paths10_thr0.9,SpotifyCares,Provide device model,3,29,2,1,0.6,0.75,0.6666666666666665,0.6232502388407515,0.842741935483871
Gemini,examples,validated_paths10_thr0.9,SpotifyCares,Provide email address,0,35,0,0,0.0,0.0,0.0,0.0,0.5
Gemini,examples,validated_paths10_thr0.9,SpotifyCares,Provide error message,4,30,0,1,1.0,0.8,0.888888888888889,0.8798826901281197,0.9
Gemini,examples,validated_paths10_thr0.9,SpotifyCares,Provide spotify version,2,31,2,0,0.5,1.0,0.6666666666666666,0.6853444168423419,0.9696969696969697
Gemini,examples,validated_paths10_thr0.9,SpotifyCares,Provide username,0,35,0,0,0.0,0.0,0.0,0.0,0.5
Gemini,examples,validated_paths10_thr0.9,SpotifyCares,Refer to specialist team,0,27,1,0,0.0,0.0,0.0,0.0,0.48214285714285715
Gemini,examples,validated_paths10_thr0.9,SpotifyCares,Reinstall the app,1,34,0,0,1.0,1.0,1.0,1.0,1.0
Gemini,examples,validated_paths10_thr0.9,SpotifyCares,Request DM,2,21,0,5,1.0,0.2857142857142857,0.4444444444444445,0.48038446141526137,0.6428571428571428
Gemini,examples,validated_paths10_thr0.9,SpotifyCares,Request OS version,3,25,0,0,1.0,1.0,1.0,1.0,1.0
Gemini,examples,validated_paths10_thr0.9,SpotifyCares,Request Spotify version,4,24,0,0,1.0,1.0,1.0,1.0,1.0
Gemini,examples,validated_paths10_thr0.9,SpotifyCares,Request device restart,3,25,0,0,1.0,1.0,1.0,1.0,1.0
Gemini,examples,validated_paths10_thr0.9,SpotifyCares,Request device version,4,24,0,0,1.0,1.0,1.0,1.0,1.0
Gemini,examples,validated_paths10_thr0.9,SpotifyCares,Request email address,6,22,0,0,1.0,1.0,1.0,1.0,1.0
Gemini,examples,validated_paths10_thr0.9,SpotifyCares,Request error message,3,25,0,0,1.0,1.0,1.0,1.0,1.0
Gemini,examples,validated_paths10_thr0.9,SpotifyCares,Request exact issue description,1,26,1,0,0.5,1.0,0.6666666666666666,0.693888666488711,0.9814814814814814
Gemini,examples,validated_paths10_thr0.9,SpotifyCares,Request login,3,25,0,0,1.0,1.0,1.0,1.0,1.0
Gemini,examples,validated_paths10_thr0.9,SpotifyCares,Request logout,3,25,0,0,1.0,1.0,1.0,1.0,1.0
Gemini,examples,validated_paths10_thr0.9,SpotifyCares,Request reinstall the app,2,26,0,0,1.0,1.0,1.0,1.0,1.0
Gemini,examples,validated_paths10_thr0.9,SpotifyCares,Request username,5,23,0,0,1.0,1.0,1.0,1.0,1.0
Gemini,examples,validated_paths10_thr0.9,SpotifyCares,Restart device,2,31,2,0,0.5,1.0,0.6666666666666666,0.6853444168423419,0.9696969696969697
Gemini,examples,validated_paths10_thr0.9,SpotifyCares,Song/Artist,5,27,3,0,0.625,1.0,0.7692307692307693,0.75,0.95
Gemini,examples,validated_paths10_thr0.9,SpotifyCares,Student Subscription,2,33,0,0,1.0,1.0,1.0,1.0,1.0
Gemini,examples,validated_paths1_thr0.8,AmazonHelp,Account,2,16,2,0,0.5,1.0,0.6666666666666666,0.6666666666666666,0.9444444444444444
Gemini,examples,validated_paths1_thr0.8,AmazonHelp,Alexa,2,18,0,0,1.0,1.0,1.0,1.0,1.0
Gemini,examples,validated_paths1_thr0.8,AmazonHelp,Apologize,8,11,0,0,1.0,1.0,1.0,1.0,1.0
Gemini,examples,validated_paths1_thr0.8,AmazonHelp,Bad Support,2,15,2,1,0.5,0.6666666666666666,0.5714285714285715,0.4900980294098034,0.7745098039215685
Gemini,examples,validated_paths1_thr0.8,AmazonHelp,Delivery,6,12,1,1,0.8571428571428571,0.8571428571428571,0.8571428571428571,0.7802197802197802,0.8901098901098901
Gemini,examples,validated_paths1_thr0.8,AmazonHelp,Echo,3,17,0,0,1.0,1.0,1.0,1.0,1.0
Gemini,examples,validated_paths1_thr0.8,AmazonHelp,Investigate Issue,7,9,2,1,0.7777777777777778,0.875,0.823529411764706,0.6854365268376295,0.8465909090909092
Gemini,examples,validated_paths1_thr0.8,AmazonHelp,Kindle,0,20,0,0,0.0,0.0,0.0,0.0,0.5
Gemini,examples,validated_paths1_thr0.8,AmazonHelp,Order Cancellation,1,19,0,0,1.0,1.0,1.0,1.0,1.0
Gemini,examples,validated_paths1_thr0.8,AmazonHelp,Packaging,1,19,0,0,1.0,1.0,1.0,1.0,1.0
Gemini,examples,validated_paths1_thr0.8,AmazonHelp,Prime,7,13,0,0,1.0,1.0,1.0,1.0,1.0
Gemini,examples,validated_paths1_thr0.8,AmazonHelp,Provide URL,13,6,0,0,1.0,1.0,1.0,1.0,1.0
Gemini,examples,validated_paths1_thr0.8,AmazonHelp,Provide delivery date,1,16,1,1,0.5,0.5,0.5,0.4411764705882353,0.7205882352941176
Gemini,examples,validated_paths1_thr0.8,AmazonHelp,Refer to specialist team,2,17,0,0,1.0,1.0,1.0,1.0,1.0
Gemini,examples,validated_paths1_thr0.8,AmazonHelp,Refund,0,20,0,0,0.0,0.0,0.0,0.0,0.5
Gemini,examples,validated_paths1_thr0.8,AmazonHelp,Replacement,0,20,0,0,0.0,0.0,0.0,0.0,0.5
Gemini,examples,validated_paths1_thr0.8,AmazonHelp,Request to call by phone,3,16,0,0,1.0,1.0,1.0,1.0,1.0
Gemini,examples,validated_paths1_thr0.8,AmazonHelp,Request to not send personal details,1,18,0,0,1.0,1.0,1.0,1.0,1.0
Gemini,examples,validated_paths1_thr0.8,AmazonHelp,Request to reach out by chat,2,17,0,0,1.0,1.0,1.0,1.0,1.0
Gemini,examples,validated_paths1_thr0.8,AmazonHelp,Return,2,18,0,0,1.0,1.0,1.0,1.0,1.0
Gemini,examples,validated_paths1_thr0.8,AppleSupport,Battery,6,24,1,0,0.8571428571428571,1.0,0.923076923076923,0.9071147352221454,0.98
Gemini,examples,validated_paths1_thr0.8,AppleSupport,Investigate issue,12,6,5,4,0.7058823529411765,0.75,0.7272727272727272,0.3006232385408722,0.6477272727272727
Gemini,examples,validated_paths1_thr0.8,AppleSupport,Mac,3,27,1,0,0.75,1.0,0.8571428571428571,0.8504200642707612,0.9821428571428572
Gemini,examples,validated_paths1_thr0.8,AppleSupport,Provide URL,16,11,0,0,1.0,1.0,1.0,1.0,1.0
Gemini,examples,validated_paths1_thr0.8,AppleSupport,Provide device model,6,25,0,0,1.0,1.0,1.0,1.0,1.0
Gemini,examples,validated_paths1_thr0.8,AppleSupport,Provide system version,10,21,0,0,1.0,1.0,1.0,1.0,1.0
Gemini,examples,validated_paths1_thr0.8,AppleSupport,Recommend backing up,0,27,0,0,0.0,0.0,0.0,0.0,0.5
Gemini,examples,validated_paths1_thr0.8,AppleSupport,Recommend updating,0,27,0,0,0.0,0.0,0.0,0.0,0.5
Gemini,examples,validated_paths1_thr0.8,AppleSupport,Refer to specialist team,0,27,0,0,0.0,0.0,0.0,0.0,0.5
Gemini,examples,validated_paths1_thr0.8,AppleSupport,Refund,2,29,0,0,1.0,1.0,1.0,1.0,1.0
Gemini,examples,validated_paths1_thr0.8,AppleSupport,Request DM,12,15,0,0,1.0,1.0,1.0,1.0,1.0
Gemini,examples,validated_paths1_thr0.8,AppleSupport,Request country,0,27,0,0,0.0,0.0,0.0,0.0,0.5
Gemini,examples,validated_paths1_thr0.8,AppleSupport,Request device model,3,24,0,0,1.0,1.0,1.0,1.0,1.0
Gemini,examples,validated_paths1_thr0.8,AppleSupport,Request device restart,1,26,0,0,1.0,1.0,1.0,1.0,1.0
Gemini,examples,validated_paths1_thr0.8,AppleSupport,Request iOS version,8,19,0,0,1.0,1.0,1.0,1.0,1.0
Gemini,examples,validated_paths1_thr0.8,AppleSupport,Restart device,3,28,0,0,1.0,1.0,1.0,1.0,1.0
Gemini,examples,validated_paths1_thr0.8,AppleSupport,Software/App,10,18,3,0,0.7692307692307693,1.0,0.8695652173913044,0.8119979429411502,0.9285714285714286
Gemini,examples,validated_paths1_thr0.8,AppleSupport,TV,0,31,0,0,0.0,0.0,0.0,0.0,0.5
Gemini,examples,validated_paths1_thr0.8,AppleSupport,Unresponsive/Freezing Device,5,22,4,0,0.5555555555555556,1.0,0.7142857142857143,0.6856277926728687,0.9230769230769231
Gemini,examples,validated_paths1_thr0.8,AppleSupport,Update,14,16,1,0,0.9333333333333333,1.0,0.9655172413793104,0.9372466978064098,0.9705882352941176
Gemini,examples,validated_paths1_thr0.8,AppleSupport,iPad,0,31,0,0,0.0,0.0,0.0,0.0,0.5
Gemini,examples,validated_paths1_thr0.8,AppleSupport,iPhone,10,16,5,0,0.6666666666666666,1.0,0.8,0.7126966450997984,0.8809523809523809
Gemini,examples,validated_paths1_thr0.8,SpotifyCares,Account,6,28,1,0,0.8571428571428571,1.0,0.923076923076923,0.909717652294684,0.9827586206896552
Gemini,examples,validated_paths1_thr0.8,SpotifyCares,Advertisement,2,33,0,0,1.0,1.0,1.0,1.0,1.0
Gemini,examples,validated_paths1_thr0.8,SpotifyCares,App,8,22,4,1,0.6666666666666666,0.8888888888888888,0.761904761904762,0.6768087693315028,0.8675213675213675
Gemini,examples,validated_paths1_thr0.8,SpotifyCares,Billing/Payment,7,27,1,0,0.875,1.0,0.9333333333333333,0.9185586535436918,0.9821428571428572
Gemini,examples,validated_paths1_thr0.8,SpotifyCares,Family Subscription,1,34,0,0,1.0,1.0,1.0,1.0,1.0
Gemini,examples,validated_paths1_thr0.8,SpotifyCares,Hulu,1,34,0,0,1.0,1.0,1.0,1.0,1.0
Gemini,examples,validated_paths1_thr0.8,SpotifyCares,Login,4,28,3,0,0.5714285714285714,1.0,0.7272727272727273,0.7184212081070996,0.9516129032258065
Gemini,examples,validated_paths1_thr0.8,SpotifyCares,Logout,2,30,3,0,0.4,1.0,0.5714285714285715,0.6030226891555273,0.9545454545454546
Gemini,examples,validated_paths1_thr0.8,SpotifyCares,Offer further help,4,23,1,0,0.8,1.0,0.888888888888889,0.8755950357709131,0.9791666666666667
Gemini,examples,validated_paths1_thr0.8,SpotifyCares,Playlist,2,33,0,0,1.0,1.0,1.0,1.0,1.0
Gemini,examples,validated_paths1_thr0.8,SpotifyCares,Premium,2,32,1,0,0.6666666666666666,1.0,0.8,0.8040302522073697,0.9848484848484849
Gemini,examples,validated_paths1_thr0.8,SpotifyCares,Provide OS version,2,33,0,0,1.0,1.0,1.0,1.0,1.0
Gemini,examples,validated_paths1_thr0.8,SpotifyCares,Provide URL,13,15,0,0,1.0,1.0,1.0,1.0,1.0
Gemini,examples,validated_paths1_thr0.8,SpotifyCares,Provide device model,3,29,2,1,0.6,0.75,0.6666666666666665,0.6232502388407515,0.842741935483871
Gemini,examples,validated_paths1_thr0.8,SpotifyCares,Provide email address,0,35,0,0,0.0,0.0,0.0,0.0,0.5
Gemini,examples,validated_paths1_thr0.8,SpotifyCares,Provide error message,4,30,0,1,1.0,0.8,0.888888888888889,0.8798826901281197,0.9
Gemini,examples,validated_paths1_thr0.8,SpotifyCares,Provide spotify version,2,31,2,0,0.5,1.0,0.6666666666666666,0.6853444168423419,0.9696969696969697
Gemini,examples,validated_paths1_thr0.8,SpotifyCares,Provide username,0,35,0,0,0.0,0.0,0.0,0.0,0.5
Gemini,examples,validated_paths1_thr0.8,SpotifyCares,Refer to specialist team,0,27,1,0,0.0,0.0,0.0,0.0,0.48214285714285715
Gemini,examples,validated_paths1_thr0.8,SpotifyCares,Reinstall the app,1,34,0,0,1.0,1.0,1.0,1.0,1.0
Gemini,examples,validated_paths1_thr0.8,SpotifyCares,Request DM,2,21,0,5,1.0,0.2857142857142857,0.4444444444444445,0.48038446141526137,0.6428571428571428
Gemini,examples,validated_paths1_thr0.8,SpotifyCares,Request OS version,3,25,0,0,1.0,1.0,1.0,1.0,1.0
Gemini,examples,validated_paths1_thr0.8,SpotifyCares,Request Spotify version,4,24,0,0,1.0,1.0,1.0,1.0,1.0
Gemini,examples,validated_paths1_thr0.8,SpotifyCares,Request device restart,3,25,0,0,1.0,1.0,1.0,1.0,1.0
Gemini,examples,validated_paths1_thr0.8,SpotifyCares,Request device version,4,24,0,0,1.0,1.0,1.0,1.0,1.0
Gemini,examples,validated_paths1_thr0.8,SpotifyCares,Request email address,6,22,0,0,1.0,1.0,1.0,1.0,1.0
Gemini,examples,validated_paths1_thr0.8,SpotifyCares,Request error message,3,25,0,0,1.0,1.0,1.0,1.0,1.0
Gemini,examples,validated_paths1_thr0.8,SpotifyCares,Request exact issue description,1,26,1,0,0.5,1.0,0.6666666666666666,0.693888666488711,0.9814814814814814
Gemini,examples,validated_paths1_thr0.8,SpotifyCares,Request login,3,25,0,0,1.0,1.0,1.0,1.0,1.0
Gemini,examples,validated_paths1_thr0.8,SpotifyCares,Request logout,3,25,0,0,1.0,1.0,1.0,1.0,1.0
Gemini,examples,validated_paths1_thr0.8,SpotifyCares,Request reinstall the app,2,26,0,0,1.0,1.0,1.0,1.0,1.0
Gemini,examples,validated_paths1_thr0.8,SpotifyCares,Request username,5,23,0,0,1.0,1.0,1.0,1.0,1.0
Gemini,examples,validated_paths1_thr0.8,SpotifyCares,Restart device,2,31,2,0,0.5,1.0,0.6666666666666666,0.6853444168423419,0.9696969696969697
Gemini,examples,validated_paths1_thr0.8,SpotifyCares,Song/Artist,5,26,4,0,0.5555555555555556,1.0,0.7142857142857143,0.693888666488711,0.9333333333333333
Gemini,examples,validated_paths1_thr0.8,SpotifyCares,Student Subscription,2,33,0,0,1.0,1.0,1.0,1.0,1.0
Gemini,examples,validated_paths3_thr0.8,AmazonHelp,Account,2,16,2,0,0.5,1.0,0.6666666666666666,0.6666666666666666,0.9444444444444444
Gemini,examples,validated_paths3_thr0.8,AmazonHelp,Alexa,2,18,0,0,1.0,1.0,1.0,1.0,1.0
Gemini,examples,validated_paths3_thr0.8,AmazonHelp,Apologize,8,11,0,0,1.0,1.0,1.0,1.0,1.0
Gemini,examples,validated_paths3_thr0.8,AmazonHelp,Bad Support,2,15,2,1,0.5,0.6666666666666666,0.5714285714285715,0.4900980294098034,0.7745098039215685
Gemini,examples,validated_paths3_thr0.8,AmazonHelp,Delivery,6,12,1,1,0.8571428571428571,0.8571428571428571,0.8571428571428571,0.7802197802197802,0.8901098901098901
Gemini,examples,validated_paths3_thr0.8,AmazonHelp,Echo,3,17,0,0,1.0,1.0,1.0,1.0,1.0
Gemini,examples,validated_paths3_thr0.8,AmazonHelp,Investigate Issue,7,9,2,1,0.7777777777777778,0.875,0.823529411764706,0.6854365268376295,0.8465909090909092
Gemini,examples,validated_paths3_thr0.8,AmazonHelp,Kindle,0,20,0,0,0.0,0.0,0.0,0.0,0.5
Gemini,examples,validated_paths3_thr0.8,AmazonHelp,Order Cancellation,1,19,0,0,1.0,1.0,1.0,1.0,1.0
Gemini,examples,validated_paths3_thr0.8,AmazonHelp,Packaging,1,19,0,0,1.0,1.0,1.0,1.0,1.0
Gemini,examples,validated_paths3_thr0.8,AmazonHelp,Prime,7,13,0,0,1.0,1.0,1.0,1.0,1.0
Gemini,examples,validated_paths3_thr0.8,AmazonHelp,Provide URL,13,6,0,0,1.0,1.0,1.0,1.0,1.0
Gemini,examples,validated_paths3_thr0.8,AmazonHelp,Provide delivery date,1,17,0,1,1.0,0.5,0.6666666666666666,0.6871842709362768,0.75
Gemini,examples,validated_paths3_thr0.8,AmazonHelp,Refer to specialist team,2,17,0,0,1.0,1.0,1.0,1.0,1.0
Gemini,examples,validated_paths3_thr0.8,AmazonHelp,Refund,0,20,0,0,0.0,0.0,0.0,0.0,0.5
Gemini,examples,validated_paths3_thr0.8,AmazonHelp,Replacement,0,20,0,0,0.0,0.0,0.0,0.0,0.5
Gemini,examples,validated_paths3_thr0.8,AmazonHelp,Request to call by phone,3,16,0,0,1.0,1.0,1.0,1.0,1.0
Gemini,examples,validated_paths3_thr0.8,AmazonHelp,Request to not send personal details,1,18,0,0,1.0,1.0,1.0,1.0,1.0
Gemini,examples,validated_paths3_thr0.8,AmazonHelp,Request to reach out by chat,2,17,0,0,1.0,1.0,1.0,1.0,1.0
Gemini,examples,validated_paths3_thr0.8,AmazonHelp,Return,2,18,0,0,1.0,1.0,1.0,1.0,1.0
Gemini,examples,validated_paths3_thr0.8,AppleSupport,Battery,6,24,1,0,0.8571428571428571,1.0,0.923076923076923,0.9071147352221454,0.98
Gemini,examples,validated_paths3_thr0.8,AppleSupport,Investigate issue,12,6,5,4,0.7058823529411765,0.75,0.7272727272727272,0.3006232385408722,0.6477272727272727
Gemini,examples,validated_paths3_thr0.8,AppleSupport,Mac,3,27,1,0,0.75,1.0,0.8571428571428571,0.8504200642707612,0.9821428571428572
Gemini,examples,validated_paths3_thr0.8,AppleSupport,Provide URL,16,11,0,0,1.0,1.0,1.0,1.0,1.0
Gemini,examples,validated_paths3_thr0.8,AppleSupport,Provide device model,6,25,0,0,1.0,1.0,1.0,1.0,1.0
Gemini,examples,validated_paths3_thr0.8,AppleSupport,Provide system version,10,21,0,0,1.0,1.0,1.0,1.0,1.0
Gemini,examples,validated_paths3_thr0.8,AppleSupport,Recommend backing up,0,27,0,0,0.0,0.0,0.0,0.0,0.5
Gemini,examples,validated_paths3_thr0.8,AppleSupport,Recommend updating,0,27,0,0,0.0,0.0,0.0,0.0,0.5
Gemini,examples,validated_paths3_thr0.8,AppleSupport,Refer to specialist team,0,27,0,0,0.0,0.0,0.0,0.0,0.5
Gemini,examples,validated_paths3_thr0.8,AppleSupport,Refund,2,29,0,0,1.0,1.0,1.0,1.0,1.0
Gemini,examples,validated_paths3_thr0.8,AppleSupport,Request DM,12,15,0,0,1.0,1.0,1.0,1.0,1.0
Gemini,examples,validated_paths3_thr0.8,AppleSupport,Request country,0,27,0,0,0.0,0.0,0.0,0.0,0.5
Gemini,examples,validated_paths3_thr0.8,AppleSupport,Request device model,3,24,0,0,1.0,1.0,1.0,1.0,1.0
Gemini,examples,validated_paths3_thr0.8,AppleSupport,Request device restart,1,26,0,0,1.0,1.0,1.0,1.0,1.0
Gemini,examples,validated_paths3_thr0.8,AppleSupport,Request iOS version,8,19,0,0,1.0,1.0,1.0,1.0,1.0
Gemini,examples,validated_paths3_thr0.8,AppleSupport,Restart device,3,28,0,0,1.0,1.0,1.0,1.0,1.0
Gemini,examples,validated_paths3_thr0.8,AppleSupport,Software/App,10,18,3,0,0.7692307692307693,1.0,0.8695652173913044,0.8119979429411502,0.9285714285714286
Gemini,examples,validated_paths3_thr0.8,AppleSupport,TV,0,31,0,0,0.0,0.0,0.0,0.0,0.5
Gemini,examples,validated_paths3_thr0.8,AppleSupport,Unresponsive/Freezing Device,5,22,4,0,0.5555555555555556,1.0,0.7142857142857143,0.6856277926728687,0.9230769230769231
Gemini,examples,validated_paths3_thr0.8,AppleSupport,Update,14,16,1,0,0.9333333333333333,1.0,0.9655172413793104,0.9372466978064098,0.9705882352941176
Gemini,examples,validated_paths3_thr0.8,AppleSupport,iPad,0,31,0,0,0.0,0.0,0.0,0.0,0.5
Gemini,examples,validated_paths3_thr0.8,AppleSupport,iPhone,10,16,5,0,0.6666666666666666,1.0,0.8,0.7126966450997984,0.8809523809523809
Gemini,examples,validated_paths3_thr0.8,SpotifyCares,Account,6,28,1,0,0.8571428571428571,1.0,0.923076923076923,0.909717652294684,0.9827586206896552
Gemini,examples,validated_paths3_thr0.8,SpotifyCares,Advertisement,2,33,0,0,1.0,1.0,1.0,1.0,1.0
Gemini,examples,validated_paths3_thr0.8,SpotifyCares,App,8,22,4,1,0.6666666666666666,0.8888888888888888,0.761904761904762,0.6768087693315028,0.8675213675213675
Gemini,examples,validated_paths3_thr0.8,SpotifyCares,Billing/Payment,7,27,1,0,0.875,1.0,0.9333333333333333,0.9185586535436918,0.9821428571428572
Gemini,examples,validated_paths3_thr0.8,SpotifyCares,Family Subscription,1,34,0,0,1.0,1.0,1.0,1.0,1.0
Gemini,examples,validated_paths3_thr0.8,SpotifyCares,Hulu,1,34,0,0,1.0,1.0,1.0,1.0,1.0
Gemini,examples,validated_paths3_thr0.8,SpotifyCares,Login,4,28,3,0,0.5714285714285714,1.0,0.7272727272727273,0.7184212081070996,0.9516129032258065
Gemini,examples,validated_paths3_thr0.8,SpotifyCares,Logout,2,30,3,0,0.4,1.0,0.5714285714285715,0.6030226891555273,0.9545454545454546
Gemini,examples,validated_paths3_thr0.8,SpotifyCares,Offer further help,4,23,1,0,0.8,1.0,0.888888888888889,0.8755950357709131,0.9791666666666667
Gemini,examples,validated_paths3_thr0.8,SpotifyCares,Playlist,2,33,0,0,1.0,1.0,1.0,1.0,1.0
Gemini,examples,validated_paths3_thr0.8,SpotifyCares,Premium,2,32,1,0,0.6666666666666666,1.0,0.8,0.8040302522073697,0.9848484848484849
Gemini,examples,validated_paths3_thr0.8,SpotifyCares,Provide OS version,2,33,0,0,1.0,1.0,1.0,1.0,1.0
Gemini,examples,validated_paths3_thr0.8,SpotifyCares,Provide URL,13,15,0,0,1.0,1.0,1.0,1.0,1.0
Gemini,examples,validated_paths3_thr0.8,SpotifyCares,Provide device model,3,29,2,1,0.6,0.75,0.6666666666666665,0.6232502388407515,0.842741935483871
Gemini,examples,validated_paths3_thr0.8,SpotifyCares,Provide email address,0,35,0,0,0.0,0.0,0.0,0.0,0.5
Gemini,examples,validated_paths3_thr0.8,SpotifyCares,Provide error message,4,30,0,1,1.0,0.8,0.888888888888889,0.8798826901281197,0.9
Gemini,examples,validated_paths3_thr0.8,SpotifyCares,Provide spotify version,2,31,2,0,0.5,1.0,0.6666666666666666,0.6853444168423419,0.9696969696969697
Gemini,examples,validated_paths3_thr0.8,SpotifyCares,Provide username,0,35,0,0,0.0,0.0,0.0,0.0,0.5
Gemini,examples,validated_paths3_thr0.8,SpotifyCares,Refer to specialist team,0,27,1,0,0.0,0.0,0.0,0.0,0.48214285714285715
Gemini,examples,validated_paths3_thr0.8,SpotifyCares,Reinstall the app,1,34,0,0,1.0,1.0,1.0,1.0,1.0
Gemini,examples,validated_paths3_thr0.8,SpotifyCares,Request DM,2,21,0,5,1.0,0.2857142857142857,0.4444444444444445,0.48038446141526137,0.6428571428571428
Gemini,examples,validated_paths3_thr0.8,SpotifyCares,Request OS version,3,25,0,0,1.0,1.0,1.0,1.0,1.0
Gemini,examples,validated_paths3_thr0.8,SpotifyCares,Request Spotify version,4,24,0,0,1.0,1.0,1.0,1.0,1.0
Gemini,examples,validated_paths3_thr0.8,SpotifyCares,Request device restart,3,25,0,0,1.0,1.0,1.0,1.0,1.0
Gemini,examples,validated_paths3_thr0.8,SpotifyCares,Request device version,4,24,0,0,1.0,1.0,1.0,1.0,1.0
Gemini,examples,validated_paths3_thr0.8,SpotifyCares,Request email address,6,22,0,0,1.0,1.0,1.0,1.0,1.0
Gemini,examples,validated_paths3_thr0.8,SpotifyCares,Request error message,3,25,0,0,1.0,1.0,1.0,1.0,1.0
Gemini,examples,validated_paths3_thr0.8,SpotifyCares,Request exact issue description,1,26,1,0,0.5,1.0,0.6666666666666666,0.693888666488711,0.9814814814814814
Gemini,examples,validated_paths3_thr0.8,SpotifyCares,Request login,3,25,0,0,1.0,1.0,1.0,1.0,1.0
Gemini,examples,validated_paths3_thr0.8,SpotifyCares,Request logout,3,25,0,0,1.0,1.0,1.0,1.0,1.0
Gemini,examples,validated_paths3_thr0.8,SpotifyCares,Request reinstall the app,2,26,0,0,1.0,1.0,1.0,1.0,1.0
Gemini,examples,validated_paths3_thr0.8,SpotifyCares,Request username,5,23,0,0,1.0,1.0,1.0,1.0,1.0
Gemini,examples,validated_paths3_thr0.8,SpotifyCares,Restart device,2,31,2,0,0.5,1.0,0.6666666666666666,0.6853444168423419,0.9696969696969697
Gemini,examples,validated_paths3_thr0.8,SpotifyCares,Song/Artist,5,27,3,0,0.625,1.0,0.7692307692307693,0.75,0.95
Gemini,examples,validated_paths3_thr0.8,SpotifyCares,Student Subscription,2,33,0,0,1.0,1.0,1.0,1.0,1.0
Gemini,examples,validated_paths5_thr0.8,AmazonHelp,Account,2,16,2,0,0.5,1.0,0.6666666666666666,0.6666666666666666,0.9444444444444444
Gemini,examples,validated_paths5_thr0.8,AmazonHelp,Alexa,2,18,0,0,1.0,1.0,1.0,1.0,1.0
Gemini,examples,validated_paths5_thr0.8,AmazonHelp,Apologize,8,11,0,0,1.0,1.0,1.0,1.0,1.0
Gemini,examples,validated_paths5_thr0.8,AmazonHelp,Bad Support,2,15,2,1,0.5,0.6666666666666666,0.5714285714285715,0.4900980294098034,0.7745098039215685
Gemini,examples,validated_paths5_thr0.8,AmazonHelp,Delivery,6,12,1,1,0.8571428571428571,0.8571428571428571,0.8571428571428571,0.7802197802197802,0.8901098901098901
Gemini,examples,validated_paths5_thr0.8,AmazonHelp,Echo,3,17,0,0,1.0,1.0,1.0,1.0,1.0
Gemini,examples,validated_paths5_thr0.8,AmazonHelp,Investigate Issue,7,9,2,1,0.7777777777777778,0.875,0.823529411764706,0.6854365268376295,0.8465909090909092
Gemini,examples,validated_paths5_thr0.8,AmazonHelp,Kindle,0,20,0,0,0.0,0.0,0.0,0.0,0.5
Gemini,examples,validated_paths5_thr0.8,AmazonHelp,Order Cancellation,1,19,0,0,1.0,1.0,1.0,1.0,1.0
Gemini,examples,validated_paths5_thr0.8,AmazonHelp,Packaging,1,19,0,0,1.0,1.0,1.0,1.0,1.0
Gemini,examples,validated_paths5_thr0.8,AmazonHelp,Prime,7,13,0,0,1.0,1.0,1.0,1.0,1.0
Gemini,examples,validated_paths5_thr0.8,AmazonHelp,Provide URL,13,6,0,0,1.0,1.0,1.0,1.0,1.0
Gemini,examples,validated_paths5_thr0.8,AmazonHelp,Provide delivery date,1,17,0,1,1.0,0.5,0.6666666666666666,0.6871842709362768,0.75
Gemini,examples,validated_paths5_thr0.8,AmazonHelp,Refer to specialist team,2,17,0,0,1.0,1.0,1.0,1.0,1.0
Gemini,examples,validated_paths5_thr0.8,AmazonHelp,Refund,0,20,0,0,0.0,0.0,0.0,0.0,0.5
Gemini,examples,validated_paths5_thr0.8,AmazonHelp,Replacement,0,20,0,0,0.0,0.0,0.0,0.0,0.5
Gemini,examples,validated_paths5_thr0.8,AmazonHelp,Request to call by phone,3,16,0,0,1.0,1.0,1.0,1.0,1.0
Gemini,examples,validated_paths5_thr0.8,AmazonHelp,Request to not send personal details,1,18,0,0,1.0,1.0,1.0,1.0,1.0
Gemini,examples,validated_paths5_thr0.8,AmazonHelp,Request to reach out by chat,2,17,0,0,1.0,1.0,1.0,1.0,1.0
Gemini,examples,validated_paths5_thr0.8,AmazonHelp,Return,2,18,0,0,1.0,1.0,1.0,1.0,1.0
Gemini,examples,validated_paths5_thr0.8,AppleSupport,Battery,6,24,1,0,0.8571428571428571,1.0,0.923076923076923,0.9071147352221454,0.98
Gemini,examples,validated_paths5_thr0.8,AppleSupport,Investigate issue,12,6,5,4,0.7058823529411765,0.75,0.7272727272727272,0.3006232385408722,0.6477272727272727
Gemini,examples,validated_paths5_thr0.8,AppleSupport,Mac,3,27,1,0,0.75,1.0,0.8571428571428571,0.8504200642707612,0.9821428571428572
Gemini,examples,validated_paths5_thr0.8,AppleSupport,Provide URL,16,11,0,0,1.0,1.0,1.0,1.0,1.0
Gemini,examples,validated_paths5_thr0.8,AppleSupport,Provide device model,6,24,1,0,0.8571428571428571,1.0,0.923076923076923,0.9071147352221454,0.98
Gemini,examples,validated_paths5_thr0.8,AppleSupport,Provide system version,10,21,0,0,1.0,1.0,1.0,1.0,1.0
Gemini,examples,validated_paths5_thr0.8,AppleSupport,Recommend backing up,0,27,0,0,0.0,0.0,0.0,0.0,0.5
Gemini,examples,validated_paths5_thr0.8,AppleSupport,Recommend updating,0,27,0,0,0.0,0.0,0.0,0.0,0.5
Gemini,examples,validated_paths5_thr0.8,AppleSupport,Refer to specialist team,0,27,0,0,0.0,0.0,0.0,0.0,0.5
Gemini,examples,validated_paths5_thr0.8,AppleSupport,Refund,2,29,0,0,1.0,1.0,1.0,1.0,1.0
Gemini,examples,validated_paths5_thr0.8,AppleSupport,Request DM,12,15,0,0,1.0,1.0,1.0,1.0,1.0
Gemini,examples,validated_paths5_thr0.8,AppleSupport,Request country,0,27,0,0,0.0,0.0,0.0,0.0,0.5
Gemini,examples,validated_paths5_thr0.8,AppleSupport,Request device model,3,24,0,0,1.0,1.0,1.0,1.0,1.0
Gemini,examples,validated_paths5_thr0.8,AppleSupport,Request device restart,1,26,0,0,1.0,1.0,1.0,1.0,1.0
Gemini,examples,validated_paths5_thr0.8,AppleSupport,Request iOS version,8,19,0,0,1.0,1.0,1.0,1.0,1.0
Gemini,examples,validated_paths5_thr0.8,AppleSupport,Restart device,3,28,0,0,1.0,1.0,1.0,1.0,1.0
Gemini,examples,validated_paths5_thr0.8,AppleSupport,Software/App,10,18,3,0,0.7692307692307693,1.0,0.8695652173913044,0.8119979429411502,0.9285714285714286
Gemini,examples,validated_paths5_thr0.8,AppleSupport,TV,0,31,0,0,0.0,0.0,0.0,0.0,0.5
Gemini,examples,validated_paths5_thr0.8,AppleSupport,Unresponsive/Freezing Device,5,22,4,0,0.5555555555555556,1.0,0.7142857142857143,0.6856277926728687,0.9230769230769231
Gemini,examples,validated_paths5_thr0.8,AppleSupport,Update,14,16,1,0,0.9333333333333333,1.0,0.9655172413793104,0.9372466978064098,0.9705882352941176
Gemini,examples,validated_paths5_thr0.8,AppleSupport,iPad,0,31,0,0,0.0,0.0,0.0,0.0,0.5
Gemini,examples,validated_paths5_thr0.8,AppleSupport,iPhone,10,16,5,0,0.6666666666666666,1.0,0.8,0.7126966450997984,0.8809523809523809
Gemini,examples,validated_paths5_thr0.8,SpotifyCares,Account,6,28,1,0,0.8571428571428571,1.0,0.923076923076923,0.909717652294684,0.9827586206896552
Gemini,examples,validated_paths5_thr0.8,SpotifyCares,Advertisement,2,33,0,0,1.0,1.0,1.0,1.0,1.0
Gemini,examples,validated_paths5_thr0.8,SpotifyCares,App,8,22,4,1,0.6666666666666666,0.8888888888888888,0.761904761904762,0.6768087693315028,0.8675213675213675
Gemini,examples,validated_paths5_thr0.8,SpotifyCares,Billing/Payment,7,27,1,0,0.875,1.0,0.9333333333333333,0.9185586535436918,0.9821428571428572
Gemini,examples,validated_paths5_thr0.8,SpotifyCares,Family Subscription,1,34,0,0,1.0,1.0,1.0,1.0,1.0
Gemini,examples,validated_paths5_thr0.8,SpotifyCares,Hulu,1,34,0,0,1.0,1.0,1.0,1.0,1.0
Gemini,examples,validated_paths5_thr0.8,SpotifyCares,Login,4,28,3,0,0.5714285714285714,1.0,0.7272727272727273,0.7184212081070996,0.9516129032258065
Gemini,examples,validated_paths5_thr0.8,SpotifyCares,Logout,2,30,3,0,0.4,1.0,0.5714285714285715,0.6030226891555273,0.9545454545454546
Gemini,examples,validated_paths5_thr0.8,SpotifyCares,Offer further help,4,23,1,0,0.8,1.0,0.888888888888889,0.8755950357709131,0.9791666666666667
Gemini,examples,validated_paths5_thr0.8,SpotifyCares,Playlist,2,33,0,0,1.0,1.0,1.0,1.0,1.0
Gemini,examples,validated_paths5_thr0.8,SpotifyCares,Premium,2,32,1,0,0.6666666666666666,1.0,0.8,0.8040302522073697,0.9848484848484849
Gemini,examples,validated_paths5_thr0.8,SpotifyCares,Provide OS version,2,33,0,0,1.0,1.0,1.0,1.0,1.0
Gemini,examples,validated_paths5_thr0.8,SpotifyCares,Provide URL,13,15,0,0,1.0,1.0,1.0,1.0,1.0
Gemini,examples,validated_paths5_thr0.8,SpotifyCares,Provide device model,3,29,2,1,0.6,0.75,0.6666666666666665,0.6232502388407515,0.842741935483871
Gemini,examples,validated_paths5_thr0.8,SpotifyCares,Provide email address,0,35,0,0,0.0,0.0,0.0,0.0,0.5
Gemini,examples,validated_paths5_thr0.8,SpotifyCares,Provide error message,4,30,0,1,1.0,0.8,0.888888888888889,0.8798826901281197,0.9
Gemini,examples,validated_paths5_thr0.8,SpotifyCares,Provide spotify version,2,31,2,0,0.5,1.0,0.6666666666666666,0.6853444168423419,0.9696969696969697
Gemini,examples,validated_paths5_thr0.8,SpotifyCares,Provide username,0,35,0,0,0.0,0.0,0.0,0.0,0.5
Gemini,examples,validated_paths5_thr0.8,SpotifyCares,Refer to specialist team,0,27,1,0,0.0,0.0,0.0,0.0,0.48214285714285715
Gemini,examples,validated_paths5_thr0.8,SpotifyCares,Reinstall the app,1,34,0,0,1.0,1.0,1.0,1.0,1.0
Gemini,examples,validated_paths5_thr0.8,SpotifyCares,Request DM,2,21,0,5,1.0,0.2857142857142857,0.4444444444444445,0.48038446141526137,0.6428571428571428
Gemini,examples,validated_paths5_thr0.8,SpotifyCares,Request OS version,3,25,0,0,1.0,1.0,1.0,1.0,1.0
Gemini,examples,validated_paths5_thr0.8,SpotifyCares,Request Spotify version,4,24,0,0,1.0,1.0,1.0,1.0,1.0
Gemini,examples,validated_paths5_thr0.8,SpotifyCares,Request device restart,3,25,0,0,1.0,1.0,1.0,1.0,1.0
Gemini,examples,validated_paths5_thr0.8,SpotifyCares,Request device version,4,24,0,0,1.0,1.0,1.0,1.0,1.0
Gemini,examples,validated_paths5_thr0.8,SpotifyCares,Request email address,6,22,0,0,1.0,1.0,1.0,1.0,1.0
Gemini,examples,validated_paths5_thr0.8,SpotifyCares,Request error message,3,25,0,0,1.0,1.0,1.0,1.0,1.0
Gemini,examples,validated_paths5_thr0.8,SpotifyCares,Request exact issue description,1,26,1,0,0.5,1.0,0.6666666666666666,0.693888666488711,0.9814814814814814
Gemini,examples,validated_paths5_thr0.8,SpotifyCares,Request login,3,25,0,0,1.0,1.0,1.0,1.0,1.0
Gemini,examples,validated_paths5_thr0.8,SpotifyCares,Request logout,3,25,0,0,1.0,1.0,1.0,1.0,1.0
Gemini,examples,validated_paths5_thr0.8,SpotifyCares,Request reinstall the app,2,26,0,0,1.0,1.0,1.0,1.0,1.0
Gemini,examples,validated_paths5_thr0.8,SpotifyCares,Request username,5,23,0,0,1.0,1.0,1.0,1.0,1.0
Gemini,examples,validated_paths5_thr0.8,SpotifyCares,Restart device,2,31,2,0,0.5,1.0,0.6666666666666666,0.6853444168423419,0.9696969696969697
Gemini,examples,validated_paths5_thr0.8,SpotifyCares,Song/Artist,5,27,3,0,0.625,1.0,0.7692307692307693,0.75,0.95
Gemini,examples,validated_paths5_thr0.8,SpotifyCares,Student Subscription,2,33,0,0,1.0,1.0,1.0,1.0,1.0
Gemini,full,raw_10call_majority,AmazonHelp,Account,2,17,1,0,0.6666666666666666,1.0,0.8,0.7934920476158722,0.9722222222222222
Gemini,full,raw_10call_majority,AmazonHelp,Alexa,2,18,0,0,1.0,1.0,1.0,1.0,1.0
Gemini,full,raw_10call_majority,AmazonHelp,Apologize,8,11,0,0,1.0,1.0,1.0,1.0,1.0
Gemini,full,raw_10call_majority,AmazonHelp,Bad Support,2,15,2,1,0.5,0.6666666666666666,0.5714285714285715,0.4900980294098034,0.7745098039215685
Gemini,full,raw_10call_majority,AmazonHelp,Delivery,6,12,1,1,0.8571428571428571,0.8571428571428571,0.8571428571428571,0.7802197802197802,0.8901098901098901
Gemini,full,raw_10call_majority,AmazonHelp,Echo,3,17,0,0,1.0,1.0,1.0,1.0,1.0
Gemini,full,raw_10call_majority,AmazonHelp,Investigate Issue,8,9,2,0,0.8,1.0,0.888888888888889,0.8090398349558905,0.9090909090909092
Gemini,full,raw_10call_majority,AmazonHelp,Kindle,0,20,0,0,0.0,0.0,0.0,0.0,0.5
Gemini,full,raw_10call_majority,AmazonHelp,Order Cancellation,1,19,0,0,1.0,1.0,1.0,1.0,1.0
Gemini,full,raw_10call_majority,AmazonHelp,Packaging,1,19,0,0,1.0,1.0,1.0,1.0,1.0
Gemini,full,raw_10call_majority,AmazonHelp,Prime,7,13,0,0,1.0,1.0,1.0,1.0,1.0
Gemini,full,raw_10call_majority,AmazonHelp,Provide URL,13,6,0,0,1.0,1.0,1.0,1.0,1.0
Gemini,full,raw_10call_majority,AmazonHelp,Provide delivery date,2,17,0,0,1.0,1.0,1.0,1.0,1.0
Gemini,full,raw_10call_majority,AmazonHelp,Refer to specialist team,2,17,0,0,1.0,1.0,1.0,1.0,1.0
Gemini,full,raw_10call_majority,AmazonHelp,Refund,0,20,0,0,0.0,0.0,0.0,0.0,0.5
Gemini,full,raw_10call_majority,AmazonHelp,Replacement,0,20,0,0,0.0,0.0,0.0,0.0,0.5
Gemini,full,raw_10call_majority,AmazonHelp,Request to call by phone,3,16,0,0,1.0,1.0,1.0,1.0,1.0
Gemini,full,raw_10call_majority,AmazonHelp,Request to not send personal details,1,18,0,0,1.0,1.0,1.0,1.0,1.0
Gemini,full,raw_10call_majority,AmazonHelp,Request to reach out by chat,2,17,0,0,1.0,1.0,1.0,1.0,1.0
Gemini,full,raw_10call_majority,AmazonHelp,Return,2,18,0,0,1.0,1.0,1.0,1.0,1.0
Gemini,full,raw_10call_majority,AppleSupport,Battery,6,24,1,0,0.8571428571428571,1.0,0.923076923076923,0.9071147352221454,0.98
Gemini,full,raw_10call_majority,AppleSupport,Investigate issue,13,6,5,3,0.7222222222222222,0.8125,0.7647058823529411,0.3731012536223182,0.6789772727272727
Gemini,full,raw_10call_majority,AppleSupport,Mac,3,27,1,0,0.75,1.0,0.8571428571428571,0.8504200642707612,0.9821428571428572
Gemini,full,raw_10call_majority,AppleSupport,Provide URL,16,11,0,0,1.0,1.0,1.0,1.0,1.0
Gemini,full,raw_10call_majority,AppleSupport,Provide device model,6,24,1,0,0.8571428571428571,1.0,0.923076923076923,0.9071147352221454,0.98
Gemini,full,raw_10call_majority,AppleSupport,Provide system version,10,20,1,0,0.9090909090909091,1.0,0.9523809523809523,0.9304842103984708,0.9761904761904762
Gemini,full,raw_10call_majority,AppleSupport,Recommend backing up,0,27,0,0,0.0,0.0,0.0,0.0,0.5
Gemini,full,raw_10call_majority,AppleSupport,Recommend updating,0,27,0,0,0.0,0.0,0.0,0.0,0.5
Gemini,full,raw_10call_majority,AppleSupport,Refer to specialist team,0,27,0,0,0.0,0.0,0.0,0.0,0.5
Gemini,full,raw_10call_majority,AppleSupport,Refund,2,29,0,0,1.0,1.0,1.0,1.0,1.0
Gemini,full,raw_10call_majority,AppleSupport,Request DM,12,14,1,0,0.9230769230769231,1.0,0.9600000000000001,0.9281909617845143,0.9666666666666667
Gemini,full,raw_10call_majority,AppleSupport,Request country,0,27,0,0,0.0,0.0,0.0,0.0,0.5
Gemini,full,raw_10call_majority,AppleSupport,Request device model,3,24,0,0,1.0,1.0,1.0,1.0,1.0
Gemini,full,raw_10call_majority,AppleSupport,Request device restart,1,26,0,0,1.0,1.0,1.0,1.0,1.0
Gemini,full,raw_10call_majority,AppleSupport,Request iOS version,8,19,0,0,1.0,1.0,1.0,1.0,1.0
Gemini,full,raw_10call_majority,AppleSupport,Restart device,0,28,0,3,0.0,0.0,0.0,0.0,0.5
Gemini,full,raw_10call_majority,AppleSupport,Software/App,1,21,0,9,1.0,0.1,0.18181818181818182,0.2645751311064591,0.55
Gemini,full,raw_10call_majority,AppleSupport,TV,0,31,0,0,0.0,0.0,0.0,0.0,0.5
Gemini,full,raw_10call_majority,AppleSupport,Unresponsive/Freezing Device,5,22,4,0,0.5555555555555556,1.0,0.7142857142857143,0.6856277926728687,0.9230769230769231
Gemini,full,raw_10call_majority,AppleSupport,Update,14,16,1,0,0.9333333333333333,1.0,0.9655172413793104,0.9372466978064098,0.9705882352941176
Gemini,full,raw_10call_majority,AppleSupport,iPad,0,31,0,0,0.0,0.0,0.0,0.0,0.5
Gemini,full,raw_10call_majority,AppleSupport,iPhone,10,17,4,0,0.7142857142857143,1.0,0.8333333333333333,0.7604152106033959,0.9047619047619048
Gemini,full,raw_10call_majority,SpotifyCares,Account,5,29,0,1,1.0,0.8333333333333334,0.9090909090909091,0.8975274678557507,0.9166666666666667
Gemini,full,raw_10call_majority,SpotifyCares,Advertisement,2,33,0,0,1.0,1.0,1.0,1.0,1.0
Gemini,full,raw_10call_majority,SpotifyCares,App,8,22,4,1,0.6666666666666666,0.8888888888888888,0.761904761904762,0.6768087693315028,0.8675213675213675
Gemini,full,raw_10call_majority,SpotifyCares,Billing/Payment,7,27,1,0,0.875,1.0,0.9333333333333333,0.9185586535436918,0.9821428571428572
Gemini,full,raw_10call_majority,SpotifyCares,Family Subscription,1,34,0,0,1.0,1.0,1.0,1.0,1.0
Gemini,full,raw_10call_majority,SpotifyCares,Hulu,1,34,0,0,1.0,1.0,1.0,1.0,1.0
Gemini,full,raw_10call_majority,SpotifyCares,Login,4,28,3,0,0.5714285714285714,1.0,0.7272727272727273,0.7184212081070996,0.9516129032258065
Gemini,full,raw_10call_majority,SpotifyCares,Logout,1,30,3,1,0.25,0.5,0.3333333333333333,0.2984564395926328,0.7045454545454546
Gemini,full,raw_10call_majority,SpotifyCares,Offer further help,4,24,0,0,1.0,1.0,1.0,1.0,1.0
Gemini,full,raw_10call_majority,SpotifyCares,Playlist,2,33,0,0,1.0,1.0,1.0,1.0,1.0
Gemini,full,raw_10call_majority,SpotifyCares,Premium,2,32,1,0,0.6666666666666666,1.0,0.8,0.8040302522073697,0.9848484848484849
Gemini,full,raw_10call_majority,SpotifyCares,Provide OS version,1,33,0,1,1.0,0.5,0.6666666666666666,0.696630546019236,0.75
Gemini,full,raw_10call_majority,SpotifyCares,Provide URL,13,15,0,0,1.0,1.0,1.0,1.0,1.0
Gemini,full,raw_10call_majority,SpotifyCares,Provide device model,3,30,1,1,0.75,0.75,0.75,0.717741935483871,0.8588709677419355
Gemini,full,raw_10call_majority,SpotifyCares,Provide email address,0,35,0,0,0.0,0.0,0.0,0.0,0.5
Gemini,full,raw_10call_majority,SpotifyCares,Provide error message,1,30,0,4,1.0,0.2,0.33333333333333337,0.420084025208403,0.6
Gemini,full,raw_10call_majority,SpotifyCares,Provide spotify version,1,33,0,1,1.0,0.5,0.6666666666666666,0.696630546019236,0.75
Gemini,full,raw_10call_majority,SpotifyCares,Provide username,0,35,0,0,0.0,0.0,0.0,0.0,0.5
Gemini,full,raw_10call_majority,SpotifyCares,Refer to specialist team,0,27,1,0,0.0,0.0,0.0,0.0,0.48214285714285715
Gemini,full,raw_10call_majority,SpotifyCares,Reinstall the app,1,34,0,0,1.0,1.0,1.0,1.0,1.0
Gemini,full,raw_10call_majority,SpotifyCares,Request DM,1,21,0,6,1.0,0.14285714285714285,0.25,0.3333333333333333,0.5714285714285714
Gemini,full,raw_10call_majority,SpotifyCares,Request OS version,3,25,0,0,1.0,1.0,1.0,1.0,1.0
Gemini,full,raw_10call_majority,SpotifyCares,Request Spotify version,4,24,0,0,1.0,1.0,1.0,1.0,1.0
Gemini,full,raw_10call_majority,SpotifyCares,Request device restart,3,25,0,0,1.0,1.0,1.0,1.0,1.0
Gemini,full,raw_10call_majority,SpotifyCares,Request device version,4,24,0,0,1.0,1.0,1.0,1.0,1.0
Gemini,full,raw_10call_majority,SpotifyCares,Request email address,0,22,0,6,0.0,0.0,0.0,0.0,0.5
Gemini,full,raw_10call_majority,SpotifyCares,Request error message,3,25,0,0,1.0,1.0,1.0,1.0,1.0
Gemini,full,raw_10call_majority,SpotifyCares,Request exact issue description,1,27,0,0,1.0,1.0,1.0,1.0,1.0
Gemini,full,raw_10call_majority,SpotifyCares,Request login,3,25,0,0,1.0,1.0,1.0,1.0,1.0
Gemini,full,raw_10call_majority,SpotifyCares,Request logout,3,25,0,0,1.0,1.0,1.0,1.0,1.0
Gemini,full,raw_10call_majority,SpotifyCares,Request reinstall the app,0,26,0,2,0.0,0.0,0.0,0.0,0.5
Gemini,full,raw_10call_majority,SpotifyCares,Request username,0,23,0,5,0.0,0.0,0.0,0.0,0.5
Gemini,full,raw_10call_majority,SpotifyCares,Restart device,1,31,2,1,0.3333333333333333,0.5,0.4,0.36432620803146437,0.7196969696969697
Gemini,full,raw_10call_majority,SpotifyCares,Song/Artist,5,25,5,0,0.5,1.0,0.6666666666666666,0.6454972243679028,0.9166666666666667
Gemini,full,raw_10call_majority,SpotifyCares,Student Subscription,2,33,0,0,1.0,1.0,1.0,1.0,1.0
Gemini,full,raw_1call,AmazonHelp,Account,1,18,0,1,1.0,0.5,0.6666666666666666,0.6882472016116853,0.75
Gemini,full,raw_1call,AmazonHelp,Alexa,2,18,0,0,1.0,1.0,1.0,1.0,1.0
Gemini,full,raw_1call,AmazonHelp,Apologize,8,11,0,0,1.0,1.0,1.0,1.0,1.0
Gemini,full,raw_1call,AmazonHelp,Bad Support,2,16,1,1,0.6666666666666666,0.6666666666666666,0.6666666666666666,0.6078431372549019,0.803921568627451
Gemini,full,raw_1call,AmazonHelp,Delivery,6,13,0,1,1.0,0.8571428571428571,0.923076923076923,0.8921425711997711,0.9285714285714286
Gemini,full,raw_1call,AmazonHelp,Echo,3,17,0,0,1.0,1.0,1.0,1.0,1.0
Gemini,full,raw_1call,AmazonHelp,Investigate Issue,8,8,3,0,0.7272727272727273,1.0,0.8421052631578948,0.7272727272727273,0.8636363636363636
Gemini,full,raw_1call,AmazonHelp,Kindle,0,20,0,0,0.0,0.0,0.0,0.0,0.5
Gemini,full,raw_1call,AmazonHelp,Order Cancellation,1,19,0,0,1.0,1.0,1.0,1.0,1.0
Gemini,full,raw_1call,AmazonHelp,Packaging,1,19,0,0,1.0,1.0,1.0,1.0,1.0
Gemini,full,raw_1call,AmazonHelp,Prime,7,13,0,0,1.0,1.0,1.0,1.0,1.0
Gemini,full,raw_1call,AmazonHelp,Provide URL,13,6,0,0,1.0,1.0,1.0,1.0,1.0
Gemini,full,raw_1call,AmazonHelp,Provide delivery date,2,17,0,0,1.0,1.0,1.0,1.0,1.0
Gemini,full,raw_1call,AmazonHelp,Refer to specialist team,2,17,0,0,1.0,1.0,1.0,1.0,1.0
Gemini,full,raw_1call,AmazonHelp,Refund,0,20,0,0,0.0,0.0,0.0,0.0,0.5
Gemini,full,raw_1call,AmazonHelp,Replacement,0,20,0,0,0.0,0.0,0.0,0.0,0.5
Gemini,full,raw_1call,AmazonHelp,Request to call by phone,3,16,0,0,1.0,1.0,1.0,1.0,1.0
Gemini,full,raw_1call,AmazonHelp,Request to not send personal details,1,18,0,0,1.0,1.0,1.0,1.0,1.0
Gemini,full,raw_1call,AmazonHelp,Request to reach out by chat,2,17,0,0,1.0,1.0,1.0,1.0,1.0
Gemini,full,raw_1call,AmazonHelp,Return,2,18,0,0,1.0,1.0,1.0,1.0,1.0
Gemini,full,raw_1call,AppleSupport,Battery,6,24,1,0,0.8571428571428571,1.0,0.923076923076923,0.9071147352221454,0.98
Gemini,full,raw_1call,AppleSupport,Investigate issue,15,5,6,1,0.7142857142857143,0.9375,0.8108108108108109,0.46334820431459367,0.6960227272727273
Gemini,full,raw_1call,AppleSupport,Mac,3,27,1,0,0.75,1.0,0.8571428571428571,0.8504200642707612,0.9821428571428572
Gemini,full,raw_1call,AppleSupport,Provide URL,16,11,0,0,1.0,1.0,1.0,1.0,1.0
Gemini,full,raw_1call,AppleSupport,Provide device model,6,23,2,0,0.75,1.0,0.8571428571428571,0.8306623862918076,0.96
Gemini,full,raw_1call,AppleSupport,Provide system version,10,20,1,0,0.9090909090909091,1.0,0.9523809523809523,0.9304842103984708,0.9761904761904762
Gemini,full,raw_1call,AppleSupport,Recommend backing up,0,27,0,0,0.0,0.0,0.0,0.0,0.5
Gemini,full,raw_1call,AppleSupport,Recommend updating,0,27,0,0,0.0,0.0,0.0,0.0,0.5
Gemini,full,raw_1call,AppleSupport,Refer to specialist team,0,27,0,0,0.0,0.0,0.0,0.0,0.5
Gemini,full,raw_1call,AppleSupport,Refund,2,29,0,0,1.0,1.0,1.0,1.0,1.0
Gemini,full,raw_1call,AppleSupport,Request DM,12,14,1,0,0.9230769230769231,1.0,0.9600000000000001,0.9281909617845143,0.9666666666666667
Gemini,full,raw_1call,AppleSupport,Request country,0,27,0,0,0.0,0.0,0.0,0.0,0.5
Gemini,full,raw_1call,AppleSupport,Request device model,3,24,0,0,1.0,1.0,1.0,1.0,1.0
Gemini,full,raw_1call,AppleSupport,Request device restart,1,26,0,0,1.0,1.0,1.0,1.0,1.0
Gemini,full,raw_1call,AppleSupport,Request iOS version,8,19,0,0,1.0,1.0,1.0,1.0,1.0
Gemini,full,raw_1call,AppleSupport,Restart device,1,28,0,2,1.0,0.3333333333333333,0.5,0.5577733510227171,0.6666666666666666
Gemini,full,raw_1call,AppleSupport,Software/App,1,21,0,9,1.0,0.1,0.18181818181818182,0.2645751311064591,0.55
Gemini,full,raw_1call,AppleSupport,TV,0,31,0,0,0.0,0.0,0.0,0.0,0.5
Gemini,full,raw_1call,AppleSupport,Unresponsive/Freezing Device,5,23,3,0,0.625,1.0,0.7692307692307693,0.7435621126608156,0.9423076923076923
Gemini,full,raw_1call,AppleSupport,Update,14,16,1,0,0.9333333333333333,1.0,0.9655172413793104,0.9372466978064098,0.9705882352941176
Gemini,full,raw_1call,AppleSupport,iPad,0,31,0,0,0.0,0.0,0.0,0.0,0.5
Gemini,full,raw_1call,AppleSupport,iPhone,10,17,4,0,0.7142857142857143,1.0,0.8333333333333333,0.7604152106033959,0.9047619047619048
Gemini,full,raw_1call,SpotifyCares,Account,6,29,0,0,1.0,1.0,1.0,1.0,1.0
Gemini,full,raw_1call,SpotifyCares,Advertisement,2,33,0,0,1.0,1.0,1.0,1.0,1.0
Gemini,full,raw_1call,SpotifyCares,App,8,23,3,1,0.7272727272727273,0.8888888888888888,0.7999999999999999,0.7282301956244452,0.8867521367521367
Gemini,full,raw_1call,SpotifyCares,Billing/Payment,7,27,1,0,0.875,1.0,0.9333333333333333,0.9185586535436918,0.9821428571428572
Gemini,full,raw_1call,SpotifyCares,Family Subscription,1,34,0,0,1.0,1.0,1.0,1.0,1.0
Gemini,full,raw_1call,SpotifyCares,Hulu,1,34,0,0,1.0,1.0,1.0,1.0,1.0
Gemini,full,raw_1call,SpotifyCares,Login,4,29,2,0,0.6666666666666666,1.0,0.8,0.7897188828807974,0.967741935483871
Gemini,full,raw_1call,SpotifyCares,Logout,1,31,2,1,0.3333333333333333,0.5,0.4,0.36432620803146437,0.7196969696969697
Gemini,full,raw_1call,SpotifyCares,Offer further help,4,24,0,0,1.0,1.0,1.0,1.0,1.0
Gemini,full,raw_1call,SpotifyCares,Playlist,2,33,0,0,1.0,1.0,1.0,1.0,1.0
Gemini,full,raw_1call,SpotifyCares,Premium,2,32,1,0,0.6666666666666666,1.0,0.8,0.8040302522073697,0.9848484848484849
Gemini,full,raw_1call,SpotifyCares,Provide OS version,1,33,0,1,1.0,0.5,0.6666666666666666,0.696630546019236,0.75
Gemini,full,raw_1call,SpotifyCares,Provide URL,13,15,0,0,1.0,1.0,1.0,1.0,1.0
Gemini,full,raw_1call,SpotifyCares,Provide device model,2,29,2,2,0.5,0.5,0.5,0.43548387096774194,0.717741935483871
Gemini,full,raw_1call,SpotifyCares,Provide email address,0,35,0,0,0.0,0.0,0.0,0.0,0.5
Gemini,full,raw_1call,SpotifyCares,Provide error message,1,30,0,4,1.0,0.2,0.33333333333333337,0.420084025208403,0.6
Gemini,full,raw_1call,SpotifyCares,Provide spotify version,0,33,0,2,0.0,0.0,0.0,0.0,0.5
Gemini,full,raw_1call,SpotifyCares,Provide username,0,35,0,0,0.0,0.0,0.0,0.0,0.5
Gemini,full,raw_1call,SpotifyCares,Refer to specialist team,0,28,0,0,0.0,0.0,0.0,0.0,0.5
Gemini,full,raw_1call,SpotifyCares,Reinstall the app,0,34,0,1,0.0,0.0,0.0,0.0,0.5
Gemini,full,raw_1call,SpotifyCares,Request DM,1,21,0,6,1.0,0.14285714285714285,0.25,0.3333333333333333,0.5714285714285714
Gemini,full,raw_1call,SpotifyCares,Request OS version,3,25,0,0,1.0,1.0,1.0,1.0,1.0
Gemini,full,raw_1call,SpotifyCares,Request Spotify version,4,24,0,0,1.0,1.0,1.0,1.0,1.0
Gemini,full,raw_1call,SpotifyCares,Request device restart,3,25,0,0,1.0,1.0,1.0,1.0,1.0
Gemini,full,raw_1call,SpotifyCares,Request device version,4,24,0,0,1.0,1.0,1.0,1.0,1.0
Gemini,full,raw_1call,SpotifyCares,Request email address,0,22,0,6,0.0,0.0,0.0,0.0,0.5
Gemini,full,raw_1call,SpotifyCares,Request error message,3,25,0,0,1.0,1.0,1.0,1.0,1.0
Gemini,full,raw_1call,SpotifyCares,Request exact issue description,1,27,0,0,1.0,1.0,1.0,1.0,1.0
Gemini,full,raw_1call,SpotifyCares,Request login,3,25,0,0,1.0,1.0,1.0,1.0,1.0
Gemini,full,raw_1call,SpotifyCares,Request logout,3,25,0,0,1.0,1.0,1.0,1.0,1.0
Gemini,full,raw_1call,SpotifyCares,Request reinstall the app,1,26,0,1,1.0,0.5,0.6666666666666666,0.693888666488711,0.75
Gemini,full,raw_1call,SpotifyCares,Request username,0,23,0,5,0.0,0.0,0.0,0.0,0.5
Gemini,full,raw_1call,SpotifyCares,Restart device,2,32,1,0,0.6666666666666666,1.0,0.8,0.8040302522073697,0.9848484848484849
Gemini,full,raw_1call,SpotifyCares,Song/Artist,5,25,5,0,0.5,1.0,0.6666666666666666,0.6454972243679028,0.9166666666666667
Gemini,full,raw_1call,SpotifyCares,Student Subscription,2,33,0,0,1.0,1.0,1.0,1.0,1.0
Gemini,full,validated_paths10_thr0.5,AmazonHelp,Account,2,17,1,0,0.6666666666666666,1.0,0.8,0.7934920476158722,0.9722222222222222
Gemini,full,validated_paths10_thr0.5,AmazonHelp,Alexa,2,18,0,0,1.0,1.0,1.0,1.0,1.0
Gemini,full,validated_paths10_thr0.5,AmazonHelp,Apologize,8,11,0,0,1.0,1.0,1.0,1.0,1.0
Gemini,full,validated_paths10_thr0.5,AmazonHelp,Bad Support,2,15,2,1,0.5,0.6666666666666666,0.5714285714285715,0.4900980294098034,0.7745098039215685
Gemini,full,validated_paths10_thr0.5,AmazonHelp,Delivery,6,12,1,1,0.8571428571428571,0.8571428571428571,0.8571428571428571,0.7802197802197802,0.8901098901098901
Gemini,full,validated_paths10_thr0.5,AmazonHelp,Echo,3,17,0,0,1.0,1.0,1.0,1.0,1.0
Gemini,full,validated_paths10_thr0.5,AmazonHelp,Investigate Issue,8,9,2,0,0.8,1.0,0.888888888888889,0.8090398349558905,0.9090909090909092
Gemini,full,validated_paths10_thr0.5,AmazonHelp,Kindle,0,20,0,0,0.0,0.0,0.0,0.0,0.5
Gemini,full,validated_paths10_thr0.5,AmazonHelp,Order Cancellation,1,19,0,0,1.0,1.0,1.0,1.0,1.0
Gemini,full,validated_paths10_thr0.5,AmazonHelp,Packaging,1,19,0,0,1.0,1.0,1.0,1.0,1.0
Gemini,full,validated_paths10_thr0.5,AmazonHelp,Prime,7,13,0,0,1.0,1.0,1.0,1.0,1.0
Gemini,full,validated_paths10_thr0.5,AmazonHelp,Provide URL,13,6,0,0,1.0,1.0,1.0,1.0,1.0
Gemini,full,validated_paths10_thr0.5,AmazonHelp,Provide delivery date,2,17,0,0,1.0,1.0,1.0,1.0,1.0
Gemini,full,validated_paths10_thr0.5,AmazonHelp,Refer to specialist team,2,17,0,0,1.0,1.0,1.0,1.0,1.0
Gemini,full,validated_paths10_thr0.5,AmazonHelp,Refund,0,20,0,0,0.0,0.0,0.0,0.0,0.5
Gemini,full,validated_paths10_thr0.5,AmazonHelp,Replacement,0,20,0,0,0.0,0.0,0.0,0.0,0.5
Gemini,full,validated_paths10_thr0.5,AmazonHelp,Request to call by phone,3,16,0,0,1.0,1.0,1.0,1.0,1.0
Gemini,full,validated_paths10_thr0.5,AmazonHelp,Request to not send personal details,1,18,0,0,1.0,1.0,1.0,1.0,1.0
Gemini,full,validated_paths10_thr0.5,AmazonHelp,Request to reach out by chat,2,17,0,0,1.0,1.0,1.0,1.0,1.0
Gemini,full,validated_paths10_thr0.5,AmazonHelp,Return,2,18,0,0,1.0,1.0,1.0,1.0,1.0
Gemini,full,validated_paths10_thr0.5,AppleSupport,Battery,6,24,1,0,0.8571428571428571,1.0,0.923076923076923,0.9071147352221454,0.98
Gemini,full,validated_paths10_thr0.5,AppleSupport,Investigate issue,15,6,5,1,0.75,0.9375,0.8333333333333334,0.5415001409024772,0.7414772727272727
Gemini,full,validated_paths10_thr0.5,AppleSupport,Mac,3,27,1,0,0.75,1.0,0.8571428571428571,0.8504200642707612,0.9821428571428572
Gemini,full,validated_paths10_thr0.5,AppleSupport,Provide URL,16,11,0,0,1.0,1.0,1.0,1.0,1.0
Gemini,full,validated_paths10_thr0.5,AppleSupport,Provide device model,6,24,1,0,0.8571428571428571,1.0,0.923076923076923,0.9071147352221454,0.98
Gemini,full,validated_paths10_thr0.5,AppleSupport,Provide system version,10,20,1,0,0.9090909090909091,1.0,0.9523809523809523,0.9304842103984708,0.9761904761904762
Gemini,full,validated_paths10_thr0.5,AppleSupport,Recommend backing up,0,27,0,0,0.0,0.0,0.0,0.0,0.5
Gemini,full,validated_paths10_thr0.5,AppleSupport,Recommend updating,0,27,0,0,0.0,0.0,0.0,0.0,0.5
Gemini,full,validated_paths10_thr0.5,AppleSupport,Refer to specialist team,0,27,0,0,0.0,0.0,0.0,0.0,0.5
Gemini,full,validated_paths10_thr0.5,AppleSupport,Refund,2,29,0,0,1.0,1.0,1.0,1.0,1.0
Gemini,full,validated_paths10_thr0.5,AppleSupport,Request DM,12,14,1,0,0.9230769230769231,1.0,0.9600000000000001,0.9281909617845143,0.9666666666666667
Gemini,full,validated_paths10_thr0.5,AppleSupport,Request country,0,27,0,0,0.0,0.0,0.0,0.0,0.5
Gemini,full,validated_paths10_thr0.5,AppleSupport,Request device model,3,24,0,0,1.0,1.0,1.0,1.0,1.0
Gemini,full,validated_paths10_thr0.5,AppleSupport,Request device restart,1,26,0,0,1.0,1.0,1.0,1.0,1.0
Gemini,full,validated_paths10_thr0.5,AppleSupport,Request iOS version,8,19,0,0,1.0,1.0,1.0,1.0,1.0
Gemini,full,validated_paths10_thr0.5,AppleSupport,Restart device,3,27,1,0,0.75,1.0,0.8571428571428571,0.8504200642707612,0.9821428571428572
Gemini,full,validated_paths10_thr0.5,AppleSupport,Software/App,10,19,2,0,0.8333333333333334,1.0,0.9090909090909091,0.8683134537528795,0.9523809523809523
Gemini,full,validated_paths10_thr0.5,AppleSupport,TV,0,31,0,0,0.0,0.0,0.0,0.0,0.5
Gemini,full,validated_paths10_thr0.5,AppleSupport,Unresponsive/Freezing Device,5,21,5,0,0.5,1.0,0.6666666666666666,0.6354889093022426,0.9038461538461539
Gemini,full,validated_paths10_thr0.5,AppleSupport,Update,14,16,1,0,0.9333333333333333,1.0,0.9655172413793104,0.9372466978064098,0.9705882352941176
Gemini,full,validated_paths10_thr0.5,AppleSupport,iPad,0,31,0,0,0.0,0.0,0.0,0.0,0.5
Gemini,full,validated_paths10_thr0.5,AppleSupport,iPhone,10,15,6,0,0.625,1.0,0.7692307692307693,0.6681531047810609,0.8571428571428572
Gemini,full,validated_paths10_thr0.5,SpotifyCares,Account,5,29,0,1,1.0,0.8333333333333334,0.9090909090909091,0.8975274678557507,0.9166666666666667
Gemini,full,validated_paths10_thr0.5,SpotifyCares,Advertisement,2,33,0,0,1.0,1.0,1.0,1.0,1.0
Gemini,full,validated_paths10_thr0.5,SpotifyCares,App,8,21,5,1,0.6153846153846154,0.8888888888888888,0.7272727272727274,0.6300813995663521,0.8482905982905983
Gemini,full,validated_paths10_thr0.5,SpotifyCares,Billing/Payment,7,27,1,0,0.875,1.0,0.9333333333333333,0.9185586535436918,0.9821428571428572
Gemini,full,validated_paths10_thr0.5,SpotifyCares,Family Subscription,1,34,0,0,1.0,1.0,1.0,1.0,1.0
Gemini,full,validated_paths10_thr0.5,SpotifyCares,Hulu,1,34,0,0,1.0,1.0,1.0,1.0,1.0
Gemini,full,validated_paths10_thr0.5,SpotifyCares,Login,4,28,3,0,0.5714285714285714,1.0,0.7272727272727273,0.7184212081070996,0.9516129032258065
Gemini,full,validated_paths10_thr0.5,SpotifyCares,Logout,2,30,3,0,0.4,1.0,0.5714285714285715,0.6030226891555273,0.9545454545454546
Gemini,full,validated_paths10_thr0.5,SpotifyCares,Offer further help,4,24,0,0,1.0,1.0,1.0,1.0,1.0
Gemini,full,validated_paths10_thr0.5,SpotifyCares,Playlist,2,33,0,0,1.0,1.0,1.0,1.0,1.0
Gemini,full,validated_paths10_thr0.5,SpotifyCares,Premium,2,32,1,0,0.6666666666666666,1.0,0.8,0.8040302522073697,0.9848484848484849
Gemini,full,validated_paths10_thr0.5,SpotifyCares,Provide OS version,2,33,0,0,1.0,1.0,1.0,1.0,1.0
Gemini,full,validated_paths10_thr0.5,SpotifyCares,Provide URL,13,15,0,0,1.0,1.0,1.0,1.0,1.0
Gemini,full,validated_paths10_thr0.5,SpotifyCares,Provide device model,4,29,2,0,0.6666666666666666,1.0,0.8,0.7897188828807974,0.967741935483871
Gemini,full,validated_paths10_thr0.5,SpotifyCares,Provide email address,0,35,0,0,0.0,0.0,0.0,0.0,0.5
Gemini,full,validated_paths10_thr0.5,SpotifyCares,Provide error message,3,30,0,2,1.0,0.6,0.7499999999999999,0.75,0.8
Gemini,full,validated_paths10_thr0.5,SpotifyCares,Provide spotify version,2,31,2,0,0.5,1.0,0.6666666666666666,0.6853444168423419,0.9696969696969697
Gemini,full,validated_paths10_thr0.5,SpotifyCares,Provide username,0,35,0,0,0.0,0.0,0.0,0.0,0.5
Gemini,full,validated_paths10_thr0.5,SpotifyCares,Refer to specialist team,0,27,1,0,0.0,0.0,0.0,0.0,0.48214285714285715
Gemini,full,validated_paths10_thr0.5,SpotifyCares,Reinstall the app,1,34,0,0,1.0,1.0,1.0,1.0,1.0
Gemini,full,validated_paths10_thr0.5,SpotifyCares,Request DM,1,21,0,6,1.0,0.14285714285714285,0.25,0.3333333333333333,0.5714285714285714
Gemini,full,validated_paths10_thr0.5,SpotifyCares,Request OS version,3,25,0,0,1.0,1.0,1.0,1.0,1.0
Gemini,full,validated_paths10_thr0.5,SpotifyCares,Request Spotify version,4,24,0,0,1.0,1.0,1.0,1.0,1.0
Gemini,full,validated_paths10_thr0.5,SpotifyCares,Request device restart,3,25,0,0,1.0,1.0,1.0,1.0,1.0
Gemini,full,validated_paths10_thr0.5,SpotifyCares,Request device version,4,24,0,0,1.0,1.0,1.0,1.0,1.0
Gemini,full,validated_paths10_thr0.5,SpotifyCares,Request email address,6,22,0,0,1.0,1.0,1.0,1.0,1.0
Gemini,full,validated_paths10_thr0.5,SpotifyCares,Request error message,3,25,0,0,1.0,1.0,1.0,1.0,1.0
Gemini,full,validated_paths10_thr0.5,SpotifyCares,Request exact issue description,1,27,0,0,1.0,1.0,1.0,1.0,1.0
Gemini,full,validated_paths10_thr0.5,SpotifyCares,Request login,3,25,0,0,1.0,1.0,1.0,1.0,1.0
Gemini,full,validated_paths10_thr0.5,SpotifyCares,Request logout,3,25,0,0,1.0,1.0,1.0,1.0,1.0
Gemini,full,validated_paths10_thr0.5,SpotifyCares,Request reinstall the app,2,26,0,0,1.0,1.0,1.0,1.0,1.0
Gemini,full,validated_paths10_thr0.5,SpotifyCares,Request username,5,23,0,0,1.0,1.0,1.0,1.0,1.0
Gemini,full,validated_paths10_thr0.5,SpotifyCares,Restart device,2,31,2,0,0.5,1.0,0.6666666666666666,0.6853444168423419,0.9696969696969697
Gemini,full,validated_paths10_thr0.5,SpotifyCares,Song/Artist,5,25,5,0,0.5,1.0,0.6666666666666666,0.6454972243679028,0.9166666666666667
Gemini,full,validated_paths10_thr0.5,SpotifyCares,Student Subscription,2,33,0,0,1.0,1.0,1.0,1.0,1.0
Gemini,full,validated_paths10_thr0.6,AmazonHelp,Account,2,17,1,0,0.6666666666666666,1.0,0.8,0.7934920476158722,0.9722222222222222
Gemini,full,validated_paths10_thr0.6,AmazonHelp,Alexa,2,18,0,0,1.0,1.0,1.0,1.0,1.0
Gemini,full,validated_paths10_thr0.6,AmazonHelp,Apologize,8,11,0,0,1.0,1.0,1.0,1.0,1.0
Gemini,full,validated_paths10_thr0.6,AmazonHelp,Bad Support,2,15,2,1,0.5,0.6666666666666666,0.5714285714285715,0.4900980294098034,0.7745098039215685
Gemini,full,validated_paths10_thr0.6,AmazonHelp,Delivery,6,12,1,1,0.8571428571428571,0.8571428571428571,0.8571428571428571,0.7802197802197802,0.8901098901098901
Gemini,full,validated_paths10_thr0.6,AmazonHelp,Echo,3,17,0,0,1.0,1.0,1.0,1.0,1.0
Gemini,full,validated_paths10_thr0.6,AmazonHelp,Investigate Issue,8,9,2,0,0.8,1.0,0.888888888888889,0.8090398349558905,0.9090909090909092
Gemini,full,validated_paths10_thr0.6,AmazonHelp,Kindle,0,20,0,0,0.0,0.0,0.0,0.0,0.5
Gemini,full,validated_paths10_thr0.6,AmazonHelp,Order Cancellation,1,19,0,0,1.0,1.0,1.0,1.0,1.0
Gemini,full,validated_paths10_thr0.6,AmazonHelp,Packaging,1,19,0,0,1.0,1.0,1.0,1.0,1.0
Gemini,full,validated_paths10_thr0.6,AmazonHelp,Prime,7,13,0,0,1.0,1.0,1.0,1.0,1.0
Gemini,full,validated_paths10_thr0.6,AmazonHelp,Provide URL,13,6,0,0,1.0,1.0,1.0,1.0,1.0
Gemini,full,validated_paths10_thr0.6,AmazonHelp,Provide delivery date,2,17,0,0,1.0,1.0,1.0,1.0,1.0
Gemini,full,validated_paths10_thr0.6,AmazonHelp,Refer to specialist team,2,17,0,0,1.0,1.0,1.0,1.0,1.0
Gemini,full,validated_paths10_thr0.6,AmazonHelp,Refund,0,20,0,0,0.0,0.0,0.0,0.0,0.5
Gemini,full,validated_paths10_thr0.6,AmazonHelp,Replacement,0,20,0,0,0.0,0.0,0.0,0.0,0.5
Gemini,full,validated_paths10_thr0.6,AmazonHelp,Request to call by phone,3,16,0,0,1.0,1.0,1.0,1.0,1.0
Gemini,full,validated_paths10_thr0.6,AmazonHelp,Request to not send personal details,1,18,0,0,1.0,1.0,1.0,1.0,1.0
Gemini,full,validated_paths10_thr0.6,AmazonHelp,Request to reach out by chat,2,17,0,0,1.0,1.0,1.0,1.0,1.0
Gemini,full,validated_paths10_thr0.6,AmazonHelp,Return,2,18,0,0,1.0,1.0,1.0,1.0,1.0
Gemini,full,validated_paths10_thr0.6,AppleSupport,Battery,6,24,1,0,0.8571428571428571,1.0,0.923076923076923,0.9071147352221454,0.98
Gemini,full,validated_paths10_thr0.6,AppleSupport,Investigate issue,15,6,5,1,0.75,0.9375,0.8333333333333334,0.5415001409024772,0.7414772727272727
Gemini,full,validated_paths10_thr0.6,AppleSupport,Mac,3,27,1,0,0.75,1.0,0.8571428571428571,0.8504200642707612,0.9821428571428572
Gemini,full,validated_paths10_thr0.6,AppleSupport,Provide URL,16,11,0,0,1.0,1.0,1.0,1.0,1.0
Gemini,full,validated_paths10_thr0.6,AppleSupport,Provide device model,6,24,1,0,0.8571428571428571,1.0,0.923076923076923,0.9071147352221454,0.98
Gemini,full,validated_paths10_thr0.6,AppleSupport,Provide system version,10,20,1,0,0.9090909090909091,1.0,0.9523809523809523,0.9304842103984708,0.9761904761904762
Gemini,full,validated_paths10_thr0.6,AppleSupport,Recommend backing up,0,27,0,0,0.0,0.0,0.0,0.0,0.5
Gemini,full,validated_paths10_thr0.6,AppleSupport,Recommend updating,0,27,0,0,0.0,0.0,0.0,0.0,0.5
Gemini,full,validated_paths10_thr0.6,AppleSupport,Refer to specialist team,0,27,0,0,0.0,0.0,0.0,0.0,0.5
Gemini,full,validated_paths10_thr0.6,AppleSupport,Refund,2,29,0,0,1.0,1.0,1.0,1.0,1.0
Gemini,full,validated_paths10_thr0.6,AppleSupport,Request DM,12,14,1,0,0.9230769230769231,1.0,0.9600000000000001,0.9281909617845143,0.9666666666666667
Gemini,full,validated_paths10_thr0.6,AppleSupport,Request country,0,27,0,0,0.0,0.0,0.0,0.0,0.5
Gemini,full,validated_paths10_thr0.6,AppleSupport,Request device model,3,24,0,0,1.0,1.0,1.0,1.0,1.0
Gemini,full,validated_paths10_thr0.6,AppleSupport,Request device restart,1,26,0,0,1.0,1.0,1.0,1.0,1.0
Gemini,full,validated_paths10_thr0.6,AppleSupport,Request iOS version,8,19,0,0,1.0,1.0,1.0,1.0,1.0
Gemini,full,validated_paths10_thr0.6,AppleSupport,Restart device,3,27,1,0,0.75,1.0,0.8571428571428571,0.8504200642707612,0.9821428571428572
Gemini,full,validated_paths10_thr0.6,AppleSupport,Software/App,10,19,2,0,0.8333333333333334,1.0,0.9090909090909091,0.8683134537528795,0.9523809523809523
Gemini,full,validated_paths10_thr0.6,AppleSupport,TV,0,31,0,0,0.0,0.0,0.0,0.0,0.5
Gemini,full,validated_paths10_thr0.6,AppleSupport,Unresponsive/Freezing Device,5,21,5,0,0.5,1.0,0.6666666666666666,0.6354889093022426,0.9038461538461539
Gemini,full,validated_paths10_thr0.6,AppleSupport,Update,14,16,1,0,0.9333333333333333,1.0,0.9655172413793104,0.9372466978064098,0.9705882352941176
Gemini,full,validated_paths10_thr0.6,AppleSupport,iPad,0,31,0,0,0.0,0.0,0.0,0.0,0.5
Gemini,full,validated_paths10_thr0.6,AppleSupport,iPhone,10,15,6,0,0.625,1.0,0.7692307692307693,0.6681531047810609,0.8571428571428572
Gemini,full,validated_paths10_thr0.6,SpotifyCares,Account,5,29,0,1,1.0,0.8333333333333334,0.9090909090909091,0.8975274678557507,0.9166666666666667
Gemini,full,validated_paths10_thr0.6,SpotifyCares,Advertisement,2,33,0,0,1.0,1.0,1.0,1.0,1.0
Gemini,full,validated_paths10_thr0.6,SpotifyCares,App,8,21,5,1,0.6153846153846154,0.8888888888888888,0.7272727272727274,0.6300813995663521,0.8482905982905983
Gemini,full,validated_paths10_thr0.6,SpotifyCares,Billing/Payment,7,27,1,0,0.875,1.0,0.9333333333333333,0.9185586535436918,0.9821428571428572
Gemini,full,validated_paths10_thr0.6,SpotifyCares,Family Subscription,1,34,0,0,1.0,1.0,1.0,1.0,1.0
Gemini,full,validated_paths10_thr0.6,SpotifyCares,Hulu,1,34,0,0,1.0,1.0,1.0,1.0,1.0
Gemini,full,validated_paths10_thr0.6,SpotifyCares,Login,4,28,3,0,0.5714285714285714,1.0,0.7272727272727273,0.7184212081070996,0.9516129032258065
Gemini,full,validated_paths10_thr0.6,SpotifyCares,Logout,2,30,3,0,0.4,1.0,0.5714285714285715,0.6030226891555273,0.9545454545454546
Gemini,full,validated_paths10_thr0.6,SpotifyCares,Offer further help,4,24,0,0,1.0,1.0,1.0,1.0,1.0
Gemini,full,validated_paths10_thr0.6,SpotifyCares,Playlist,2,33,0,0,1.0,1.0,1.0,1.0,1.0
Gemini,full,validated_paths10_thr0.6,SpotifyCares,Premium,2,32,1,0,0.6666666666666666,1.0,0.8,0.8040302522073697,0.9848484848484849
Gemini,full,validated_paths10_thr0.6,SpotifyCares,Provide OS version,2,33,0,0,1.0,1.0,1.0,1.0,1.0
Gemini,full,validated_paths10_thr0.6,SpotifyCares,Provide URL,13,15,0,0,1.0,1.0,1.0,1.0,1.0
Gemini,full,validated_paths10_thr0.6,SpotifyCares,Provide device model,4,29,2,0,0.6666666666666666,1.0,0.8,0.7897188828807974,0.967741935483871
Gemini,full,validated_paths10_thr0.6,SpotifyCares,Provide email address,0,35,0,0,0.0,0.0,0.0,0.0,0.5
Gemini,full,validated_paths10_thr0.6,SpotifyCares,Provide error message,3,30,0,2,1.0,0.6,0.7499999999999999,0.75,0.8
Gemini,full,validated_paths10_thr0.6,SpotifyCares,Provide spotify version,2,31,2,0,0.5,1.0,0.6666666666666666,0.6853444168423419,0.9696969696969697
Gemini,full,validated_paths10_thr0.6,SpotifyCares,Provide username,0,35,0,0,0.0,0.0,0.0,0.0,0.5
Gemini,full,validated_paths10_thr0.6,SpotifyCares,Refer to specialist team,0,28,0,0,0.0,0.0,0.0,0.0,0.5
Gemini,full,validated_paths10_thr0.6,SpotifyCares,Reinstall the app,1,34,0,0,1.0,1.0,1.0,1.0,1.0
Gemini,full,validated_paths10_thr0.6,SpotifyCares,Request DM,1,21,0,6,1.0,0.14285714285714285,0.25,0.3333333333333333,0.5714285714285714
Gemini,full,validated_paths10_thr0.6,SpotifyCares,Request OS version,3,25,0,0,1.0,1.0,1.0,1.0,1.0
Gemini,full,validated_paths10_thr0.6,SpotifyCares,Request Spotify version,4,24,0,0,1.0,1.0,1.0,1.0,1.0
Gemini,full,validated_paths10_thr0.6,SpotifyCares,Request device restart,3,25,0,0,1.0,1.0,1.0,1.0,1.0
Gemini,full,validated_paths10_thr0.6,SpotifyCares,Request device version,4,24,0,0,1.0,1.0,1.0,1.0,1.0
Gemini,full,validated_paths10_thr0.6,SpotifyCares,Request email address,6,22,0,0,1.0,1.0,1.0,1.0,1.0
Gemini,full,validated_paths10_thr0.6,SpotifyCares,Request error message,3,25,0,0,1.0,1.0,1.0,1.0,1.0
Gemini,full,validated_paths10_thr0.6,SpotifyCares,Request exact issue description,1,27,0,0,1.0,1.0,1.0,1.0,1.0
Gemini,full,validated_paths10_thr0.6,SpotifyCares,Request login,3,25,0,0,1.0,1.0,1.0,1.0,1.0
Gemini,full,validated_paths10_thr0.6,SpotifyCares,Request logout,3,25,0,0,1.0,1.0,1.0,1.0,1.0
Gemini,full,validated_paths10_thr0.6,SpotifyCares,Request reinstall the app,2,26,0,0,1.0,1.0,1.0,1.0,1.0
Gemini,full,validated_paths10_thr0.6,SpotifyCares,Request username,5,23,0,0,1.0,1.0,1.0,1.0,1.0
Gemini,full,validated_paths10_thr0.6,SpotifyCares,Restart device,2,31,2,0,0.5,1.0,0.6666666666666666,0.6853444168423419,0.9696969696969697
Gemini,full,validated_paths10_thr0.6,SpotifyCares,Song/Artist,5,25,5,0,0.5,1.0,0.6666666666666666,0.6454972243679028,0.9166666666666667
Gemini,full,validated_paths10_thr0.6,SpotifyCares,Student Subscription,2,33,0,0,1.0,1.0,1.0,1.0,1.0
Gemini,full,validated_paths10_thr0.7,AmazonHelp,Account,2,17,1,0,0.6666666666666666,1.0,0.8,0.7934920476158722,0.9722222222222222
Gemini,full,validated_paths10_thr0.7,AmazonHelp,Alexa,2,18,0,0,1.0,1.0,1.0,1.0,1.0
Gemini,full,validated_paths10_thr0.7,AmazonHelp,Apologize,8,11,0,0,1.0,1.0,1.0,1.0,1.0
Gemini,full,validated_paths10_thr0.7,AmazonHelp,Bad Support,2,15,2,1,0.5,0.6666666666666666,0.5714285714285715,0.4900980294098034,0.7745098039215685
Gemini,full,validated_paths10_thr0.7,AmazonHelp,Delivery,6,12,1,1,0.8571428571428571,0.8571428571428571,0.8571428571428571,0.7802197802197802,0.8901098901098901
Gemini,full,validated_paths10_thr0.7,AmazonHelp,Echo,3,17,0,0,1.0,1.0,1.0,1.0,1.0
Gemini,full,validated_paths10_thr0.7,AmazonHelp,Investigate Issue,8,9,2,0,0.8,1.0,0.888888888888889,0.8090398349558905,0.9090909090909092
Gemini,full,validated_paths10_thr0.7,AmazonHelp,Kindle,0,20,0,0,0.0,0.0,0.0,0.0,0.5
Gemini,full,validated_paths10_thr0.7,AmazonHelp,Order Cancellation,1,19,0,0,1.0,1.0,1.0,1.0,1.0
Gemini,full,validated_paths10_thr0.7,AmazonHelp,Packaging,1,19,0,0,1.0,1.0,1.0,1.0,1.0
Gemini,full,validated_paths10_thr0.7,AmazonHelp,Prime,7,13,0,0,1.0,1.0,1.0,1.0,1.0
Gemini,full,validated_paths10_thr0.7,AmazonHelp,Provide URL,13,6,0,0,1.0,1.0,1.0,1.0,1.0
Gemini,full,validated_paths10_thr0.7,AmazonHelp,Provide delivery date,2,17,0,0,1.0,1.0,1.0,1.0,1.0
Gemini,full,validated_paths10_thr0.7,AmazonHelp,Refer to specialist team,2,17,0,0,1.0,1.0,1.0,1.0,1.0
Gemini,full,validated_paths10_thr0.7,AmazonHelp,Refund,0,20,0,0,0.0,0.0,0.0,0.0,0.5
Gemini,full,validated_paths10_thr0.7,AmazonHelp,Replacement,0,20,0,0,0.0,0.0,0.0,0.0,0.5
Gemini,full,validated_paths10_thr0.7,AmazonHelp,Request to call by phone,3,16,0,0,1.0,1.0,1.0,1.0,1.0
Gemini,full,validated_paths10_thr0.7,AmazonHelp,Request to not send personal details,1,18,0,0,1.0,1.0,1.0,1.0,1.0
Gemini,full,validated_paths10_thr0.7,AmazonHelp,Request to reach out by chat,2,17,0,0,1.0,1.0,1.0,1.0,1.0
Gemini,full,validated_paths10_thr0.7,AmazonHelp,Return,2,18,0,0,1.0,1.0,1.0,1.0,1.0
Gemini,full,validated_paths10_thr0.7,AppleSupport,Battery,6,24,1,0,0.8571428571428571,1.0,0.923076923076923,0.9071147352221454,0.98
Gemini,full,validated_paths10_thr0.7,AppleSupport,Investigate issue,15,6,5,1,0.75,0.9375,0.8333333333333334,0.5415001409024772,0.7414772727272727
Gemini,full,validated_paths10_thr0.7,AppleSupport,Mac,3,27,1,0,0.75,1.0,0.8571428571428571,0.8504200642707612,0.9821428571428572
Gemini,full,validated_paths10_thr0.7,AppleSupport,Provide URL,16,11,0,0,1.0,1.0,1.0,1.0,1.0
Gemini,full,validated_paths10_thr0.7,AppleSupport,Provide device model,6,24,1,0,0.8571428571428571,1.0,0.923076923076923,0.9071147352221454,0.98
Gemini,full,validated_paths10_thr0.7,AppleSupport,Provide system version,10,20,1,0,0.9090909090909091,1.0,0.9523809523809523,0.9304842103984708,0.9761904761904762
Gemini,full,validated_paths10_thr0.7,AppleSupport,Recommend backing up,0,27,0,0,0.0,0.0,0.0,0.0,0.5
Gemini,full,validated_paths10_thr0.7,AppleSupport,Recommend updating,0,27,0,0,0.0,0.0,0.0,0.0,0.5
Gemini,full,validated_paths10_thr0.7,AppleSupport,Refer to specialist team,0,27,0,0,0.0,0.0,0.0,0.0,0.5
Gemini,full,validated_paths10_thr0.7,AppleSupport,Refund,2,29,0,0,1.0,1.0,1.0,1.0,1.0
Gemini,full,validated_paths10_thr0.7,AppleSupport,Request DM,12,14,1,0,0.9230769230769231,1.0,0.9600000000000001,0.9281909617845143,0.9666666666666667
Gemini,full,validated_paths10_thr0.7,AppleSupport,Request country,0,27,0,0,0.0,0.0,0.0,0.0,0.5
Gemini,full,validated_paths10_thr0.7,AppleSupport,Request device model,3,24,0,0,1.0,1.0,1.0,1.0,1.0
Gemini,full,validated_paths10_thr0.7,AppleSupport,Request device restart,1,26,0,0,1.0,1.0,1.0,1.0,1.0
Gemini,full,validated_paths10_thr0.7,AppleSupport,Request iOS version,8,19,0,0,1.0,1.0,1.0,1.0,1.0
Gemini,full,validated_paths10_thr0.7,AppleSupport,Restart device,3,27,1,0,0.75,1.0,0.8571428571428571,0.8504200642707612,0.9821428571428572
Gemini,full,validated_paths10_thr0.7,AppleSupport,Software/App,10,19,2,0,0.8333333333333334,1.0,0.9090909090909091,0.8683134537528795,0.9523809523809523
Gemini,full,validated_paths10_thr0.7,AppleSupport,TV,0,31,0,0,0.0,0.0,0.0,0.0,0.5
Gemini,full,validated_paths10_thr0.7,AppleSupport,Unresponsive/Freezing Device,5,21,5,0,0.5,1.0,0.6666666666666666,0.6354889093022426,0.9038461538461539
Gemini,full,validated_paths10_thr0.7,AppleSupport,Update,14,16,1,0,0.9333333333333333,1.0,0.9655172413793104,0.9372466978064098,0.9705882352941176
Gemini,full,validated_paths10_thr0.7,AppleSupport,iPad,0,31,0,0,0.0,0.0,0.0,0.0,0.5
Gemini,full,validated_paths10_thr0.7,AppleSupport,iPhone,10,15,6,0,0.625,1.0,0.7692307692307693,0.6681531047810609,0.8571428571428572
Gemini,full,validated_paths10_thr0.7,SpotifyCares,Account,5,29,0,1,1.0,0.8333333333333334,0.9090909090909091,0.8975274678557507,0.9166666666666667
Gemini,full,validated_paths10_thr0.7,SpotifyCares,Advertisement,2,33,0,0,1.0,1.0,1.0,1.0,1.0
Gemini,full,validated_paths10_thr0.7,SpotifyCares,App,8,21,5,1,0.6153846153846154,0.8888888888888888,0.7272727272727274,0.6300813995663521,0.8482905982905983
Gemini,full,validated_paths10_thr0.7,SpotifyCares,Billing/Payment,7,28,0,0,1.0,1.0,1.0,1.0,1.0
Gemini,full,validated_paths10_thr0.7,SpotifyCares,Family Subscription,1,34,0,0,1.0,1.0,1.0,1.0,1.0
Gemini,full,validated_paths10_thr0.7,SpotifyCares,Hulu,1,34,0,0,1.0,1.0,1.0,1.0,1.0
Gemini,full,validated_paths10_thr0.7,SpotifyCares,Login,4,28,3,0,0.5714285714285714,1.0,0.7272727272727273,0.7184212081070996,0.9516129032258065
Gemini,full,validated_paths10_thr0.7,SpotifyCares,Logout,2,30,3,0,0.4,1.0,0.5714285714285715,0.6030226891555273,0.9545454545454546
Gemini,full,validated_paths10_thr0.7,SpotifyCares,Offer further help,4,24,0,0,1.0,1.0,1.0,1.0,1.0
Gemini,full,validated_paths10_thr0.7,SpotifyCares,Playlist,2,33,0,0,1.0,1.0,1.0,1.0,1.0
Gemini,full,validated_paths10_thr0.7,SpotifyCares,Premium,2,32,1,0,0.6666666666666666,1.0,0.8,0.8040302522073697,0.9848484848484849
Gemini,full,validated_paths10_thr0.7,SpotifyCares,Provide OS version,2,33,0,0,1.0,1.0,1.0,1.0,1.0
Gemini,full,validated_paths10_thr0.7,SpotifyCares,Provide URL,13,15,0,0,1.0,1.0,1.0,1.0,1.0
Gemini,full,validated_paths10_thr0.7,SpotifyCares,Provide device model,4,29,2,0,0.6666666666666666,1.0,0.8,0.7897188828807974,0.967741935483871
Gemini,full,validated_paths10_thr0.7,SpotifyCares,Provide email address,0,35,0,0,0.0,0.0,0.0,0.0,0.5
Gemini,full,validated_paths10_thr0.7,SpotifyCares,Provide error message,3,30,0,2,1.0,0.6,0.7499999999999999,0.75,0.8
Gemini,full,validated_paths10_thr0.7,SpotifyCares,Provide spotify version,2,31,2,0,0.5,1.0,0.6666666666666666,0.6853444168423419,0.9696969696969697
Gemini,full,validated_paths10_thr0.7,SpotifyCares,Provide username,0,35,0,0,0.0,0.0,0.0,0.0,0.5
Gemini,full,validated_paths10_thr0.7,SpotifyCares,Refer to specialist team,0,28,0,0,0.0,0.0,0.0,0.0,0.5
Gemini,full,validated_paths10_thr0.7,SpotifyCares,Reinstall the app,1,34,0,0,1.0,1.0,1.0,1.0,1.0
Gemini,full,validated_paths10_thr0.7,SpotifyCares,Request DM,1,21,0,6,1.0,0.14285714285714285,0.25,0.3333333333333333,0.5714285714285714
Gemini,full,validated_paths10_thr0.7,SpotifyCares,Request OS version,3,25,0,0,1.0,1.0,1.0,1.0,1.0
Gemini,full,validated_paths10_thr0.7,SpotifyCares,Request Spotify version,4,24,0,0,1.0,1.0,1.0,1.0,1.0
Gemini,full,validated_paths10_thr0.7,SpotifyCares,Request device restart,3,25,0,0,1.0,1.0,1.0,1.0,1.0
Gemini,full,validated_paths10_thr0.7,SpotifyCares,Request device version,4,24,0,0,1.0,1.0,1.0,1.0,1.0
Gemini,full,validated_paths10_thr0.7,SpotifyCares,Request email address,6,22,0,0,1.0,1.0,1.0,1.0,1.0
Gemini,full,validated_paths10_thr0.7,SpotifyCares,Request error message,3,25,0,0,1.0,1.0,1.0,1.0,1.0
Gemini,full,validated_paths10_thr0.7,SpotifyCares,Request exact issue description,1,27,0,0,1.0,1.0,1.0,1.0,1.0
Gemini,full,validated_paths10_thr0.7,SpotifyCares,Request login,3,25,0,0,1.0,1.0,1.0,1.0,1.0
Gemini,full,validated_paths10_thr0.7,SpotifyCares,Request logout,3,25,0,0,1.0,1.0,1.0,1.0,1.0
Gemini,full,validated_paths10_thr0.7,SpotifyCares,Request reinstall the app,2,26,0,0,1.0,1.0,1.0,1.0,1.0
Gemini,full,validated_paths10_thr0.7,SpotifyCares,Request username,5,23,0,0,1.0,1.0,1.0,1.0,1.0
Gemini,full,validated_paths10_thr0.7,SpotifyCares,Restart device,2,31,2,0,0.5,1.0,0.6666666666666666,0.6853444168423419,0.9696969696969697
Gemini,full,validated_paths10_thr0.7,SpotifyCares,Song/Artist,5,26,4,0,0.5555555555555556,1.0,0.7142857142857143,0.693888666488711,0.9333333333333333
Gemini,full,validated_paths10_thr0.7,SpotifyCares,Student Subscription,2,33,0,0,1.0,1.0,1.0,1.0,1.0
Gemini,full,validated_paths10_thr0.8,AmazonHelp,Account,2,18,0,0,1.0,1.0,1.0,1.0,1.0
Gemini,full,validated_paths10_thr0.8,AmazonHelp,Alexa,2,18,0,0,1.0,1.0,1.0,1.0,1.0
Gemini,full,validated_paths10_thr0.8,AmazonHelp,Apologize,8,11,0,0,1.0,1.0,1.0,1.0,1.0
Gemini,full,validated_paths10_thr0.8,AmazonHelp,Bad Support,2,15,2,1,0.5,0.6666666666666666,0.5714285714285715,0.4900980294098034,0.7745098039215685
Gemini,full,validated_paths10_thr0.8,AmazonHelp,Delivery,6,12,1,1,0.8571428571428571,0.8571428571428571,0.8571428571428571,0.7802197802197802,0.8901098901098901
Gemini,full,validated_paths10_thr0.8,AmazonHelp,Echo,3,17,0,0,1.0,1.0,1.0,1.0,1.0
Gemini,full,validated_paths10_thr0.8,AmazonHelp,Investigate Issue,8,9,2,0,0.8,1.0,0.888888888888889,0.8090398349558905,0.9090909090909092
Gemini,full,validated_paths10_thr0.8,AmazonHelp,Kindle,0,20,0,0,0.0,0.0,0.0,0.0,0.5
Gemini,full,validated_paths10_thr0.8,AmazonHelp,Order Cancellation,1,19,0,0,1.0,1.0,1.0,1.0,1.0
Gemini,full,validated_paths10_thr0.8,AmazonHelp,Packaging,1,19,0,0,1.0,1.0,1.0,1.0,1.0
Gemini,full,validated_paths10_thr0.8,AmazonHelp,Prime,7,13,0,0,1.0,1.0,1.0,1.0,1.0
Gemini,full,validated_paths10_thr0.8,AmazonHelp,Provide URL,13,6,0,0,1.0,1.0,1.0,1.0,1.0
Gemini,full,validated_paths10_thr0.8,AmazonHelp,Provide delivery date,2,17,0,0,1.0,1.0,1.0,1.0,1.0
Gemini,full,validated_paths10_thr0.8,AmazonHelp,Refer to specialist team,2,17,0,0,1.0,1.0,1.0,1.0,1.0
Gemini,full,validated_paths10_thr0.8,AmazonHelp,Refund,0,20,0,0,0.0,0.0,0.0,0.0,0.5
Gemini,full,validated_paths10_thr0.8,AmazonHelp,Replacement,0,20,0,0,0.0,0.0,0.0,0.0,0.5
Gemini,full,validated_paths10_thr0.8,AmazonHelp,Request to call by phone,3,16,0,0,1.0,1.0,1.0,1.0,1.0
Gemini,full,validated_paths10_thr0.8,AmazonHelp,Request to not send personal details,1,18,0,0,1.0,1.0,1.0,1.0,1.0
Gemini,full,validated_paths10_thr0.8,AmazonHelp,Request to reach out by chat,2,17,0,0,1.0,1.0,1.0,1.0,1.0
Gemini,full,validated_paths10_thr0.8,AmazonHelp,Return,2,18,0,0,1.0,1.0,1.0,1.0,1.0
Gemini,full,validated_paths10_thr0.8,AppleSupport,Battery,6,24,1,0,0.8571428571428571,1.0,0.923076923076923,0.9071147352221454,0.98
Gemini,full,validated_paths10_thr0.8,AppleSupport,Investigate issue,15,6,5,1,0.75,0.9375,0.8333333333333334,0.5415001409024772,0.7414772727272727
Gemini,full,validated_paths10_thr0.8,AppleSupport,Mac,3,27,1,0,0.75,1.0,0.8571428571428571,0.8504200642707612,0.9821428571428572
Gemini,full,validated_paths10_thr0.8,AppleSupport,Provide URL,16,11,0,0,1.0,1.0,1.0,1.0,1.0
Gemini,full,validated_paths10_thr0.8,AppleSupport,Provide device model,6,24,1,0,0.8571428571428571,1.0,0.923076923076923,0.9071147352221454,0.98
Gemini,full,validated_paths10_thr0.8,AppleSupport,Provide system version,10,20,1,0,0.9090909090909091,1.0,0.9523809523809523,0.9304842103984708,0.9761904761904762
Gemini,full,validated_paths10_thr0.8,AppleSupport,Recommend backing up,0,27,0,0,0.0,0.0,0.0,0.0,0.5
Gemini,full,validated_paths10_thr0.8,AppleSupport,Recommend updating,0,27,0,0,0.0,0.0,0.0,0.0,0.5
Gemini,full,validated_paths10_thr0.8,AppleSupport,Refer to specialist team,0,27,0,0,0.0,0.0,0.0,0.0,0.5
Gemini,full,validated_paths10_thr0.8,AppleSupport,Refund,2,29,0,0,1.0,1.0,1.0,1.0,1.0
Gemini,full,validated_paths10_thr0.8,AppleSupport,Request DM,12,14,1,0,0.9230769230769231,1.0,0.9600000000000001,0.9281909617845143,0.9666666666666667
Gemini,full,validated_paths10_thr0.8,AppleSupport,Request country,0,27,0,0,0.0,0.0,0.0,0.0,0.5
Gemini,full,validated_paths10_thr0.8,AppleSupport,Request device model,3,24,0,0,1.0,1.0,1.0,1.0,1.0
Gemini,full,validated_paths10_thr0.8,AppleSupport,Request device restart,1,26,0,0,1.0,1.0,1.0,1.0,1.0
Gemini,full,validated_paths10_thr0.8,AppleSupport,Request iOS version,8,19,0,0,1.0,1.0,1.0,1.0,1.0
Gemini,full,validated_paths10_thr0.8,AppleSupport,Restart device,3,27,1,0,0.75,1.0,0.8571428571428571,0.8504200642707612,0.9821428571428572
Gemini,full,validated_paths10_thr0.8,AppleSupport,Software/App,10,19,2,0,0.8333333333333334,1.0,0.9090909090909091,0.8683134537528795,0.9523809523809523
Gemini,full,validated_paths10_thr0.8,AppleSupport,TV,0,31,0,0,0.0,0.0,0.0,0.0,0.5
Gemini,full,validated_paths10_thr0.8,AppleSupport,Unresponsive/Freezing Device,5,21,5,0,0.5,1.0,0.6666666666666666,0.6354889093022426,0.9038461538461539
Gemini,full,validated_paths10_thr0.8,AppleSupport,Update,14,16,1,0,0.9333333333333333,1.0,0.9655172413793104,0.9372466978064098,0.9705882352941176
Gemini,full,validated_paths10_thr0.8,AppleSupport,iPad,0,31,0,0,0.0,0.0,0.0,0.0,0.5
Gemini,full,validated_paths10_thr0.8,AppleSupport,iPhone,10,15,6,0,0.625,1.0,0.7692307692307693,0.6681531047810609,0.8571428571428572
Gemini,full,validated_paths10_thr0.8,SpotifyCares,Account,5,29,0,1,1.0,0.8333333333333334,0.9090909090909091,0.8975274678557507,0.9166666666666667
Gemini,full,validated_paths10_thr0.8,SpotifyCares,Advertisement,2,33,0,0,1.0,1.0,1.0,1.0,1.0
Gemini,full,validated_paths10_thr0.8,SpotifyCares,App,8,21,5,1,0.6153846153846154,0.8888888888888888,0.7272727272727274,0.6300813995663521,0.8482905982905983
Gemini,full,validated_paths10_thr0.8,SpotifyCares,Billing/Payment,7,28,0,0,1.0,1.0,1.0,1.0,1.0
Gemini,full,validated_paths10_thr0.8,SpotifyCares,Family Subscription,1,34,0,0,1.0,1.0,1.0,1.0,1.0
Gemini,full,validated_paths10_thr0.8,SpotifyCares,Hulu,1,34,0,0,1.0,1.0,1.0,1.0,1.0
Gemini,full,validated_paths10_thr0.8,SpotifyCares,Login,4,28,3,0,0.5714285714285714,1.0,0.7272727272727273,0.7184212081070996,0.9516129032258065
Gemini,full,validated_paths10_thr0.8,SpotifyCares,Logout,2,30,3,0,0.4,1.0,0.5714285714285715,0.6030226891555273,0.9545454545454546
Gemini,full,validated_paths10_thr0.8,SpotifyCares,Offer further help,4,24,0,0,1.0,1.0,1.0,1.0,1.0
Gemini,full,validated_paths10_thr0.8,SpotifyCares,Playlist,2,33,0,0,1.0,1.0,1.0,1.0,1.0
Gemini,full,validated_paths10_thr0.8,SpotifyCares,Premium,2,32,1,0,0.6666666666666666,1.0,0.8,0.8040302522073697,0.9848484848484849
Gemini,full,validated_paths10_thr0.8,SpotifyCares,Provide OS version,2,33,0,0,1.0,1.0,1.0,1.0,1.0
Gemini,full,validated_paths10_thr0.8,SpotifyCares,Provide URL,13,15,0,0,1.0,1.0,1.0,1.0,1.0
Gemini,full,validated_paths10_thr0.8,SpotifyCares,Provide device model,4,29,2,0,0.6666666666666666,1.0,0.8,0.7897188828807974,0.967741935483871
Gemini,full,validated_paths10_thr0.8,SpotifyCares,Provide email address,0,35,0,0,0.0,0.0,0.0,0.0,0.5
Gemini,full,validated_paths10_thr0.8,SpotifyCares,Provide error message,3,30,0,2,1.0,0.6,0.7499999999999999,0.75,0.8
Gemini,full,validated_paths10_thr0.8,SpotifyCares,Provide spotify version,2,31,2,0,0.5,1.0,0.6666666666666666,0.6853444168423419,0.9696969696969697
Gemini,full,validated_paths10_thr0.8,SpotifyCares,Provide username,0,35,0,0,0.0,0.0,0.0,0.0,0.5
Gemini,full,validated_paths10_thr0.8,SpotifyCares,Refer to specialist team,0,28,0,0,0.0,0.0,0.0,0.0,0.5
Gemini,full,validated_paths10_thr0.8,SpotifyCares,Reinstall the app,1,34,0,0,1.0,1.0,1.0,1.0,1.0
Gemini,full,validated_paths10_thr0.8,SpotifyCares,Request DM,1,21,0,6,1.0,0.14285714285714285,0.25,0.3333333333333333,0.5714285714285714
Gemini,full,validated_paths10_thr0.8,SpotifyCares,Request OS version,3,25,0,0,1.0,1.0,1.0,1.0,1.0
Gemini,full,validated_paths10_thr0.8,SpotifyCares,Request Spotify version,4,24,0,0,1.0,1.0,1.0,1.0,1.0
Gemini,full,validated_paths10_thr0.8,SpotifyCares,Request device restart,3,25,0,0,1.0,1.0,1.0,1.0,1.0
Gemini,full,validated_paths10_thr0.8,SpotifyCares,Request device version,4,24,0,0,1.0,1.0,1.0,1.0,1.0
Gemini,full,validated_paths10_thr0.8,SpotifyCares,Request email address,6,22,0,0,1.0,1.0,1.0,1.0,1.0
Gemini,full,validated_paths10_thr0.8,SpotifyCares,Request error message,3,25,0,0,1.0,1.0,1.0,1.0,1.0
Gemini,full,validated_paths10_thr0.8,SpotifyCares,Request exact issue description,1,27,0,0,1.0,1.0,1.0,1.0,1.0
Gemini,full,validated_paths10_thr0.8,SpotifyCares,Request login,3,25,0,0,1.0,1.0,1.0,1.0,1.0
Gemini,full,validated_paths10_thr0.8,SpotifyCares,Request logout,3,25,0,0,1.0,1.0,1.0,1.0,1.0
Gemini,full,validated_paths10_thr0.8,SpotifyCares,Request reinstall the app,2,26,0,0,1.0,1.0,1.0,1.0,1.0
Gemini,full,validated_paths10_thr0.8,SpotifyCares,Request username,5,23,0,0,1.0,1.0,1.0,1.0,1.0
Gemini,full,validated_paths10_thr0.8,SpotifyCares,Restart device,2,31,2,0,0.5,1.0,0.6666666666666666,0.6853444168423419,0.9696969696969697
Gemini,full,validated_paths10_thr0.8,SpotifyCares,Song/Artist,5,26,4,0,0.5555555555555556,1.0,0.7142857142857143,0.693888666488711,0.9333333333333333
Gemini,full,validated_paths10_thr0.8,SpotifyCares,Student Subscription,2,33,0,0,1.0,1.0,1.0,1.0,1.0
Gemini,full,validated_paths10_thr0.9,AmazonHelp,Account,2,18,0,0,1.0,1.0,1.0,1.0,1.0
Gemini,full,validated_paths10_thr0.9,AmazonHelp,Alexa,2,18,0,0,1.0,1.0,1.0,1.0,1.0
Gemini,full,validated_paths10_thr0.9,AmazonHelp,Apologize,8,11,0,0,1.0,1.0,1.0,1.0,1.0
Gemini,full,validated_paths10_thr0.9,AmazonHelp,Bad Support,2,15,2,1,0.5,0.6666666666666666,0.5714285714285715,0.4900980294098034,0.7745098039215685
Gemini,full,validated_paths10_thr0.9,AmazonHelp,Delivery,6,12,1,1,0.8571428571428571,0.8571428571428571,0.8571428571428571,0.7802197802197802,0.8901098901098901
Gemini,full,validated_paths10_thr0.9,AmazonHelp,Echo,3,17,0,0,1.0,1.0,1.0,1.0,1.0
Gemini,full,validated_paths10_thr0.9,AmazonHelp,Investigate Issue,8,9,2,0,0.8,1.0,0.888888888888889,0.8090398349558905,0.9090909090909092
Gemini,full,validated_paths10_thr0.9,AmazonHelp,Kindle,0,20,0,0,0.0,0.0,0.0,0.0,0.5
Gemini,full,validated_paths10_thr0.9,AmazonHelp,Order Cancellation,1,19,0,0,1.0,1.0,1.0,1.0,1.0
Gemini,full,validated_paths10_thr0.9,AmazonHelp,Packaging,1,19,0,0,1.0,1.0,1.0,1.0,1.0
Gemini,full,validated_paths10_thr0.9,AmazonHelp,Prime,7,13,0,0,1.0,1.0,1.0,1.0,1.0
Gemini,full,validated_paths10_thr0.9,AmazonHelp,Provide URL,13,6,0,0,1.0,1.0,1.0,1.0,1.0
Gemini,full,validated_paths10_thr0.9,AmazonHelp,Provide delivery date,2,17,0,0,1.0,1.0,1.0,1.0,1.0
Gemini,full,validated_paths10_thr0.9,AmazonHelp,Refer to specialist team,2,17,0,0,1.0,1.0,1.0,1.0,1.0
Gemini,full,validated_paths10_thr0.9,AmazonHelp,Refund,0,20,0,0,0.0,0.0,0.0,0.0,0.5
Gemini,full,validated_paths10_thr0.9,AmazonHelp,Replacement,0,20,0,0,0.0,0.0,0.0,0.0,0.5
Gemini,full,validated_paths10_thr0.9,AmazonHelp,Request to call by phone,3,16,0,0,1.0,1.0,1.0,1.0,1.0
Gemini,full,validated_paths10_thr0.9,AmazonHelp,Request to not send personal details,1,18,0,0,1.0,1.0,1.0,1.0,1.0
Gemini,full,validated_paths10_thr0.9,AmazonHelp,Request to reach out by chat,2,17,0,0,1.0,1.0,1.0,1.0,1.0
Gemini,full,validated_paths10_thr0.9,AmazonHelp,Return,2,18,0,0,1.0,1.0,1.0,1.0,1.0
Gemini,full,validated_paths10_thr0.9,AppleSupport,Battery,6,24,1,0,0.8571428571428571,1.0,0.923076923076923,0.9071147352221454,0.98
Gemini,full,validated_paths10_thr0.9,AppleSupport,Investigate issue,15,6,5,1,0.75,0.9375,0.8333333333333334,0.5415001409024772,0.7414772727272727
Gemini,full,validated_paths10_thr0.9,AppleSupport,Mac,3,27,1,0,0.75,1.0,0.8571428571428571,0.8504200642707612,0.9821428571428572
Gemini,full,validated_paths10_thr0.9,AppleSupport,Provide URL,16,11,0,0,1.0,1.0,1.0,1.0,1.0
Gemini,full,validated_paths10_thr0.9,AppleSupport,Provide device model,6,24,1,0,0.8571428571428571,1.0,0.923076923076923,0.9071147352221454,0.98
Gemini,full,validated_paths10_thr0.9,AppleSupport,Provide system version,10,20,1,0,0.9090909090909091,1.0,0.9523809523809523,0.9304842103984708,0.9761904761904762
Gemini,full,validated_paths10_thr0.9,AppleSupport,Recommend backing up,0,27,0,0,0.0,0.0,0.0,0.0,0.5
Gemini,full,validated_paths10_thr0.9,AppleSupport,Recommend updating,0,27,0,0,0.0,0.0,0.0,0.0,0.5
Gemini,full,validated_paths10_thr0.9,AppleSupport,Refer to specialist team,0,27,0,0,0.0,0.0,0.0,0.0,0.5
Gemini,full,validated_paths10_thr0.9,AppleSupport,Refund,2,29,0,0,1.0,1.0,1.0,1.0,1.0
Gemini,full,validated_paths10_thr0.9,AppleSupport,Request DM,12,15,0,0,1.0,1.0,1.0,1.0,1.0
Gemini,full,validated_paths10_thr0.9,AppleSupport,Request country,0,27,0,0,0.0,0.0,0.0,0.0,0.5
Gemini,full,validated_paths10_thr0.9,AppleSupport,Request device model,3,24,0,0,1.0,1.0,1.0,1.0,1.0
Gemini,full,validated_paths10_thr0.9,AppleSupport,Request device restart,1,26,0,0,1.0,1.0,1.0,1.0,1.0
Gemini,full,validated_paths10_thr0.9,AppleSupport,Request iOS version,8,19,0,0,1.0,1.0,1.0,1.0,1.0
Gemini,full,validated_paths10_thr0.9,AppleSupport,Restart device,3,27,1,0,0.75,1.0,0.8571428571428571,0.8504200642707612,0.9821428571428572
Gemini,full,validated_paths10_thr0.9,AppleSupport,Software/App,10,19,2,0,0.8333333333333334,1.0,0.9090909090909091,0.8683134537528795,0.9523809523809523
Gemini,full,validated_paths10_thr0.9,AppleSupport,TV,0,31,0,0,0.0,0.0,0.0,0.0,0.5
Gemini,full,validated_paths10_thr0.9,AppleSupport,Unresponsive/Freezing Device,5,21,5,0,0.5,1.0,0.6666666666666666,0.6354889093022426,0.9038461538461539
Gemini,full,validated_paths10_thr0.9,AppleSupport,Update,14,16,1,0,0.9333333333333333,1.0,0.9655172413793104,0.9372466978064098,0.9705882352941176
Gemini,full,validated_paths10_thr0.9,AppleSupport,iPad,0,31,0,0,0.0,0.0,0.0,0.0,0.5
Gemini,full,validated_paths10_thr0.9,AppleSupport,iPhone,10,15,6,0,0.625,1.0,0.7692307692307693,0.6681531047810609,0.8571428571428572
Gemini,full,validated_paths10_thr0.9,SpotifyCares,Account,5,29,0,1,1.0,0.8333333333333334,0.9090909090909091,0.8975274678557507,0.9166666666666667
Gemini,full,validated_paths10_thr0.9,SpotifyCares,Advertisement,2,33,0,0,1.0,1.0,1.0,1.0,1.0
Gemini,full,validated_paths10_thr0.9,SpotifyCares,App,8,21,5,1,0.6153846153846154,0.8888888888888888,0.7272727272727274,0.6300813995663521,0.8482905982905983
Gemini,full,validated_paths10_thr0.9,SpotifyCares,Billing/Payment,7,28,0,0,1.0,1.0,1.0,1.0,1.0
Gemini,full,validated_paths10_thr0.9,SpotifyCares,Family Subscription,1,34,0,0,1.0,1.0,1.0,1.0,1.0
Gemini,full,validated_paths10_thr0.9,SpotifyCares,Hulu,1,34,0,0,1.0,1.0,1.0,1.0,1.0
Gemini,full,validated_paths10_thr0.9,SpotifyCares,Login,4,28,3,0,0.5714285714285714,1.0,0.7272727272727273,0.7184212081070996,0.9516129032258065
Gemini,full,validated_paths10_thr0.9,SpotifyCares,Logout,2,30,3,0,0.4,1.0,0.5714285714285715,0.6030226891555273,0.9545454545454546
Gemini,full,validated_paths10_thr0.9,SpotifyCares,Offer further help,4,24,0,0,1.0,1.0,1.0,1.0,1.0
Gemini,full,validated_paths10_thr0.9,SpotifyCares,Playlist,2,33,0,0,1.0,1.0,1.0,1.0,1.0
Gemini,full,validated_paths10_thr0.9,SpotifyCares,Premium,2,32,1,0,0.6666666666666666,1.0,0.8,0.8040302522073697,0.9848484848484849
Gemini,full,validated_paths10_thr0.9,SpotifyCares,Provide OS version,2,33,0,0,1.0,1.0,1.0,1.0,1.0
Gemini,full,validated_paths10_thr0.9,SpotifyCares,Provide URL,13,15,0,0,1.0,1.0,1.0,1.0,1.0
Gemini,full,validated_paths10_thr0.9,SpotifyCares,Provide device model,4,29,2,0,0.6666666666666666,1.0,0.8,0.7897188828807974,0.967741935483871
Gemini,full,validated_paths10_thr0.9,SpotifyCares,Provide email address,0,35,0,0,0.0,0.0,0.0,0.0,0.5
Gemini,full,validated_paths10_thr0.9,SpotifyCares,Provide error message,3,30,0,2,1.0,0.6,0.7499999999999999,0.75,0.8
Gemini,full,validated_paths10_thr0.9,SpotifyCares,Provide spotify version,2,31,2,0,0.5,1.0,0.6666666666666666,0.6853444168423419,0.9696969696969697
Gemini,full,validated_paths10_thr0.9,SpotifyCares,Provide username,0,35,0,0,0.0,0.0,0.0,0.0,0.5
Gemini,full,validated_paths10_thr0.9,SpotifyCares,Refer to specialist team,0,28,0,0,0.0,0.0,0.0,0.0,0.5
Gemini,full,validated_paths10_thr0.9,SpotifyCares,Reinstall the app,1,34,0,0,1.0,1.0,1.0,1.0,1.0
Gemini,full,validated_paths10_thr0.9,SpotifyCares,Request DM,1,21,0,6,1.0,0.14285714285714285,0.25,0.3333333333333333,0.5714285714285714
Gemini,full,validated_paths10_thr0.9,SpotifyCares,Request OS version,3,25,0,0,1.0,1.0,1.0,1.0,1.0
Gemini,full,validated_paths10_thr0.9,SpotifyCares,Request Spotify version,4,24,0,0,1.0,1.0,1.0,1.0,1.0
Gemini,full,validated_paths10_thr0.9,SpotifyCares,Request device restart,3,25,0,0,1.0,1.0,1.0,1.0,1.0
Gemini,full,validated_paths10_thr0.9,SpotifyCares,Request device version,4,24,0,0,1.0,1.0,1.0,1.0,1.0
Gemini,full,validated_paths10_thr0.9,SpotifyCares,Request email address,6,22,0,0,1.0,1.0,1.0,1.0,1.0
Gemini,full,validated_paths10_thr0.9,SpotifyCares,Request error message,3,25,0,0,1.0,1.0,1.0,1.0,1.0
Gemini,full,validated_paths10_thr0.9,SpotifyCares,Request exact issue description,1,27,0,0,1.0,1.0,1.0,1.0,1.0
Gemini,full,validated_paths10_thr0.9,SpotifyCares,Request login,3,25,0,0,1.0,1.0,1.0,1.0,1.0
Gemini,full,validated_paths10_thr0.9,SpotifyCares,Request logout,3,25,0,0,1.0,1.0,1.0,1.0,1.0
Gemini,full,validated_paths10_thr0.9,SpotifyCares,Request reinstall the app,2,26,0,0,1.0,1.0,1.0,1.0,1.0
Gemini,full,validated_paths10_thr0.9,SpotifyCares,Request username,5,23,0,0,1.0,1.0,1.0,1.0,1.0
Gemini,full,validated_paths10_thr0.9,SpotifyCares,Restart device,2,31,2,0,0.5,1.0,0.6666666666666666,0.6853444168423419,0.9696969696969697
Gemini,full,validated_paths10_thr0.9,SpotifyCares,Song/Artist,5,27,3,0,0.625,1.0,0.7692307692307693,0.75,0.95
Gemini,full,validated_paths10_thr0.9,SpotifyCares,Student Subscription,2,33,0,0,1.0,1.0,1.0,1.0,1.0
Gemini,full,validated_paths1_thr0.8,AmazonHelp,Account,2,18,0,0,1.0,1.0,1.0,1.0,1.0
Gemini,full,validated_paths1_thr0.8,AmazonHelp,Alexa,2,18,0,0,1.0,1.0,1.0,1.0,1.0
Gemini,full,validated_paths1_thr0.8,AmazonHelp,Apologize,8,11,0,0,1.0,1.0,1.0,1.0,1.0
Gemini,full,validated_paths1_thr0.8,AmazonHelp,Bad Support,2,15,2,1,0.5,0.6666666666666666,0.5714285714285715,0.4900980294098034,0.7745098039215685
Gemini,full,validated_paths1_thr0.8,AmazonHelp,Delivery,6,12,1,1,0.8571428571428571,0.8571428571428571,0.8571428571428571,0.7802197802197802,0.8901098901098901
Gemini,full,validated_paths1_thr0.8,AmazonHelp,Echo,3,17,0,0,1.0,1.0,1.0,1.0,1.0
Gemini,full,validated_paths1_thr0.8,AmazonHelp,Investigate Issue,8,8,3,0,0.7272727272727273,1.0,0.8421052631578948,0.7272727272727273,0.8636363636363636
Gemini,full,validated_paths1_thr0.8,AmazonHelp,Kindle,0,20,0,0,0.0,0.0,0.0,0.0,0.5
Gemini,full,validated_paths1_thr0.8,AmazonHelp,Order Cancellation,1,19,0,0,1.0,1.0,1.0,1.0,1.0
Gemini,full,validated_paths1_thr0.8,AmazonHelp,Packaging,1,19,0,0,1.0,1.0,1.0,1.0,1.0
Gemini,full,validated_paths1_thr0.8,AmazonHelp,Prime,7,13,0,0,1.0,1.0,1.0,1.0,1.0
Gemini,full,validated_paths1_thr0.8,AmazonHelp,Provide URL,13,6,0,0,1.0,1.0,1.0,1.0,1.0
Gemini,full,validated_paths1_thr0.8,AmazonHelp,Provide delivery date,2,17,0,0,1.0,1.0,1.0,1.0,1.0
Gemini,full,validated_paths1_thr0.8,AmazonHelp,Refer to specialist team,2,17,0,0,1.0,1.0,1.0,1.0,1.0
Gemini,full,validated_paths1_thr0.8,AmazonHelp,Refund,0,20,0,0,0.0,0.0,0.0,0.0,0.5
Gemini,full,validated_paths1_thr0.8,AmazonHelp,Replacement,0,20,0,0,0.0,0.0,0.0,0.0,0.5
Gemini,full,validated_paths1_thr0.8,AmazonHelp,Request to call by phone,3,16,0,0,1.0,1.0,1.0,1.0,1.0
Gemini,full,validated_paths1_thr0.8,AmazonHelp,Request to not send personal details,1,18,0,0,1.0,1.0,1.0,1.0,1.0
Gemini,full,validated_paths1_thr0.8,AmazonHelp,Request to reach out by chat,2,17,0,0,1.0,1.0,1.0,1.0,1.0
Gemini,full,validated_paths1_thr0.8,AmazonHelp,Return,2,18,0,0,1.0,1.0,1.0,1.0,1.0
Gemini,full,validated_paths1_thr0.8,AppleSupport,Battery,6,24,1,0,0.8571428571428571,1.0,0.923076923076923,0.9071147352221454,0.98
Gemini,full,validated_paths1_thr0.8,AppleSupport,Investigate issue,16,5,6,0,0.7272727272727273,1.0,0.8421052631578948,0.5749595745760689,0.7272727272727273
Gemini,full,validated_paths1_thr0.8,AppleSupport,Mac,3,27,1,0,0.75,1.0,0.8571428571428571,0.8504200642707612,0.9821428571428572
Gemini,full,validated_paths1_thr0.8,AppleSupport,Provide URL,16,11,0,0,1.0,1.0,1.0,1.0,1.0
Gemini,full,validated_paths1_thr0.8,AppleSupport,Provide device model,6,23,2,0,0.75,1.0,0.8571428571428571,0.8306623862918076,0.96
Gemini,full,validated_paths1_thr0.8,AppleSupport,Provide system version,10,20,1,0,0.9090909090909091,1.0,0.9523809523809523,0.9304842103984708,0.9761904761904762
Gemini,full,validated_paths1_thr0.8,AppleSupport,Recommend backing up,0,27,0,0,0.0,0.0,0.0,0.0,0.5
Gemini,full,validated_paths1_thr0.8,AppleSupport,Recommend updating,0,27,0,0,0.0,0.0,0.0,0.0,0.5
Gemini,full,validated_paths1_thr0.8,AppleSupport,Refer to specialist team,0,27,0,0,0.0,0.0,0.0,0.0,0.5
Gemini,full,validated_paths1_thr0.8,AppleSupport,Refund,2,29,0,0,1.0,1.0,1.0,1.0,1.0
Gemini,full,validated_paths1_thr0.8,AppleSupport,Request DM,12,14,1,0,0.9230769230769231,1.0,0.9600000000000001,0.9281909617845143,0.9666666666666667
Gemini,full,validated_paths1_thr0.8,AppleSupport,Request country,0,27,0,0,0.0,0.0,0.0,0.0,0.5
Gemini,full,validated_paths1_thr0.8,AppleSupport,Request device model,3,24,0,0,1.0,1.0,1.0,1.0,1.0
Gemini,full,validated_paths1_thr0.8,AppleSupport,Request device restart,1,26,0,0,1.0,1.0,1.0,1.0,1.0
Gemini,full,validated_paths1_thr0.8,AppleSupport,Request iOS version,8,19,0,0,1.0,1.0,1.0,1.0,1.0
Gemini,full,validated_paths1_thr0.8,AppleSupport,Restart device,3,27,1,0,0.75,1.0,0.8571428571428571,0.8504200642707612,0.9821428571428572
Gemini,full,validated_paths1_thr0.8,AppleSupport,Software/App,10,19,2,0,0.8333333333333334,1.0,0.9090909090909091,0.8683134537528795,0.9523809523809523
Gemini,full,validated_paths1_thr0.8,AppleSupport,TV,0,31,0,0,0.0,0.0,0.0,0.0,0.5
Gemini,full,validated_paths1_thr0.8,AppleSupport,Unresponsive/Freezing Device,5,21,5,0,0.5,1.0,0.6666666666666666,0.6354889093022426,0.9038461538461539
Gemini,full,validated_paths1_thr0.8,AppleSupport,Update,14,16,1,0,0.9333333333333333,1.0,0.9655172413793104,0.9372466978064098,0.9705882352941176
Gemini,full,validated_paths1_thr0.8,AppleSupport,iPad,0,31,0,0,0.0,0.0,0.0,0.0,0.5
Gemini,full,validated_paths1_thr0.8,AppleSupport,iPhone,10,15,6,0,0.625,1.0,0.7692307692307693,0.6681531047810609,0.8571428571428572
Gemini,full,validated_paths1_thr0.8,SpotifyCares,Account,6,29,0,0,1.0,1.0,1.0,1.0,1.0
Gemini,full,validated_paths1_thr0.8,SpotifyCares,Advertisement,2,33,0,0,1.0,1.0,1.0,1.0,1.0
Gemini,full,validated_paths1_thr0.8,SpotifyCares,App,8,21,5,1,0.6153846153846154,0.8888888888888888,0.7272727272727274,0.6300813995663521,0.8482905982905983
Gemini,full,validated_paths1_thr0.8,SpotifyCares,Billing/Payment,7,27,1,0,0.875,1.0,0.9333333333333333,0.9185586535436918,0.9821428571428572
Gemini,full,validated_paths1_thr0.8,SpotifyCares,Family Subscription,1,34,0,0,1.0,1.0,1.0,1.0,1.0
Gemini,full,validated_paths1_thr0.8,SpotifyCares,Hulu,1,34,0,0,1.0,1.0,1.0,1.0,1.0
Gemini,full,validated_paths1_thr0.8,SpotifyCares,Login,4,28,3,0,0.5714285714285714,1.0,0.7272727272727273,0.7184212081070996,0.9516129032258065
Gemini,full,validated_paths1_thr0.8,SpotifyCares,Logout,2,30,3,0,0.4,1.0,0.5714285714285715,0.6030226891555273,0.9545454545454546
Gemini,full,validated_paths1_thr0.8,SpotifyCares,Offer further help,4,24,0,0,1.0,1.0,1.0,1.0,1.0
Gemini,full,validated_paths1_thr0.8,SpotifyCares,Playlist,2,33,0,0,1.0,1.0,1.0,1.0,1.0
Gemini,full,validated_paths1_thr0.8,SpotifyCares,Premium,2,32,1,0,0.6666666666666666,1.0,0.8,0.8040302522073697,0.9848484848484849
Gemini,full,validated_paths1_thr0.8,SpotifyCares,Provide OS version,2,33,0,0,1.0,1.0,1.0,1.0,1.0
Gemini,full,validated_paths1_thr0.8,SpotifyCares,Provide URL,13,15,0,0,1.0,1.0,1.0,1.0,1.0
Gemini,full,validated_paths1_thr0.8,SpotifyCares,Provide device model,4,29,2,0,0.6666666666666666,1.0,0.8,0.7897188828807974,0.967741935483871
Gemini,full,validated_paths1_thr0.8,SpotifyCares,Provide email address,0,35,0,0,0.0,0.0,0.0,0.0,0.5
Gemini,full,validated_paths1_thr0.8,SpotifyCares,Provide error message,3,30,0,2,1.0,0.6,0.7499999999999999,0.75,0.8
Gemini,full,validated_paths1_thr0.8,SpotifyCares,Provide spotify version,2,31,2,0,0.5,1.0,0.6666666666666666,0.6853444168423419,0.9696969696969697
Gemini,full,validated_paths1_thr0.8,SpotifyCares,Provide username,0,35,0,0,0.0,0.0,0.0,0.0,0.5
Gemini,full,validated_paths1_thr0.8,SpotifyCares,Refer to specialist team,0,28,0,0,0.0,0.0,0.0,0.0,0.5
Gemini,full,validated_paths1_thr0.8,SpotifyCares,Reinstall the app,1,34,0,0,1.0,1.0,1.0,1.0,1.0
Gemini,full,validated_paths1_thr0.8,SpotifyCares,Request DM,1,21,0,6,1.0,0.14285714285714285,0.25,0.3333333333333333,0.5714285714285714
Gemini,full,validated_paths1_thr0.8,SpotifyCares,Request OS version,3,25,0,0,1.0,1.0,1.0,1.0,1.0
Gemini,full,validated_paths1_thr0.8,SpotifyCares,Request Spotify version,4,24,0,0,1.0,1.0,1.0,1.0,1.0
Gemini,full,validated_paths1_thr0.8,SpotifyCares,Request device restart,3,25,0,0,1.0,1.0,1.0,1.0,1.0
Gemini,full,validated_paths1_thr0.8,SpotifyCares,Request device version,4,24,0,0,1.0,1.0,1.0,1.0,1.0
Gemini,full,validated_paths1_thr0.8,SpotifyCares,Request email address,6,22,0,0,1.0,1.0,1.0,1.0,1.0
Gemini,full,validated_paths1_thr0.8,SpotifyCares,Request error message,3,25,0,0,1.0,1.0,1.0,1.0,1.0
Gemini,full,validated_paths1_thr0.8,SpotifyCares,Request exact issue description,1,27,0,0,1.0,1.0,1.0,1.0,1.0
Gemini,full,validated_paths1_thr0.8,SpotifyCares,Request login,3,25,0,0,1.0,1.0,1.0,1.0,1.0
Gemini,full,validated_paths1_thr0.8,SpotifyCares,Request logout,3,25,0,0,1.0,1.0,1.0,1.0,1.0
Gemini,full,validated_paths1_thr0.8,SpotifyCares,Request reinstall the app,2,26,0,0,1.0,1.0,1.0,1.0,1.0
Gemini,full,validated_paths1_thr0.8,SpotifyCares,Request username,5,23,0,0,1.0,1.0,1.0,1.0,1.0
Gemini,full,validated_paths1_thr0.8,SpotifyCares,Restart device,2,31,2,0,0.5,1.0,0.6666666666666666,0.6853444168423419,0.9696969696969697
Gemini,full,validated_paths1_thr0.8,SpotifyCares,Song/Artist,5,25,5,0,0.5,1.0,0.6666666666666666,0.6454972243679028,0.9166666666666667
Gemini,full,validated_paths1_thr0.8,SpotifyCares,Student Subscription,2,33,0,0,1.0,1.0,1.0,1.0,1.0
Gemini,full,validated_paths3_thr0.8,AmazonHelp,Account,2,18,0,0,1.0,1.0,1.0,1.0,1.0
Gemini,full,validated_paths3_thr0.8,AmazonHelp,Alexa,2,18,0,0,1.0,1.0,1.0,1.0,1.0
Gemini,full,validated_paths3_thr0.8,AmazonHelp,Apologize,8,11,0,0,1.0,1.0,1.0,1.0,1.0
Gemini,full,validated_paths3_thr0.8,AmazonHelp,Bad Support,2,15,2,1,0.5,0.6666666666666666,0.5714285714285715,0.4900980294098034,0.7745098039215685
Gemini,full,validated_paths3_thr0.8,AmazonHelp,Delivery,6,12,1,1,0.8571428571428571,0.8571428571428571,0.8571428571428571,0.7802197802197802,0.8901098901098901
Gemini,full,validated_paths3_thr0.8,AmazonHelp,Echo,3,17,0,0,1.0,1.0,1.0,1.0,1.0
Gemini,full,validated_paths3_thr0.8,AmazonHelp,Investigate Issue,8,9,2,0,0.8,1.0,0.888888888888889,0.8090398349558905,0.9090909090909092
Gemini,full,validated_paths3_thr0.8,AmazonHelp,Kindle,0,20,0,0,0.0,0.0,0.0,0.0,0.5
Gemini,full,validated_paths3_thr0.8,AmazonHelp,Order Cancellation,1,19,0,0,1.0,1.0,1.0,1.0,1.0
Gemini,full,validated_paths3_thr0.8,AmazonHelp,Packaging,1,19,0,0,1.0,1.0,1.0,1.0,1.0
Gemini,full,validated_paths3_thr0.8,AmazonHelp,Prime,7,13,0,0,1.0,1.0,1.0,1.0,1.0
Gemini,full,validated_paths3_thr0.8,AmazonHelp,Provide URL,13,6,0,0,1.0,1.0,1.0,1.0,1.0
Gemini,full,validated_paths3_thr0.8,AmazonHelp,Provide delivery date,2,17,0,0,1.0,1.0,1.0,1.0,1.0
Gemini,full,validated_paths3_thr0.8,AmazonHelp,Refer to specialist team,2,17,0,0,1.0,1.0,1.0,1.0,1.0
Gemini,full,validated_paths3_thr0.8,AmazonHelp,Refund,0,20,0,0,0.0,0.0,0.0,0.0,0.5
Gemini,full,validated_paths3_thr0.8,AmazonHelp,Replacement,0,20,0,0,0.0,0.0,0.0,0.0,0.5
Gemini,full,validated_paths3_thr0.8,AmazonHelp,Request to call by phone,3,16,0,0,1.0,1.0,1.0,1.0,1.0
Gemini,full,validated_paths3_thr0.8,AmazonHelp,Request to not send personal details,1,18,0,0,1.0,1.0,1.0,1.0,1.0
Gemini,full,validated_paths3_thr0.8,AmazonHelp,Request to reach out by chat,2,17,0,0,1.0,1.0,1.0,1.0,1.0
Gemini,full,validated_paths3_thr0.8,AmazonHelp,Return,2,18,0,0,1.0,1.0,1.0,1.0,1.0
Gemini,full,validated_paths3_thr0.8,AppleSupport,Battery,6,24,1,0,0.8571428571428571,1.0,0.923076923076923,0.9071147352221454,0.98
Gemini,full,validated_paths3_thr0.8,AppleSupport,Investigate issue,15,6,5,1,0.75,0.9375,0.8333333333333334,0.5415001409024772,0.7414772727272727
Gemini,full,validated_paths3_thr0.8,AppleSupport,Mac,3,27,1,0,0.75,1.0,0.8571428571428571,0.8504200642707612,0.9821428571428572
Gemini,full,validated_paths3_thr0.8,AppleSupport,Provide URL,16,11,0,0,1.0,1.0,1.0,1.0,1.0
Gemini,full,validated_paths3_thr0.8,AppleSupport,Provide device model,6,24,1,0,0.8571428571428571,1.0,0.923076923076923,0.9071147352221454,0.98
Gemini,full,validated_paths3_thr0.8,AppleSupport,Provide system version,10,20,1,0,0.9090909090909091,1.0,0.9523809523809523,0.9304842103984708,0.9761904761904762
Gemini,full,validated_paths3_thr0.8,AppleSupport,Recommend backing up,0,27,0,0,0.0,0.0,0.0,0.0,0.5
Gemini,full,validated_paths3_thr0.8,AppleSupport,Recommend updating,0,27,0,0,0.0,0.0,0.0,0.0,0.5
Gemini,full,validated_paths3_thr0.8,AppleSupport,Refer to specialist team,0,27,0,0,0.0,0.0,0.0,0.0,0.5
Gemini,full,validated_paths3_thr0.8,AppleSupport,Refund,2,29,0,0,1.0,1.0,1.0,1.0,1.0
Gemini,full,validated_paths3_thr0.8,AppleSupport,Request DM,12,15,0,0,1.0,1.0,1.0,1.0,1.0
Gemini,full,validated_paths3_thr0.8,AppleSupport,Request country,0,27,0,0,0.0,0.0,0.0,0.0,0.5
Gemini,full,validated_paths3_thr0.8,AppleSupport,Request device model,3,24,0,0,1.0,1.0,1.0,1.0,1.0
Gemini,full,validated_paths3_thr0.8,AppleSupport,Request device restart,1,26,0,0,1.0,1.0,1.0,1.0,1.0
Gemini,full,validated_paths3_thr0.8,AppleSupport,Request iOS version,8,19,0,0,1.0,1.0,1.0,1.0,1.0
Gemini,full,validated_paths3_thr0.8,AppleSupport,Restart device,3,27,1,0,0.75,1.0,0.8571428571428571,0.8504200642707612,0.9821428571428572
Gemini,full,validated_paths3_thr0.8,AppleSupport,Software/App,10,19,2,0,0.8333333333333334,1.0,0.9090909090909091,0.8683134537528795,0.9523809523809523
Gemini,full,validated_paths3_thr0.8,AppleSupport,TV,0,31,0,0,0.0,0.0,0.0,0.0,0.5
Gemini,full,validated_paths3_thr0.8,AppleSupport,Unresponsive/Freezing Device,5,21,5,0,0.5,1.0,0.6666666666666666,0.6354889093022426,0.9038461538461539
Gemini,full,validated_paths3_thr0.8,AppleSupport,Update,14,16,1,0,0.9333333333333333,1.0,0.9655172413793104,0.9372466978064098,0.9705882352941176
Gemini,full,validated_paths3_thr0.8,AppleSupport,iPad,0,31,0,0,0.0,0.0,0.0,0.0,0.5
Gemini,full,validated_paths3_thr0.8,AppleSupport,iPhone,10,15,6,0,0.625,1.0,0.7692307692307693,0.6681531047810609,0.8571428571428572
Gemini,full,validated_paths3_thr0.8,SpotifyCares,Account,5,29,0,1,1.0,0.8333333333333334,0.9090909090909091,0.8975274678557507,0.9166666666666667
Gemini,full,validated_paths3_thr0.8,SpotifyCares,Advertisement,2,33,0,0,1.0,1.0,1.0,1.0,1.0
Gemini,full,validated_paths3_thr0.8,SpotifyCares,App,8,21,5,1,0.6153846153846154,0.8888888888888888,0.7272727272727274,0.6300813995663521,0.8482905982905983
Gemini,full,validated_paths3_thr0.8,SpotifyCares,Billing/Payment,7,27,1,0,0.875,1.0,0.9333333333333333,0.9185586535436918,0.9821428571428572
Gemini,full,validated_paths3_thr0.8,SpotifyCares,Family Subscription,1,34,0,0,1.0,1.0,1.0,1.0,1.0
Gemini,full,validated_paths3_thr0.8,SpotifyCares,Hulu,1,34,0,0,1.0,1.0,1.0,1.0,1.0
Gemini,full,validated_paths3_thr0.8,SpotifyCares,Login,4,28,3,0,0.5714285714285714,1.0,0.7272727272727273,0.7184212081070996,0.9516129032258065
Gemini,full,validated_paths3_thr0.8,SpotifyCares,Logout,2,30,3,0,0.4,1.0,0.5714285714285715,0.6030226891555273,0.9545454545454546
Gemini,full,validated_paths3_thr0.8,SpotifyCares,Offer further help,4,24,0,0,1.0,1.0,1.0,1.0,1.0
Gemini,full,validated_paths3_thr0.8,SpotifyCares,Playlist,2,33,0,0,1.0,1.0,1.0,1.0,1.0
Gemini,full,validated_paths3_thr0.8,SpotifyCares,Premium,2,32,1,0,0.6666666666666666,1.0,0.8,0.8040302522073697,0.9848484848484849
Gemini,full,validated_paths3_thr0.8,SpotifyCares,Provide OS version,2,33,0,0,1.0,1.0,1.0,1.0,1.0
Gemini,full,validated_paths3_thr0.8,SpotifyCares,Provide URL,13,15,0,0,1.0,1.0,1.0,1.0,1.0
Gemini,full,validated_paths3_thr0.8,SpotifyCares,Provide device model,4,29,2,0,0.6666666666666666,1.0,0.8,0.7897188828807974,0.967741935483871
Gemini,full,validated_paths3_thr0.8,SpotifyCares,Provide email address,0,35,0,0,0.0,0.0,0.0,0.0,0.5
Gemini,full,validated_paths3_thr0.8,SpotifyCares,Provide error message,3,30,0,2,1.0,0.6,0.7499999999999999,0.75,0.8
Gemini,full,validated_paths3_thr0.8,SpotifyCares,Provide spotify version,2,31,2,0,0.5,1.0,0.6666666666666666,0.6853444168423419,0.9696969696969697
Gemini,full,validated_paths3_thr0.8,SpotifyCares,Provide username,0,35,0,0,0.0,0.0,0.0,0.0,0.5
Gemini,full,validated_paths3_thr0.8,SpotifyCares,Refer to specialist team,0,28,0,0,0.0,0.0,0.0,0.0,0.5
Gemini,full,validated_paths3_thr0.8,SpotifyCares,Reinstall the app,1,34,0,0,1.0,1.0,1.0,1.0,1.0
Gemini,full,validated_paths3_thr0.8,SpotifyCares,Request DM,1,21,0,6,1.0,0.14285714285714285,0.25,0.3333333333333333,0.5714285714285714
Gemini,full,validated_paths3_thr0.8,SpotifyCares,Request OS version,3,25,0,0,1.0,1.0,1.0,1.0,1.0
Gemini,full,validated_paths3_thr0.8,SpotifyCares,Request Spotify version,4,24,0,0,1.0,1.0,1.0,1.0,1.0
Gemini,full,validated_paths3_thr0.8,SpotifyCares,Request device restart,3,25,0,0,1.0,1.0,1.0,1.0,1.0
Gemini,full,validated_paths3_thr0.8,SpotifyCares,Request device version,4,24,0,0,1.0,1.0,1.0,1.0,1.0
Gemini,full,validated_paths3_thr0.8,SpotifyCares,Request email address,6,22,0,0,1.0,1.0,1.0,1.0,1.0
Gemini,full,validated_paths3_thr0.8,SpotifyCares,Request error message,3,25,0,0,1.0,1.0,1.0,1.0,1.0
Gemini,full,validated_paths3_thr0.8,SpotifyCares,Request exact issue description,1,27,0,0,1.0,1.0,1.0,1.0,1.0
Gemini,full,validated_paths3_thr0.8,SpotifyCares,Request login,3,25,0,0,1.0,1.0,1.0,1.0,1.0
Gemini,full,validated_paths3_thr0.8,SpotifyCares,Request logout,3,25,0,0,1.0,1.0,1.0,1.0,1.0
Gemini,full,validated_paths3_thr0.8,SpotifyCares,Request reinstall the app,2,26,0,0,1.0,1.0,1.0,1.0,1.0
Gemini,full,validated_paths3_thr0.8,SpotifyCares,Request username,5,23,0,0,1.0,1.0,1.0,1.0,1.0
Gemini,full,validated_paths3_thr0.8,SpotifyCares,Restart device,2,31,2,0,0.5,1.0,0.6666666666666666,0.6853444168423419,0.9696969696969697
Gemini,full,validated_paths3_thr0.8,SpotifyCares,Song/Artist,5,26,4,0,0.5555555555555556,1.0,0.7142857142857143,0.693888666488711,0.9333333333333333
Gemini,full,validated_paths3_thr0.8,SpotifyCares,Student Subscription,2,33,0,0,1.0,1.0,1.0,1.0,1.0
Gemini,full,validated_paths5_thr0.8,AmazonHelp,Account,2,18,0,0,1.0,1.0,1.0,1.0,1.0
Gemini,full,validated_paths5_thr0.8,AmazonHelp,Alexa,2,18,0,0,1.0,1.0,1.0,1.0,1.0
Gemini,full,validated_paths5_thr0.8,AmazonHelp,Apologize,8,11,0,0,1.0,1.0,1.0,1.0,1.0
Gemini,full,validated_paths5_thr0.8,AmazonHelp,Bad Support,2,15,2,1,0.5,0.6666666666666666,0.5714285714285715,0.4900980294098034,0.7745098039215685
Gemini,full,validated_paths5_thr0.8,AmazonHelp,Delivery,6,12,1,1,0.8571428571428571,0.8571428571428571,0.8571428571428571,0.7802197802197802,0.8901098901098901
Gemini,full,validated_paths5_thr0.8,AmazonHelp,Echo,3,17,0,0,1.0,1.0,1.0,1.0,1.0
Gemini,full,validated_paths5_thr0.8,AmazonHelp,Investigate Issue,8,9,2,0,0.8,1.0,0.888888888888889,0.8090398349558905,0.9090909090909092
Gemini,full,validated_paths5_thr0.8,AmazonHelp,Kindle,0,20,0,0,0.0,0.0,0.0,0.0,0.5
Gemini,full,validated_paths5_thr0.8,AmazonHelp,Order Cancellation,1,19,0,0,1.0,1.0,1.0,1.0,1.0
Gemini,full,validated_paths5_thr0.8,AmazonHelp,Packaging,1,19,0,0,1.0,1.0,1.0,1.0,1.0
Gemini,full,validated_paths5_thr0.8,AmazonHelp,Prime,7,13,0,0,1.0,1.0,1.0,1.0,1.0
Gemini,full,validated_paths5_thr0.8,AmazonHelp,Provide URL,13,6,0,0,1.0,1.0,1.0,1.0,1.0
Gemini,full,validated_paths5_thr0.8,AmazonHelp,Provide delivery date,2,17,0,0,1.0,1.0,1.0,1.0,1.0
Gemini,full,validated_paths5_thr0.8,AmazonHelp,Refer to specialist team,2,17,0,0,1.0,1.0,1.0,1.0,1.0
Gemini,full,validated_paths5_thr0.8,AmazonHelp,Refund,0,20,0,0,0.0,0.0,0.0,0.0,0.5
Gemini,full,validated_paths5_thr0.8,AmazonHelp,Replacement,0,20,0,0,0.0,0.0,0.0,0.0,0.5
Gemini,full,validated_paths5_thr0.8,AmazonHelp,Request to call by phone,3,16,0,0,1.0,1.0,1.0,1.0,1.0
Gemini,full,validated_paths5_thr0.8,AmazonHelp,Request to not send personal details,1,18,0,0,1.0,1.0,1.0,1.0,1.0
Gemini,full,validated_paths5_thr0.8,AmazonHelp,Request to reach out by chat,2,17,0,0,1.0,1.0,1.0,1.0,1.0
Gemini,full,validated_paths5_thr0.8,AmazonHelp,Return,2,18,0,0,1.0,1.0,1.0,1.0,1.0
Gemini,full,validated_paths5_thr0.8,AppleSupport,Battery,6,24,1,0,0.8571428571428571,1.0,0.923076923076923,0.9071147352221454,0.98
Gemini,full,validated_paths5_thr0.8,AppleSupport,Investigate issue,15,6,5,1,0.75,0.9375,0.8333333333333334,0.5415001409024772,0.7414772727272727
Gemini,full,validated_paths5_thr0.8,AppleSupport,Mac,3,27,1,0,0.75,1.0,0.8571428571428571,0.8504200642707612,0.9821428571428572
Gemini,full,validated_paths5_thr0.8,AppleSupport,Provide URL,16,11,0,0,1.0,1.0,1.0,1.0,1.0
Gemini,full,validated_paths5_thr0.8,AppleSupport,Provide device model,6,24,1,0,0.8571428571428571,1.0,0.923076923076923,0.9071147352221454,0.98
Gemini,full,validated_paths5_thr0.8,AppleSupport,Provide system version,10,20,1,0,0.9090909090909091,1.0,0.9523809523809523,0.9304842103984708,0.9761904761904762
Gemini,full,validated_paths5_thr0.8,AppleSupport,Recommend backing up,0,27,0,0,0.0,0.0,0.0,0.0,0.5
Gemini,full,validated_paths5_thr0.8,AppleSupport,Recommend updating,0,27,0,0,0.0,0.0,0.0,0.0,0.5
Gemini,full,validated_paths5_thr0.8,AppleSupport,Refer to specialist team,0,27,0,0,0.0,0.0,0.0,0.0,0.5
Gemini,full,validated_paths5_thr0.8,AppleSupport,Refund,2,29,0,0,1.0,1.0,1.0,1.0,1.0
Gemini,full,validated_paths5_thr0.8,AppleSupport,Request DM,12,14,1,0,0.9230769230769231,1.0,0.9600000000000001,0.9281909617845143,0.9666666666666667
Gemini,full,validated_paths5_thr0.8,AppleSupport,Request country,0,27,0,0,0.0,0.0,0.0,0.0,0.5
Gemini,full,validated_paths5_thr0.8,AppleSupport,Request device model,3,24,0,0,1.0,1.0,1.0,1.0,1.0
Gemini,full,validated_paths5_thr0.8,AppleSupport,Request device restart,1,26,0,0,1.0,1.0,1.0,1.0,1.0
Gemini,full,validated_paths5_thr0.8,AppleSupport,Request iOS version,8,19,0,0,1.0,1.0,1.0,1.0,1.0
Gemini,full,validated_paths5_thr0.8,AppleSupport,Restart device,3,27,1,0,0.75,1.0,0.8571428571428571,0.8504200642707612,0.9821428571428572
Gemini,full,validated_paths5_thr0.8,AppleSupport,Software/App,10,19,2,0,0.8333333333333334,1.0,0.9090909090909091,0.8683134537528795,0.9523809523809523
Gemini,full,validated_paths5_thr0.8,AppleSupport,TV,0,31,0,0,0.0,0.0,0.0,0.0,0.5
Gemini,full,validated_paths5_thr0.8,AppleSupport,Unresponsive/Freezing Device,5,21,5,0,0.5,1.0,0.6666666666666666,0.6354889093022426,0.9038461538461539
Gemini,full,validated_paths5_thr0.8,AppleSupport,Update,14,16,1,0,0.9333333333333333,1.0,0.9655172413793104,0.9372466978064098,0.9705882352941176
Gemini,full,validated_paths5_thr0.8,AppleSupport,iPad,0,31,0,0,0.0,0.0,0.0,0.0,0.5
Gemini,full,validated_paths5_thr0.8,AppleSupport,iPhone,10,15,6,0,0.625,1.0,0.7692307692307693,0.6681531047810609,0.8571428571428572
Gemini,full,validated_paths5_thr0.8,SpotifyCares,Account,5,29,0,1,1.0,0.8333333333333334,0.9090909090909091,0.8975274678557507,0.9166666666666667
Gemini,full,validated_paths5_thr0.8,SpotifyCares,Advertisement,2,33,0,0,1.0,1.0,1.0,1.0,1.0
Gemini,full,validated_paths5_thr0.8,SpotifyCares,App,8,21,5,1,0.6153846153846154,0.8888888888888888,0.7272727272727274,0.6300813995663521,0.8482905982905983
Gemini,full,validated_paths5_thr0.8,SpotifyCares,Billing/Payment,7,27,1,0,0.875,1.0,0.9333333333333333,0.9185586535436918,0.9821428571428572
Gemini,full,validated_paths5_thr0.8,SpotifyCares,Family Subscription,1,34,0,0,1.0,1.0,1.0,1.0,1.0
Gemini,full,validated_paths5_thr0.8,SpotifyCares,Hulu,1,34,0,0,1.0,1.0,1.0,1.0,1.0
Gemini,full,validated_paths5_thr0.8,SpotifyCares,Login,4,28,3,0,0.5714285714285714,1.0,0.7272727272727273,0.7184212081070996,0.9516129032258065
Gemini,full,validated_paths5_thr0.8,SpotifyCares,Logout,2,30,3,0,0.4,1.0,0.5714285714285715,0.6030226891555273,0.9545454545454546
Gemini,full,validated_paths5_thr0.8,SpotifyCares,Offer further help,4,24,0,0,1.0,1.0,1.0,1.0,1.0
Gemini,full,validated_paths5_thr0.8,SpotifyCares,Playlist,2,33,0,0,1.0,1.0,1.0,1.0,1.0
Gemini,full,validated_paths5_thr0.8,SpotifyCares,Premium,2,32,1,0,0.6666666666666666,1.0,0.8,0.8040302522073697,0.9848484848484849
Gemini,full,validated_paths5_thr0.8,SpotifyCares,Provide OS version,2,33,0,0,1.0,1.0,1.0,1.0,1.0
Gemini,full,validated_paths5_thr0.8,SpotifyCares,Provide URL,13,15,0,0,1.0,1.0,1.0,1.0,1.0
Gemini,full,validated_paths5_thr0.8,SpotifyCares,Provide device model,4,29,2,0,0.6666666666666666,1.0,0.8,0.7897188828807974,0.967741935483871
Gemini,full,validated_paths5_thr0.8,SpotifyCares,Provide email address,0,35,0,0,0.0,0.0,0.0,0.0,0.5
Gemini,full,validated_paths5_thr0.8,SpotifyCares,Provide error message,3,30,0,2,1.0,0.6,0.7499999999999999,0.75,0.8
Gemini,full,validated_paths5_thr0.8,SpotifyCares,Provide spotify version,2,31,2,0,0.5,1.0,0.6666666666666666,0.6853444168423419,0.9696969696969697
Gemini,full,validated_paths5_thr0.8,SpotifyCares,Provide username,0,35,0,0,0.0,0.0,0.0,0.0,0.5
Gemini,full,validated_paths5_thr0.8,SpotifyCares,Refer to specialist team,0,28,0,0,0.0,0.0,0.0,0.0,0.5
Gemini,full,validated_paths5_thr0.8,SpotifyCares,Reinstall the app,1,34,0,0,1.0,1.0,1.0,1.0,1.0
Gemini,full,validated_paths5_thr0.8,SpotifyCares,Request DM,1,21,0,6,1.0,0.14285714285714285,0.25,0.3333333333333333,0.5714285714285714
Gemini,full,validated_paths5_thr0.8,SpotifyCares,Request OS version,3,25,0,0,1.0,1.0,1.0,1.0,1.0
Gemini,full,validated_paths5_thr0.8,SpotifyCares,Request Spotify version,4,24,0,0,1.0,1.0,1.0,1.0,1.0
Gemini,full,validated_paths5_thr0.8,SpotifyCares,Request device restart,3,25,0,0,1.0,1.0,1.0,1.0,1.0
Gemini,full,validated_paths5_thr0.8,SpotifyCares,Request device version,4,24,0,0,1.0,1.0,1.0,1.0,1.0
Gemini,full,validated_paths5_thr0.8,SpotifyCares,Request email address,6,22,0,0,1.0,1.0,1.0,1.0,1.0
Gemini,full,validated_paths5_thr0.8,SpotifyCares,Request error message,3,25,0,0,1.0,1.0,1.0,1.0,1.0
Gemini,full,validated_paths5_thr0.8,SpotifyCares,Request exact issue description,1,27,0,0,1.0,1.0,1.0,1.0,1.0
Gemini,full,validated_paths5_thr0.8,SpotifyCares,Request login,3,25,0,0,1.0,1.0,1.0,1.0,1.0
Gemini,full,validated_paths5_thr0.8,SpotifyCares,Request logout,3,25,0,0,1.0,1.0,1.0,1.0,1.0
Gemini,full,validated_paths5_thr0.8,SpotifyCares,Request reinstall the app,2,26,0,0,1.0,1.0,1.0,1.0,1.0
Gemini,full,validated_paths5_thr0.8,SpotifyCares,Request username,5,23,0,0,1.0,1.0,1.0,1.0,1.0
Gemini,full,validated_paths5_thr0.8,SpotifyCares,Restart device,2,31,2,0,0.5,1.0,0.6666666666666666,0.6853444168423419,0.9696969696969697
Gemini,full,validated_paths5_thr0.8,SpotifyCares,Song/Artist,5,25,5,0,0.5,1.0,0.6666666666666666,0.6454972243679028,0.9166666666666667
Gemini,full,validated_paths5_thr0.8,SpotifyCares,Student Subscription,2,33,0,0,1.0,1.0,1.0,1.0,1.0
Gemini,none,raw_10call_majority,AmazonHelp,Account,0,18,0,2,0.0,0.0,0.0,0.0,0.5
Gemini,none,raw_10call_majority,AmazonHelp,Alexa,0,18,0,2,0.0,0.0,0.0,0.0,0.5
Gemini,none,raw_10call_majority,AmazonHelp,Apologize,2,11,0,6,1.0,0.25,0.4,0.40219983326992187,0.625
Gemini,none,raw_10call_majority,AmazonHelp,Bad Support,0,17,0,3,0.0,0.0,0.0,0.0,0.5
Gemini,none,raw_10call_majority,AmazonHelp,Delivery,0,13,0,7,0.0,0.0,0.0,0.0,0.5
Gemini,none,raw_10call_majority,AmazonHelp,Echo,0,17,0,3,0.0,0.0,0.0,0.0,0.5
Gemini,none,raw_10call_majority,AmazonHelp,Investigate Issue,6,9,2,2,0.75,0.75,0.75,0.5681818181818182,0.7840909090909092
Gemini,none,raw_10call_majority,AmazonHelp,Kindle,0,20,0,0,0.0,0.0,0.0,0.0,0.5
Gemini,none,raw_10call_majority,AmazonHelp,Order Cancellation,0,19,0,1,0.0,0.0,0.0,0.0,0.5
Gemini,none,raw_10call_majority,AmazonHelp,Packaging,0,19,0,1,0.0,0.0,0.0,0.0,0.5
Gemini,none,raw_10call_majority,AmazonHelp,Prime,0,13,0,7,0.0,0.0,0.0,0.0,0.5
Gemini,none,raw_10call_majority,AmazonHelp,Provide URL,13,6,0,0,1.0,1.0,1.0,1.0,1.0
Gemini,none,raw_10call_majority,AmazonHelp,Provide delivery date,0,17,0,2,0.0,0.0,0.0,0.0,0.5
Gemini,none,raw_10call_majority,AmazonHelp,Refer to specialist team,0,17,0,2,0.0,0.0,0.0,0.0,0.5
Gemini,none,raw_10call_majority,AmazonHelp,Refund,0,20,0,0,0.0,0.0,0.0,0.0,0.5
Gemini,none,raw_10call_majority,AmazonHelp,Replacement,0,20,0,0,0.0,0.0,0.0,0.0,0.5
Gemini,none,raw_10call_majority,AmazonHelp,Request to call by phone,0,16,0,3,0.0,0.0,0.0,0.0,0.5
Gemini,none,raw_10call_majority,AmazonHelp,Request to not send personal details,0,18,0,1,0.0,0.0,0.0,0.0,0.5
Gemini,none,raw_10call_majority,AmazonHelp,Request to reach out by chat,0,17,0,2,0.0,0.0,0.0,0.0,0.5
Gemini,none,raw_10call_majority,AmazonHelp,Return,0,18,0,2,0.0,0.0,0.0,0.0,0.5
Gemini,none,raw_10call_majority,AppleSupport,Battery,0,25,0,6,0.0,0.0,0.0,0.0,0.5
Gemini,none,raw_10call_majority,AppleSupport,Investigate issue,0,11,0,16,0.0,0.0,0.0,0.0,0.5
Gemini,none,raw_10call_majority,AppleSupport,Mac,0,28,0,3,0.0,0.0,0.0,0.0,0.5
Gemini,none,raw_10call_majority,AppleSupport,Provide URL,16,11,0,0,1.0,1.0,1.0,1.0,1.0
Gemini,none,raw_10call_majority,AppleSupport,Provide device model,0,25,0,6,0.0,0.0,0.0,0.0,0.5
Gemini,none,raw_10call_majority,AppleSupport,Provide system version,0,21,0,10,0.0,0.0,0.0,0.0,0.5
Gemini,none,raw_10call_majority,AppleSupport,Recommend backing up,0,27,0,0,0.0,0.0,0.0,0.0,0.5
Gemini,none,raw_10call_majority,AppleSupport,Recommend updating,0,27,0,0,0.0,0.0,0.0,0.0,0.5
Gemini,none,raw_10call_majority,AppleSupport,Refer to specialist team,0,27,0,0,0.0,0.0,0.0,0.0,0.5
Gemini,none,raw_10call_majority,AppleSupport,Refund,0,29,0,2,0.0,0.0,0.0,0.0,0.5
Gemini,none,raw_10call_majority,AppleSupport,Request DM,8,15,0,4,1.0,0.6666666666666666,0.8,0.7254762501100117,0.8333333333333333
Gemini,none,raw_10call_majority,AppleSupport,Request country,0,27,0,0,0.0,0.0,0.0,0.0,0.5
Gemini,none,raw_10call_majority,AppleSupport,Request device model,0,24,0,3,0.0,0.0,0.0,0.0,0.5
Gemini,none,raw_10call_majority,AppleSupport,Request device restart,0,26,0,1,0.0,0.0,0.0,0.0,0.5
Gemini,none,raw_10call_majority,AppleSupport,Request iOS version,0,19,0,8,0.0,0.0,0.0,0.0,0.5
Gemini,none,raw_10call_majority,AppleSupport,Restart device,0,28,0,3,0.0,0.0,0.0,0.0,0.5
Gemini,none,raw_10call_majority,AppleSupport,Software/App,0,21,0,10,0.0,0.0,0.0,0.0,0.5
Gemini,none,raw_10call_majority,AppleSupport,TV,0,31,0,0,0.0,0.0,0.0,0.0,0.5
Gemini,none,raw_10call_majority,AppleSupport,Unresponsive/Freezing Device,0,26,0,5,0.0,0.0,0.0,0.0,0.5
Gemini,none,raw_10call_majority,AppleSupport,Update,0,17,0,14,0.0,0.0,0.0,0.0,0.5
Gemini,none,raw_10call_majority,AppleSupport,iPad,0,31,0,0,0.0,0.0,0.0,0.0,0.5
Gemini,none,raw_10call_majority,AppleSupport,iPhone,0,21,0,10,0.0,0.0,0.0,0.0,0.5
Gemini,none,raw_10call_majority,SpotifyCares,Account,0,29,0,6,0.0,0.0,0.0,0.0,0.5
Gemini,none,raw_10call_majority,SpotifyCares,Advertisement,0,33,0,2,0.0,0.0,0.0,0.0,0.5
Gemini,none,raw_10call_majority,SpotifyCares,App,0,26,0,9,0.0,0.0,0.0,0.0,0.5
Gemini,none,raw_10call_majority,SpotifyCares,Billing/Payment,0,28,0,7,0.0,0.0,0.0,0.0,0.5
Gemini,none,raw_10call_majority,SpotifyCares,Family Subscription,0,34,0,1,0.0,0.0,0.0,0.0,0.5
Gemini,none,raw_10call_majority,SpotifyCares,Hulu,0,34,0,1,0.0,0.0,0.0,0.0,0.5
Gemini,none,raw_10call_majority,SpotifyCares,Login,0,31,0,4,0.0,0.0,0.0,0.0,0.5
Gemini,none,raw_10call_majority,SpotifyCares,Logout,0,33,0,2,0.0,0.0,0.0,0.0,0.5
Gemini,none,raw_10call_majority,SpotifyCares,Offer further help,0,24,0,4,0.0,0.0,0.0,0.0,0.5
Gemini,none,raw_10call_majority,SpotifyCares,Playlist,0,33,0,2,0.0,0.0,0.0,0.0,0.5
Gemini,none,raw_10call_majority,SpotifyCares,Premium,0,33,0,2,0.0,0.0,0.0,0.0,0.5
Gemini,none,raw_10call_majority,SpotifyCares,Provide OS version,0,33,0,2,0.0,0.0,0.0,0.0,0.5
Gemini,none,raw_10call_majority,SpotifyCares,Provide URL,13,15,0,0,1.0,1.0,1.0,1.0,1.0
Gemini,none,raw_10call_majority,SpotifyCares,Provide device model,0,31,0,4,0.0,0.0,0.0,0.0,0.5
Gemini,none,raw_10call_majority,SpotifyCares,Provide email address,0,35,0,0,0.0,0.0,0.0,0.0,0.5
Gemini,none,raw_10call_majority,SpotifyCares,Provide error message,0,30,0,5,0.0,0.0,0.0,0.0,0.5
Gemini,none,raw_10call_majority,SpotifyCares,Provide spotify version,0,33,0,2,0.0,0.0,0.0,0.0,0.5
Gemini,none,raw_10call_majority,SpotifyCares,Provide username,0,35,0,0,0.0,0.0,0.0,0.0,0.5
Gemini,none,raw_10call_majority,SpotifyCares,Refer to specialist team,0,28,0,0,0.0,0.0,0.0,0.0,0.5
Gemini,none,raw_10call_majority,SpotifyCares,Reinstall the app,0,34,0,1,0.0,0.0,0.0,0.0,0.5
Gemini,none,raw_10call_majority,SpotifyCares,Request DM,0,21,0,7,0.0,0.0,0.0,0.0,0.5
Gemini,none,raw_10call_majority,SpotifyCares,Request OS version,0,25,0,3,0.0,0.0,0.0,0.0,0.5
Gemini,none,raw_10call_majority,SpotifyCares,Request Spotify version,0,24,0,4,0.0,0.0,0.0,0.0,0.5
Gemini,none,raw_10call_majority,SpotifyCares,Request device restart,0,25,0,3,0.0,0.0,0.0,0.0,0.5
Gemini,none,raw_10call_majority,SpotifyCares,Request device version,0,24,0,4,0.0,0.0,0.0,0.0,0.5
Gemini,none,raw_10call_majority,SpotifyCares,Request email address,0,22,0,6,0.0,0.0,0.0,0.0,0.5
Gemini,none,raw_10call_majority,SpotifyCares,Request error message,0,25,0,3,0.0,0.0,0.0,0.0,0.5
Gemini,none,raw_10call_majority,SpotifyCares,Request exact issue description,0,27,0,1,0.0,0.0,0.0,0.0,0.5
Gemini,none,raw_10call_majority,SpotifyCares,Request login,0,25,0,3,0.0,0.0,0.0,0.0,0.5
Gemini,none,raw_10call_majority,SpotifyCares,Request logout,0,25,0,3,0.0,0.0,0.0,0.0,0.5
Gemini,none,raw_10call_majority,SpotifyCares,Request reinstall the app,0,26,0,2,0.0,0.0,0.0,0.0,0.5
Gemini,none,raw_10call_majority,SpotifyCares,Request username,0,23,0,5,0.0,0.0,0.0,0.0,0.5
Gemini,none,raw_10call_majority,SpotifyCares,Restart device,0,33,0,2,0.0,0.0,0.0,0.0,0.5
Gemini,none,raw_10call_majority,SpotifyCares,Song/Artist,0,30,0,5,0.0,0.0,0.0,0.0,0.5
Gemini,none,raw_10call_majority,SpotifyCares,Student Subscription,0,33,0,2,0.0,0.0,0.0,0.0,0.5
Gemini,none,raw_1call,AmazonHelp,Account,0,18,0,2,0.0,0.0,0.0,0.0,0.5
Gemini,none,raw_1call,AmazonHelp,Alexa,0,18,0,2,0.0,0.0,0.0,0.0,0.5
Gemini,none,raw_1call,AmazonHelp,Apologize,3,11,0,5,1.0,0.375,0.5454545454545454,0.5077524002897474,0.6875
Gemini,none,raw_1call,AmazonHelp,Bad Support,0,17,0,3,0.0,0.0,0.0,0.0,0.5
Gemini,none,raw_1call,AmazonHelp,Delivery,0,13,0,7,0.0,0.0,0.0,0.0,0.5
Gemini,none,raw_1call,AmazonHelp,Echo,0,17,0,3,0.0,0.0,0.0,0.0,0.5
Gemini,none,raw_1call,AmazonHelp,Investigate Issue,6,9,2,2,0.75,0.75,0.75,0.5681818181818182,0.7840909090909092
Gemini,none,raw_1call,AmazonHelp,Kindle,0,20,0,0,0.0,0.0,0.0,0.0,0.5
Gemini,none,raw_1call,AmazonHelp,Order Cancellation,0,19,0,1,0.0,0.0,0.0,0.0,0.5
Gemini,none,raw_1call,AmazonHelp,Packaging,0,19,0,1,0.0,0.0,0.0,0.0,0.5
Gemini,none,raw_1call,AmazonHelp,Prime,0,13,0,7,0.0,0.0,0.0,0.0,0.5
Gemini,none,raw_1call,AmazonHelp,Provide URL,13,6,0,0,1.0,1.0,1.0,1.0,1.0
Gemini,none,raw_1call,AmazonHelp,Provide delivery date,0,17,0,2,0.0,0.0,0.0,0.0,0.5
Gemini,none,raw_1call,AmazonHelp,Refer to specialist team,0,17,0,2,0.0,0.0,0.0,0.0,0.5
Gemini,none,raw_1call,AmazonHelp,Refund,0,20,0,0,0.0,0.0,0.0,0.0,0.5
Gemini,none,raw_1call,AmazonHelp,Replacement,0,20,0,0,0.0,0.0,0.0,0.0,0.5
Gemini,none,raw_1call,AmazonHelp,Request to call by phone,0,16,0,3,0.0,0.0,0.0,0.0,0.5
Gemini,none,raw_1call,AmazonHelp,Request to not send personal details,0,18,0,1,0.0,0.0,0.0,0.0,0.5
Gemini,none,raw_1call,AmazonHelp,Request to reach out by chat,0,17,0,2,0.0,0.0,0.0,0.0,0.5
Gemini,none,raw_1call,AmazonHelp,Return,0,18,0,2,0.0,0.0,0.0,0.0,0.5
Gemini,none,raw_1call,AppleSupport,Battery,0,25,0,6,0.0,0.0,0.0,0.0,0.5
Gemini,none,raw_1call,AppleSupport,Investigate issue,0,11,0,16,0.0,0.0,0.0,0.0,0.5
Gemini,none,raw_1call,AppleSupport,Mac,0,28,0,3,0.0,0.0,0.0,0.0,0.5
Gemini,none,raw_1call,AppleSupport,Provide URL,16,11,0,0,1.0,1.0,1.0,1.0,1.0
Gemini,none,raw_1call,AppleSupport,Provide device model,0,25,0,6,0.0,0.0,0.0,0.0,0.5
Gemini,none,raw_1call,AppleSupport,Provide system version,0,21,0,10,0.0,0.0,0.0,0.0,0.5
Gemini,none,raw_1call,AppleSupport,Recommend backing up,0,27,0,0,0.0,0.0,0.0,0.0,0.5
Gemini,none,raw_1call,AppleSupport,Recommend updating,0,27,0,0,0.0,0.0,0.0,0.0,0.5
Gemini,none,raw_1call,AppleSupport,Refer to specialist team,0,27,0,0,0.0,0.0,0.0,0.0,0.5
Gemini,none,raw_1call,AppleSupport,Refund,0,29,0,2,0.0,0.0,0.0,0.0,0.5
Gemini,none,raw_1call,AppleSupport,Request DM,3,15,0,9,1.0,0.25,0.4,0.3952847075210474,0.625
Gemini,none,raw_1call,AppleSupport,Request country,0,27,0,0,0.0,0.0,0.0,0.0,0.5
Gemini,none,raw_1call,AppleSupport,Request device model,0,24,0,3,0.0,0.0,0.0,0.0,0.5
Gemini,none,raw_1call,AppleSupport,Request device restart,0,26,0,1,0.0,0.0,0.0,0.0,0.5
Gemini,none,raw_1call,AppleSupport,Request iOS version,0,19,0,8,0.0,0.0,0.0,0.0,0.5
Gemini,none,raw_1call,AppleSupport,Restart device,0,28,0,3,0.0,0.0,0.0,0.0,0.5
Gemini,none,raw_1call,AppleSupport,Software/App,0,21,0,10,0.0,0.0,0.0,0.0,0.5
Gemini,none,raw_1call,AppleSupport,TV,0,31,0,0,0.0,0.0,0.0,0.0,0.5
Gemini,none,raw_1call,AppleSupport,Unresponsive/Freezing Device,0,26,0,5,0.0,0.0,0.0,0.0,0.5
Gemini,none,raw_1call,AppleSupport,Update,0,17,0,14,0.0,0.0,0.0,0.0,0.5
Gemini,none,raw_1call,AppleSupport,iPad,0,31,0,0,0.0,0.0,0.0,0.0,0.5
Gemini,none,raw_1call,AppleSupport,iPhone,0,21,0,10,0.0,0.0,0.0,0.0,0.5
Gemini,none,raw_1call,SpotifyCares,Account,0,29,0,6,0.0,0.0,0.0,0.0,0.5
Gemini,none,raw_1call,SpotifyCares,Advertisement,0,33,0,2,0.0,0.0,0.0,0.0,0.5
Gemini,none,raw_1call,SpotifyCares,App,0,26,0,9,0.0,0.0,0.0,0.0,0.5
Gemini,none,raw_1call,SpotifyCares,Billing/Payment,0,28,0,7,0.0,0.0,0.0,0.0,0.5
Gemini,none,raw_1call,SpotifyCares,Family Subscription,0,34,0,1,0.0,0.0,0.0,0.0,0.5
Gemini,none,raw_1call,SpotifyCares,Hulu,0,34,0,1,0.0,0.0,0.0,0.0,0.5
Gemini,none,raw_1call,SpotifyCares,Login,0,31,0,4,0.0,0.0,0.0,0.0,0.5
Gemini,none,raw_1call,SpotifyCares,Logout,0,33,0,2,0.0,0.0,0.0,0.0,0.5
Gemini,none,raw_1call,SpotifyCares,Offer further help,0,24,0,4,0.0,0.0,0.0,0.0,0.5
Gemini,none,raw_1call,SpotifyCares,Playlist,0,33,0,2,0.0,0.0,0.0,0.0,0.5
Gemini,none,raw_1call,SpotifyCares,Premium,0,33,0,2,0.0,0.0,0.0,0.0,0.5
Gemini,none,raw_1call,SpotifyCares,Provide OS version,0,33,0,2,0.0,0.0,0.0,0.0,0.5
Gemini,none,raw_1call,SpotifyCares,Provide URL,13,15,0,0,1.0,1.0,1.0,1.0,1.0
Gemini,none,raw_1call,SpotifyCares,Provide device model,0,31,0,4,0.0,0.0,0.0,0.0,0.5
Gemini,none,raw_1call,SpotifyCares,Provide email address,0,35,0,0,0.0,0.0,0.0,0.0,0.5
Gemini,none,raw_1call,SpotifyCares,Provide error message,0,30,0,5,0.0,0.0,0.0,0.0,0.5
Gemini,none,raw_1call,SpotifyCares,Provide spotify version,0,33,0,2,0.0,0.0,0.0,0.0,0.5
Gemini,none,raw_1call,SpotifyCares,Provide username,0,35,0,0,0.0,0.0,0.0,0.0,0.5
Gemini,none,raw_1call,SpotifyCares,Refer to specialist team,0,28,0,0,0.0,0.0,0.0,0.0,0.5
Gemini,none,raw_1call,SpotifyCares,Reinstall the app,0,34,0,1,0.0,0.0,0.0,0.0,0.5
Gemini,none,raw_1call,SpotifyCares,Request DM,2,21,0,5,1.0,0.2857142857142857,0.4444444444444445,0.48038446141526137,0.6428571428571428
Gemini,none,raw_1call,SpotifyCares,Request OS version,0,25,0,3,0.0,0.0,0.0,0.0,0.5
Gemini,none,raw_1call,SpotifyCares,Request Spotify version,0,24,0,4,0.0,0.0,0.0,0.0,0.5
Gemini,none,raw_1call,SpotifyCares,Request device restart,0,25,0,3,0.0,0.0,0.0,0.0,0.5
Gemini,none,raw_1call,SpotifyCares,Request device version,0,24,0,4,0.0,0.0,0.0,0.0,0.5
Gemini,none,raw_1call,SpotifyCares,Request email address,0,22,0,6,0.0,0.0,0.0,0.0,0.5
Gemini,none,raw_1call,SpotifyCares,Request error message,0,25,0,3,0.0,0.0,0.0,0.0,0.5
Gemini,none,raw_1call,SpotifyCares,Request exact issue description,0,27,0,1,0.0,0.0,0.0,0.0,0.5
Gemini,none,raw_1call,SpotifyCares,Request login,0,25,0,3,0.0,0.0,0.0,0.0,0.5
Gemini,none,raw_1call,SpotifyCares,Request logout,0,25,0,3,0.0,0.0,0.0,0.0,0.5
Gemini,none,raw_1call,SpotifyCares,Request reinstall the app,0,26,0,2,0.0,0.0,0.0,0.0,0.5
Gemini,none,raw_1call,SpotifyCares,Request username,0,23,0,5,0.0,0.0,0.0,0.0,0.5
Gemini,none,raw_1call,SpotifyCares,Restart device,0,33,0,2,0.0,0.0,0.0,0.0,0.5
Gemini,none,raw_1call,SpotifyCares,Song/Artist,0,30,0,5,0.0,0.0,0.0,0.0,0.5
Gemini,none,raw_1call,SpotifyCares,Student Subscription,0,33,0,2,0.0,0.0,0.0,0.0,0.5
Gemini,none,validated_paths10_thr0.5,AmazonHelp,Account,2,17,1,0,0.6666666666666666,1.0,0.8,0.7934920476158722,0.9722222222222222
Gemini,none,validated_paths10_thr0.5,AmazonHelp,Alexa,2,18,0,0,1.0,1.0,1.0,1.0,1.0
Gemini,none,validated_paths10_thr0.5,AmazonHelp,Apologize,8,11,0,0,1.0,1.0,1.0,1.0,1.0
Gemini,none,validated_paths10_thr0.5,AmazonHelp,Bad Support,1,16,1,2,0.5,0.3333333333333333,0.4,0.32673201960653564,0.6372549019607843
Gemini,none,validated_paths10_thr0.5,AmazonHelp,Delivery,4,12,1,3,0.8,0.5714285714285714,0.6666666666666666,0.5447047794019222,0.7472527472527473
Gemini,none,validated_paths10_thr0.5,AmazonHelp,Echo,2,17,0,1,1.0,0.6666666666666666,0.8,0.7934920476158722,0.8333333333333333
Gemini,none,validated_paths10_thr0.5,AmazonHelp,Investigate Issue,6,9,2,2,0.75,0.75,0.75,0.5681818181818182,0.7840909090909092
Gemini,none,validated_paths10_thr0.5,AmazonHelp,Kindle,0,20,0,0,0.0,0.0,0.0,0.0,0.5
Gemini,none,validated_paths10_thr0.5,AmazonHelp,Order Cancellation,1,19,0,0,1.0,1.0,1.0,1.0,1.0
Gemini,none,validated_paths10_thr0.5,AmazonHelp,Packaging,1,19,0,0,1.0,1.0,1.0,1.0,1.0
Gemini,none,validated_paths10_thr0.5,AmazonHelp,Prime,7,13,0,0,1.0,1.0,1.0,1.0,1.0
Gemini,none,validated_paths10_thr0.5,AmazonHelp,Provide URL,13,6,0,0,1.0,1.0,1.0,1.0,1.0
Gemini,none,validated_paths10_thr0.5,AmazonHelp,Provide delivery date,0,17,0,2,0.0,0.0,0.0,0.0,0.5
Gemini,none,validated_paths10_thr0.5,AmazonHelp,Refer to specialist team,2,17,0,0,1.0,1.0,1.0,1.0,1.0
Gemini,none,validated_paths10_thr0.5,AmazonHelp,Refund,0,20,0,0,0.0,0.0,0.0,0.0,0.5
Gemini,none,validated_paths10_thr0.5,AmazonHelp,Replacement,0,20,0,0,0.0,0.0,0.0,0.0,0.5
Gemini,none,validated_paths10_thr0.5,AmazonHelp,Request to call by phone,3,16,0,0,1.0,1.0,1.0,1.0,1.0
Gemini,none,validated_paths10_thr0.5,AmazonHelp,Request to not send personal details,1,18,0,0,1.0,1.0,1.0,1.0,1.0
Gemini,none,validated_paths10_thr0.5,AmazonHelp,Request to reach out by chat,2,17,0,0,1.0,1.0,1.0,1.0,1.0
Gemini,none,validated_paths10_thr0.5,AmazonHelp,Return,2,18,0,0,1.0,1.0,1.0,1.0,1.0
Gemini,none,validated_paths10_thr0.5,AppleSupport,Battery,6,24,1,0,0.8571428571428571,1.0,0.923076923076923,0.9071147352221454,0.98
Gemini,none,validated_paths10_thr0.5,AppleSupport,Investigate issue,10,8,3,6,0.7692307692307693,0.625,0.6896551724137931,0.3464173711074475,0.6761363636363636
Gemini,none,validated_paths10_thr0.5,AppleSupport,Mac,3,27,1,0,0.75,1.0,0.8571428571428571,0.8504200642707612,0.9821428571428572
Gemini,none,validated_paths10_thr0.5,AppleSupport,Provide URL,16,11,0,0,1.0,1.0,1.0,1.0,1.0
Gemini,none,validated_paths10_thr0.5,AppleSupport,Provide device model,6,23,2,0,0.75,1.0,0.8571428571428571,0.8306623862918076,0.96
Gemini,none,validated_paths10_thr0.5,AppleSupport,Provide system version,10,21,0,0,1.0,1.0,1.0,1.0,1.0
Gemini,none,validated_paths10_thr0.5,AppleSupport,Recommend backing up,0,27,0,0,0.0,0.0,0.0,0.0,0.5
Gemini,none,validated_paths10_thr0.5,AppleSupport,Recommend updating,0,27,0,0,0.0,0.0,0.0,0.0,0.5
Gemini,none,validated_paths10_thr0.5,AppleSupport,Refer to specialist team,0,27,0,0,0.0,0.0,0.0,0.0,0.5
Gemini,none,validated_paths10_thr0.5,AppleSupport,Refund,2,29,0,0,1.0,1.0,1.0,1.0,1.0
Gemini,none,validated_paths10_thr0.5,AppleSupport,Request DM,12,15,0,0,1.0,1.0,1.0,1.0,1.0
Gemini,none,validated_paths10_thr0.5,AppleSupport,Request country,0,27,0,0,0.0,0.0,0.0,0.0,0.5
Gemini,none,validated_paths10_thr0.5,AppleSupport,Request device model,3,24,0,0,1.0,1.0,1.0,1.0,1.0
Gemini,none,validated_paths10_thr0.5,AppleSupport,Request device restart,0,26,0,1,0.0,0.0,0.0,0.0,0.5
Gemini,none,validated_paths10_thr0.5,AppleSupport,Request iOS version,7,19,0,1,1.0,0.875,0.9333333333333333,0.9117291264405234,0.9375
Gemini,none,validated_paths10_thr0.5,AppleSupport,Restart device,3,27,1,0,0.75,1.0,0.8571428571428571,0.8504200642707612,0.9821428571428572
Gemini,none,validated_paths10_thr0.5,AppleSupport,Software/App,8,16,5,2,0.6153846153846154,0.8,0.6956521739130435,0.532309762594754,0.780952380952381
Gemini,none,validated_paths10_thr0.5,AppleSupport,TV,0,31,0,0,0.0,0.0,0.0,0.0,0.5
Gemini,none,validated_paths10_thr0.5,AppleSupport,Unresponsive/Freezing Device,4,23,3,1,0.5714285714285714,0.8,0.6666666666666666,0.602231807681353,0.8423076923076923
Gemini,none,validated_paths10_thr0.5,AppleSupport,Update,14,17,0,0,1.0,1.0,1.0,1.0,1.0
Gemini,none,validated_paths10_thr0.5,AppleSupport,iPad,0,31,0,0,0.0,0.0,0.0,0.0,0.5
Gemini,none,validated_paths10_thr0.5,AppleSupport,iPhone,6,18,3,4,0.6666666666666666,0.6,0.631578947368421,0.47079190906919977,0.7285714285714285
Gemini,none,validated_paths10_thr0.5,SpotifyCares,Account,4,29,0,2,1.0,0.6666666666666666,0.8,0.7897188828807974,0.8333333333333333
Gemini,none,validated_paths10_thr0.5,SpotifyCares,Advertisement,2,33,0,0,1.0,1.0,1.0,1.0,1.0
Gemini,none,validated_paths10_thr0.5,SpotifyCares,App,6,23,3,3,0.6666666666666666,0.6666666666666666,0.6666666666666666,0.5512820512820513,0.7756410256410255
Gemini,none,validated_paths10_thr0.5,SpotifyCares,Billing/Payment,6,28,0,1,1.0,0.8571428571428571,0.923076923076923,0.909717652294684,0.9285714285714286
Gemini,none,validated_paths10_thr0.5,SpotifyCares,Family Subscription,1,34,0,0,1.0,1.0,1.0,1.0,1.0
Gemini,none,validated_paths10_thr0.5,SpotifyCares,Hulu,1,34,0,0,1.0,1.0,1.0,1.0,1.0
Gemini,none,validated_paths10_thr0.5,SpotifyCares,Login,4,28,3,0,0.5714285714285714,1.0,0.7272727272727273,0.7184212081070996,0.9516129032258065
Gemini,none,validated_paths10_thr0.5,SpotifyCares,Logout,2,30,3,0,0.4,1.0,0.5714285714285715,0.6030226891555273,0.9545454545454546
Gemini,none,validated_paths10_thr0.5,SpotifyCares,Offer further help,4,22,2,0,0.6666666666666666,1.0,0.8,0.7817359599705717,0.9583333333333333
Gemini,none,validated_paths10_thr0.5,SpotifyCares,Playlist,2,33,0,0,1.0,1.0,1.0,1.0,1.0
Gemini,none,validated_paths10_thr0.5,SpotifyCares,Premium,2,33,0,0,1.0,1.0,1.0,1.0,1.0
Gemini,none,validated_paths10_thr0.5,SpotifyCares,Provide OS version,2,33,0,0,1.0,1.0,1.0,1.0,1.0
Gemini,none,validated_paths10_thr0.5,SpotifyCares,Provide URL,13,15,0,0,1.0,1.0,1.0,1.0,1.0
Gemini,none,validated_paths10_thr0.5,SpotifyCares,Provide device model,3,29,2,1,0.6,0.75,0.6666666666666665,0.6232502388407515,0.842741935483871
Gemini,none,validated_paths10_thr0.5,SpotifyCares,Provide email address,0,35,0,0,0.0,0.0,0.0,0.0,0.5
Gemini,none,validated_paths10_thr0.5,SpotifyCares,Provide error message,4,30,0,1,1.0,0.8,0.888888888888889,0.8798826901281197,0.9
Gemini,none,validated_paths10_thr0.5,SpotifyCares,Provide spotify version,2,33,0,0,1.0,1.0,1.0,1.0,1.0
Gemini,none,validated_paths10_thr0.5,SpotifyCares,Provide username,0,35,0,0,0.0,0.0,0.0,0.0,0.5
Gemini,none,validated_paths10_thr0.5,SpotifyCares,Refer to specialist team,0,28,0,0,0.0,0.0,0.0,0.0,0.5
Gemini,none,validated_paths10_thr0.5,SpotifyCares,Reinstall the app,0,34,0,1,0.0,0.0,0.0,0.0,0.5
Gemini,none,validated_paths10_thr0.5,SpotifyCares,Request DM,6,21,0,1,1.0,0.8571428571428571,0.923076923076923,0.9045340337332909,0.9285714285714286
Gemini,none,validated_paths10_thr0.5,SpotifyCares,Request OS version,3,25,0,0,1.0,1.0,1.0,1.0,1.0
Gemini,none,validated_paths10_thr0.5,SpotifyCares,Request Spotify version,4,24,0,0,1.0,1.0,1.0,1.0,1.0
Gemini,none,validated_paths10_thr0.5,SpotifyCares,Request device restart,3,25,0,0,1.0,1.0,1.0,1.0,1.0
Gemini,none,validated_paths10_thr0.5,SpotifyCares,Request device version,4,24,0,0,1.0,1.0,1.0,1.0,1.0
Gemini,none,validated_paths10_thr0.5,SpotifyCares,Request email address,6,22,0,0,1.0,1.0,1.0,1.0,1.0
Gemini,none,validated_paths10_thr0.5,SpotifyCares,Request error message,3,25,0,0,1.0,1.0,1.0,1.0,1.0
Gemini,none,validated_paths10_thr0.5,SpotifyCares,Request exact issue description,1,26,1,0,0.5,1.0,0.6666666666666666,0.693888666488711,0.9814814814814814
Gemini,none,validated_paths10_thr0.5,SpotifyCares,Request login,3,25,0,0,1.0,1.0,1.0,1.0,1.0
Gemini,none,validated_paths10_thr0.5,SpotifyCares,Request logout,3,25,0,0,1.0,1.0,1.0,1.0,1.0
Gemini,none,validated_paths10_thr0.5,SpotifyCares,Request reinstall the app,2,26,0,0,1.0,1.0,1.0,1.0,1.0
Gemini,none,validated_paths10_thr0.5,SpotifyCares,Request username,5,23,0,0,1.0,1.0,1.0,1.0,1.0
Gemini,none,validated_paths10_thr0.5,SpotifyCares,Restart device,1,31,2,1,0.3333333333333333,0.5,0.4,0.36432620803146437,0.7196969696969697
Gemini,none,validated_paths10_thr0.5,SpotifyCares,Song/Artist,3,29,1,2,0.75,0.6,0.6666666666666665,0.6232502388407515,0.7833333333333333
Gemini,none,validated_paths10_thr0.5,SpotifyCares,Student Subscription,1,33,0,1,1.0,0.5,0.6666666666666666,0.696630546019236,0.75
Gemini,none,validated_paths10_thr0.6,AmazonHelp,Account,2,17,1,0,0.6666666666666666,1.0,0.8,0.7934920476158722,0.9722222222222222
Gemini,none,validated_paths10_thr0.6,AmazonHelp,Alexa,2,18,0,0,1.0,1.0,1.0,1.0,1.0
Gemini,none,validated_paths10_thr0.6,AmazonHelp,Apologize,8,11,0,0,1.0,1.0,1.0,1.0,1.0
Gemini,none,validated_paths10_thr0.6,AmazonHelp,Bad Support,1,16,1,2,0.5,0.3333333333333333,0.4,0.32673201960653564,0.6372549019607843
Gemini,none,validated_paths10_thr0.6,AmazonHelp,Delivery,4,12,1,3,0.8,0.5714285714285714,0.6666666666666666,0.5447047794019222,0.7472527472527473
Gemini,none,validated_paths10_thr0.6,AmazonHelp,Echo,2,17,0,1,1.0,0.6666666666666666,0.8,0.7934920476158722,0.8333333333333333
Gemini,none,validated_paths10_thr0.6,AmazonHelp,Investigate Issue,6,9,2,2,0.75,0.75,0.75,0.5681818181818182,0.7840909090909092
Gemini,none,validated_paths10_thr0.6,AmazonHelp,Kindle,0,20,0,0,0.0,0.0,0.0,0.0,0.5
Gemini,none,validated_paths10_thr0.6,AmazonHelp,Order Cancellation,1,19,0,0,1.0,1.0,1.0,1.0,1.0
Gemini,none,validated_paths10_thr0.6,AmazonHelp,Packaging,1,19,0,0,1.0,1.0,1.0,1.0,1.0
Gemini,none,validated_paths10_thr0.6,AmazonHelp,Prime,7,13,0,0,1.0,1.0,1.0,1.0,1.0
Gemini,none,validated_paths10_thr0.6,AmazonHelp,Provide URL,13,6,0,0,1.0,1.0,1.0,1.0,1.0
Gemini,none,validated_paths10_thr0.6,AmazonHelp,Provide delivery date,0,17,0,2,0.0,0.0,0.0,0.0,0.5
Gemini,none,validated_paths10_thr0.6,AmazonHelp,Refer to specialist team,2,17,0,0,1.0,1.0,1.0,1.0,1.0
Gemini,none,validated_paths10_thr0.6,AmazonHelp,Refund,0,20,0,0,0.0,0.0,0.0,0.0,0.5
Gemini,none,validated_paths10_thr0.6,AmazonHelp,Replacement,0,20,0,0,0.0,0.0,0.0,0.0,0.5
Gemini,none,validated_paths10_thr0.6,AmazonHelp,Request to call by phone,3,16,0,0,1.0,1.0,1.0,1.0,1.0
Gemini,none,validated_paths10_thr0.6,AmazonHelp,Request to not send personal details,1,18,0,0,1.0,1.0,1.0,1.0,1.0
Gemini,none,validated_paths10_thr0.6,AmazonHelp,Request to reach out by chat,2,17,0,0,1.0,1.0,1.0,1.0,1.0
Gemini,none,validated_paths10_thr0.6,AmazonHelp,Return,2,18,0,0,1.0,1.0,1.0,1.0,1.0
Gemini,none,validated_paths10_thr0.6,AppleSupport,Battery,6,24,1,0,0.8571428571428571,1.0,0.923076923076923,0.9071147352221454,0.98
Gemini,none,validated_paths10_thr0.6,AppleSupport,Investigate issue,10,8,3,6,0.7692307692307693,0.625,0.6896551724137931,0.3464173711074475,0.6761363636363636
Gemini,none,validated_paths10_thr0.6,AppleSupport,Mac,3,27,1,0,0.75,1.0,0.8571428571428571,0.8504200642707612,0.9821428571428572
Gemini,none,validated_paths10_thr0.6,AppleSupport,Provide URL,16,11,0,0,1.0,1.0,1.0,1.0,1.0
Gemini,none,validated_paths10_thr0.6,AppleSupport,Provide device model,6,23,2,0,0.75,1.0,0.8571428571428571,0.8306623862918076,0.96
Gemini,none,validated_paths10_thr0.6,AppleSupport,Provide system version,10,21,0,0,1.0,1.0,1.0,1.0,1.0
Gemini,none,validated_paths10_thr0.6,AppleSupport,Recommend backing up,0,27,0,0,0.0,0.0,0.0,0.0,0.5
Gemini,none,validated_paths10_thr0.6,AppleSupport,Recommend updating,0,27,0,0,0.0,0.0,0.0,0.0,0.5
Gemini,none,validated_paths10_thr0.6,AppleSupport,Refer to specialist team,0,27,0,0,0.0,0.0,0.0,0.0,0.5
Gemini,none,validated_paths10_thr0.6,AppleSupport,Refund,2,29,0,0,1.0,1.0,1.0,1.0,1.0
Gemini,none,validated_paths10_thr0.6,AppleSupport,Request DM,12,15,0,0,1.0,1.0,1.0,1.0,1.0
Gemini,none,validated_paths10_thr0.6,AppleSupport,Request country,0,27,0,0,0.0,0.0,0.0,0.0,0.5
Gemini,none,validated_paths10_thr0.6,AppleSupport,Request device model,3,24,0,0,1.0,1.0,1.0,1.0,1.0
Gemini,none,validated_paths10_thr0.6,AppleSupport,Request device restart,0,26,0,1,0.0,0.0,0.0,0.0,0.5
Gemini,none,validated_paths10_thr0.6,AppleSupport,Request iOS version,7,19,0,1,1.0,0.875,0.9333333333333333,0.9117291264405234,0.9375
Gemini,none,validated_paths10_thr0.6,AppleSupport,Restart device,3,27,1,0,0.75,1.0,0.8571428571428571,0.8504200642707612,0.9821428571428572
Gemini,none,validated_paths10_thr0.6,AppleSupport,Software/App,8,16,5,2,0.6153846153846154,0.8,0.6956521739130435,0.532309762594754,0.780952380952381
Gemini,none,validated_paths10_thr0.6,AppleSupport,TV,0,31,0,0,0.0,0.0,0.0,0.0,0.5
Gemini,none,validated_paths10_thr0.6,AppleSupport,Unresponsive/Freezing Device,4,23,3,1,0.5714285714285714,0.8,0.6666666666666666,0.602231807681353,0.8423076923076923
Gemini,none,validated_paths10_thr0.6,AppleSupport,Update,14,17,0,0,1.0,1.0,1.0,1.0,1.0
Gemini,none,validated_paths10_thr0.6,AppleSupport,iPad,0,31,0,0,0.0,0.0,0.0,0.0,0.5
Gemini,none,validated_paths10_thr0.6,AppleSupport,iPhone,6,18,3,4,0.6666666666666666,0.6,0.631578947368421,0.47079190906919977,0.7285714285714285
Gemini,none,validated_paths10_thr0.6,SpotifyCares,Account,4,29,0,2,1.0,0.6666666666666666,0.8,0.7897188828807974,0.8333333333333333
Gemini,none,validated_paths10_thr0.6,SpotifyCares,Advertisement,2,33,0,0,1.0,1.0,1.0,1.0,1.0
Gemini,none,validated_paths10_thr0.6,SpotifyCares,App,6,23,3,3,0.6666666666666666,0.6666666666666666,0.6666666666666666,0.5512820512820513,0.7756410256410255
Gemini,none,validated_paths10_thr0.6,SpotifyCares,Billing/Payment,6,28,0,1,1.0,0.8571428571428571,0.923076923076923,0.909717652294684,0.9285714285714286
Gemini,none,validated_paths10_thr0.6,SpotifyCares,Family Subscription,1,34,0,0,1.0,1.0,1.0,1.0,1.0
Gemini,none,validated_paths10_thr0.6,SpotifyCares,Hulu,1,34,0,0,1.0,1.0,1.0,1.0,1.0
Gemini,none,validated_paths10_thr0.6,SpotifyCares,Login,4,28,3,0,0.5714285714285714,1.0,0.7272727272727273,0.7184212081070996,0.9516129032258065
Gemini,none,validated_paths10_thr0.6,SpotifyCares,Logout,2,30,3,0,0.4,1.0,0.5714285714285715,0.6030226891555273,0.9545454545454546
Gemini,none,validated_paths10_thr0.6,SpotifyCares,Offer further help,4,22,2,0,0.6666666666666666,1.0,0.8,0.7817359599705717,0.9583333333333333
Gemini,none,validated_paths10_thr0.6,SpotifyCares,Playlist,2,33,0,0,1.0,1.0,1.0,1.0,1.0
Gemini,none,validated_paths10_thr0.6,SpotifyCares,Premium,2,33,0,0,1.0,1.0,1.0,1.0,1.0
Gemini,none,validated_paths10_thr0.6,SpotifyCares,Provide OS version,2,33,0,0,1.0,1.0,1.0,1.0,1.0
Gemini,none,validated_paths10_thr0.6,SpotifyCares,Provide URL,13,15,0,0,1.0,1.0,1.0,1.0,1.0
Gemini,none,validated_paths10_thr0.6,SpotifyCares,Provide device model,3,29,2,1,0.6,0.75,0.6666666666666665,0.6232502388407515,0.842741935483871
Gemini,none,validated_paths10_thr0.6,SpotifyCares,Provide email address,0,35,0,0,0.0,0.0,0.0,0.0,0.5
Gemini,none,validated_paths10_thr0.6,SpotifyCares,Provide error message,4,30,0,1,1.0,0.8,0.888888888888889,0.8798826901281197,0.9
Gemini,none,validated_paths10_thr0.6,SpotifyCares,Provide spotify version,2,33,0,0,1.0,1.0,1.0,1.0,1.0
Gemini,none,validated_paths10_thr0.6,SpotifyCares,Provide username,0,35,0,0,0.0,0.0,0.0,0.0,0.5
Gemini,none,validated_paths10_thr0.6,SpotifyCares,Refer to specialist team,0,28,0,0,0.0,0.0,0.0,0.0,0.5
Gemini,none,validated_paths10_thr0.6,SpotifyCares,Reinstall the app,0,34,0,1,0.0,0.0,0.0,0.0,0.5
Gemini,none,validated_paths10_thr0.6,SpotifyCares,Request DM,6,21,0,1,1.0,0.8571428571428571,0.923076923076923,0.9045340337332909,0.9285714285714286
Gemini,none,validated_paths10_thr0.6,SpotifyCares,Request OS version,3,25,0,0,1.0,1.0,1.0,1.0,1.0
Gemini,none,validated_paths10_thr0.6,SpotifyCares,Request Spotify version,4,24,0,0,1.0,1.0,1.0,1.0,1.0
Gemini,none,validated_paths10_thr0.6,SpotifyCares,Request device restart,3,25,0,0,1.0,1.0,1.0,1.0,1.0
Gemini,none,validated_paths10_thr0.6,SpotifyCares,Request device version,4,24,0,0,1.0,1.0,1.0,1.0,1.0
Gemini,none,validated_paths10_thr0.6,SpotifyCares,Request email address,6,22,0,0,1.0,1.0,1.0,1.0,1.0
Gemini,none,validated_paths10_thr0.6,SpotifyCares,Request error message,3,25,0,0,1.0,1.0,1.0,1.0,1.0
Gemini,none,validated_paths10_thr0.6,SpotifyCares,Request exact issue description,1,26,1,0,0.5,1.0,0.6666666666666666,0.693888666488711,0.9814814814814814
Gemini,none,validated_paths10_thr0.6,SpotifyCares,Request login,3,25,0,0,1.0,1.0,1.0,1.0,1.0
Gemini,none,validated_paths10_thr0.6,SpotifyCares,Request logout,3,25,0,0,1.0,1.0,1.0,1.0,1.0
Gemini,none,validated_paths10_thr0.6,SpotifyCares,Request reinstall the app,2,26,0,0,1.0,1.0,1.0,1.0,1.0
Gemini,none,validated_paths10_thr0.6,SpotifyCares,Request username,5,23,0,0,1.0,1.0,1.0,1.0,1.0
Gemini,none,validated_paths10_thr0.6,SpotifyCares,Restart device,1,31,2,1,0.3333333333333333,0.5,0.4,0.36432620803146437,0.7196969696969697
Gemini,none,validated_paths10_thr0.6,SpotifyCares,Song/Artist,3,29,1,2,0.75,0.6,0.6666666666666665,0.6232502388407515,0.7833333333333333
Gemini,none,validated_paths10_thr0.6,SpotifyCares,Student Subscription,1,33,0,1,1.0,0.5,0.6666666666666666,0.696630546019236,0.75
Gemini,none,validated_paths10_thr0.7,AmazonHelp,Account,2,17,1,0,0.6666666666666666,1.0,0.8,0.7934920476158722,0.9722222222222222
Gemini,none,validated_paths10_thr0.7,AmazonHelp,Alexa,2,18,0,0,1.0,1.0,1.0,1.0,1.0
Gemini,none,validated_paths10_thr0.7,AmazonHelp,Apologize,8,11,0,0,1.0,1.0,1.0,1.0,1.0
Gemini,none,validated_paths10_thr0.7,AmazonHelp,Bad Support,1,16,1,2,0.5,0.3333333333333333,0.4,0.32673201960653564,0.6372549019607843
Gemini,none,validated_paths10_thr0.7,AmazonHelp,Delivery,4,12,1,3,0.8,0.5714285714285714,0.6666666666666666,0.5447047794019222,0.7472527472527473
Gemini,none,validated_paths10_thr0.7,AmazonHelp,Echo,2,17,0,1,1.0,0.6666666666666666,0.8,0.7934920476158722,0.8333333333333333
Gemini,none,validated_paths10_thr0.7,AmazonHelp,Investigate Issue,6,9,2,2,0.75,0.75,0.75,0.5681818181818182,0.7840909090909092
Gemini,none,validated_paths10_thr0.7,AmazonHelp,Kindle,0,20,0,0,0.0,0.0,0.0,0.0,0.5
Gemini,none,validated_paths10_thr0.7,AmazonHelp,Order Cancellation,1,19,0,0,1.0,1.0,1.0,1.0,1.0
Gemini,none,validated_paths10_thr0.7,AmazonHelp,Packaging,1,19,0,0,1.0,1.0,1.0,1.0,1.0
Gemini,none,validated_paths10_thr0.7,AmazonHelp,Prime,7,13,0,0,1.0,1.0,1.0,1.0,1.0
Gemini,none,validated_paths10_thr0.7,AmazonHelp,Provide URL,13,6,0,0,1.0,1.0,1.0,1.0,1.0
Gemini,none,validated_paths10_thr0.7,AmazonHelp,Provide delivery date,0,17,0,2,0.0,0.0,0.0,0.0,0.5
Gemini,none,validated_paths10_thr0.7,AmazonHelp,Refer to specialist team,2,17,0,0,1.0,1.0,1.0,1.0,1.0
Gemini,none,validated_paths10_thr0.7,AmazonHelp,Refund,0,20,0,0,0.0,0.0,0.0,0.0,0.5
Gemini,none,validated_paths10_thr0.7,AmazonHelp,Replacement,0,20,0,0,0.0,0.0,0.0,0.0,0.5
Gemini,none,validated_paths10_thr0.7,AmazonHelp,Request to call by phone,3,16,0,0,1.0,1.0,1.0,1.0,1.0
Gemini,none,validated_paths10_thr0.7,AmazonHelp,Request to not send personal details,1,18,0,0,1.0,1.0,1.0,1.0,1.0
Gemini,none,validated_paths10_thr0.7,AmazonHelp,Request to reach out by chat,2,17,0,0,1.0,1.0,1.0,1.0,1.0
Gemini,none,validated_paths10_thr0.7,AmazonHelp,Return,2,18,0,0,1.0,1.0,1.0,1.0,1.0
Gemini,none,validated_paths10_thr0.7,AppleSupport,Battery,6,24,1,0,0.8571428571428571,1.0,0.923076923076923,0.9071147352221454,0.98
Gemini,none,validated_paths10_thr0.7,AppleSupport,Investigate issue,10,8,3,6,0.7692307692307693,0.625,0.6896551724137931,0.3464173711074475,0.6761363636363636
Gemini,none,validated_paths10_thr0.7,AppleSupport,Mac,3,27,1,0,0.75,1.0,0.8571428571428571,0.8504200642707612,0.9821428571428572
Gemini,none,validated_paths10_thr0.7,AppleSupport,Provide URL,16,11,0,0,1.0,1.0,1.0,1.0,1.0
Gemini,none,validated_paths10_thr0.7,AppleSupport,Provide device model,6,23,2,0,0.75,1.0,0.8571428571428571,0.8306623862918076,0.96
Gemini,none,validated_paths10_thr0.7,AppleSupport,Provide system version,10,21,0,0,1.0,1.0,1.0,1.0,1.0
Gemini,none,validated_paths10_thr0.7,AppleSupport,Recommend backing up,0,27,0,0,0.0,0.0,0.0,0.0,0.5
Gemini,none,validated_paths10_thr0.7,AppleSupport,Recommend updating,0,27,0,0,0.0,0.0,0.0,0.0,0.5
Gemini,none,validated_paths10_thr0.7,AppleSupport,Refer to specialist team,0,27,0,0,0.0,0.0,0.0,0.0,0.5
Gemini,none,validated_paths10_thr0.7,AppleSupport,Refund,2,29,0,0,1.0,1.0,1.0,1.0,1.0
Gemini,none,validated_paths10_thr0.7,AppleSupport,Request DM,12,15,0,0,1.0,1.0,1.0,1.0,1.0
Gemini,none,validated_paths10_thr0.7,AppleSupport,Request country,0,27,0,0,0.0,0.0,0.0,0.0,0.5
Gemini,none,validated_paths10_thr0.7,AppleSupport,Request device model,3,24,0,0,1.0,1.0,1.0,1.0,1.0
Gemini,none,validated_paths10_thr0.7,AppleSupport,Request device restart,0,26,0,1,0.0,0.0,0.0,0.0,0.5
Gemini,none,validated_paths10_thr0.7,AppleSupport,Request iOS version,7,19,0,1,1.0,0.875,0.9333333333333333,0.9117291264405234,0.9375
Gemini,none,validated_paths10_thr0.7,AppleSupport,Restart device,3,27,1,0,0.75,1.0,0.8571428571428571,0.8504200642707612,0.9821428571428572
Gemini,none,validated_paths10_thr0.7,AppleSupport,Software/App,8,16,5,2,0.6153846153846154,0.8,0.6956521739130435,0.532309762594754,0.780952380952381
Gemini,none,validated_paths10_thr0.7,AppleSupport,TV,0,31,0,0,0.0,0.0,0.0,0.0,0.5
Gemini,none,validated_paths10_thr0.7,AppleSupport,Unresponsive/Freezing Device,4,23,3,1,0.5714285714285714,0.8,0.6666666666666666,0.602231807681353,0.8423076923076923
Gemini,none,validated_paths10_thr0.7,AppleSupport,Update,14,17,0,0,1.0,1.0,1.0,1.0,1.0
Gemini,none,validated_paths10_thr0.7,AppleSupport,iPad,0,31,0,0,0.0,0.0,0.0,0.0,0.5
Gemini,none,validated_paths10_thr0.7,AppleSupport,iPhone,6,18,3,4,0.6666666666666666,0.6,0.631578947368421,0.47079190906919977,0.7285714285714285
Gemini,none,validated_paths10_thr0.7,SpotifyCares,Account,4,29,0,2,1.0,0.6666666666666666,0.8,0.7897188828807974,0.8333333333333333
Gemini,none,validated_paths10_thr0.7,SpotifyCares,Advertisement,2,33,0,0,1.0,1.0,1.0,1.0,1.0
Gemini,none,validated_paths10_thr0.7,SpotifyCares,App,6,23,3,3,0.6666666666666666,0.6666666666666666,0.6666666666666666,0.5512820512820513,0.7756410256410255
Gemini,none,validated_paths10_thr0.7,SpotifyCares,Billing/Payment,6,28,0,1,1.0,0.8571428571428571,0.923076923076923,0.909717652294684,0.9285714285714286
Gemini,none,validated_paths10_thr0.7,SpotifyCares,Family Subscription,1,34,0,0,1.0,1.0,1.0,1.0,1.0
Gemini,none,validated_paths10_thr0.7,SpotifyCares,Hulu,1,34,0,0,1.0,1.0,1.0,1.0,1.0
Gemini,none,validated_paths10_thr0.7,SpotifyCares,Login,4,28,3,0,0.5714285714285714,1.0,0.7272727272727273,0.7184212081070996,0.9516129032258065
Gemini,none,validated_paths10_thr0.7,SpotifyCares,Logout,2,30,3,0,0.4,1.0,0.5714285714285715,0.6030226891555273,0.9545454545454546
Gemini,none,validated_paths10_thr0.7,SpotifyCares,Offer further help,4,22,2,0,0.6666666666666666,1.0,0.8,0.7817359599705717,0.9583333333333333
Gemini,none,validated_paths10_thr0.7,SpotifyCares,Playlist,2,33,0,0,1.0,1.0,1.0,1.0,1.0
Gemini,none,validated_paths10_thr0.7,SpotifyCares,Premium,2,33,0,0,1.0,1.0,1.0,1.0,1.0
Gemini,none,validated_paths10_thr0.7,SpotifyCares,Provide OS version,2,33,0,0,1.0,1.0,1.0,1.0,1.0
Gemini,none,validated_paths10_thr0.7,SpotifyCares,Provide URL,13,15,0,0,1.0,1.0,1.0,1.0,1.0
Gemini,none,validated_paths10_thr0.7,SpotifyCares,Provide device model,3,29,2,1,0.6,0.75,0.6666666666666665,0.6232502388407515,0.842741935483871
Gemini,none,validated_paths10_thr0.7,SpotifyCares,Provide email address,0,35,0,0,0.0,0.0,0.0,0.0,0.5
Gemini,none,validated_paths10_thr0.7,SpotifyCares,Provide error message,4,30,0,1,1.0,0.8,0.888888888888889,0.8798826901281197,0.9
Gemini,none,validated_paths10_thr0.7,SpotifyCares,Provide spotify version,2,33,0,0,1.0,1.0,1.0,1.0,1.0
Gemini,none,validated_paths10_thr0.7,SpotifyCares,Provide username,0,35,0,0,0.0,0.0,0.0,0.0,0.5
Gemini,none,validated_paths10_thr0.7,SpotifyCares,Refer to specialist team,0,28,0,0,0.0,0.0,0.0,0.0,0.5
Gemini,none,validated_paths10_thr0.7,SpotifyCares,Reinstall the app,0,34,0,1,0.0,0.0,0.0,0.0,0.5
Gemini,none,validated_paths10_thr0.7,SpotifyCares,Request DM,6,21,0,1,1.0,0.8571428571428571,0.923076923076923,0.9045340337332909,0.9285714285714286
Gemini,none,validated_paths10_thr0.7,SpotifyCares,Request OS version,3,25,0,0,1.0,1.0,1.0,1.0,1.0
Gemini,none,validated_paths10_thr0.7,SpotifyCares,Request Spotify version,4,24,0,0,1.0,1.0,1.0,1.0,1.0
Gemini,none,validated_paths10_thr0.7,SpotifyCares,Request device restart,3,25,0,0,1.0,1.0,1.0,1.0,1.0
Gemini,none,validated_paths10_thr0.7,SpotifyCares,Request device version,4,24,0,0,1.0,1.0,1.0,1.0,1.0
Gemini,none,validated_paths10_thr0.7,SpotifyCares,Request email address,6,22,0,0,1.0,1.0,1.0,1.0,1.0
Gemini,none,validated_paths10_thr0.7,SpotifyCares,Request error message,3,25,0,0,1.0,1.0,1.0,1.0,1.0
Gemini,none,validated_paths10_thr0.7,SpotifyCares,Request exact issue description,1,26,1,0,0.5,1.0,0.6666666666666666,0.693888666488711,0.9814814814814814
Gemini,none,validated_paths10_thr0.7,SpotifyCares,Request login,3,25,0,0,1.0,1.0,1.0,1.0,1.0
Gemini,none,validated_paths10_thr0.7,SpotifyCares,Request logout,3,25,0,0,1.0,1.0,1.0,1.0,1.0
Gemini,none,validated_paths10_thr0.7,SpotifyCares,Request reinstall the app,2,26,0,0,1.0,1.0,1.0,1.0,1.0
Gemini,none,validated_paths10_thr0.7,SpotifyCares,Request username,5,23,0,0,1.0,1.0,1.0,1.0,1.0
Gemini,none,validated_paths10_thr0.7,SpotifyCares,Restart device,1,31,2,1,0.3333333333333333,0.5,0.4,0.36432620803146437,0.7196969696969697
Gemini,none,validated_paths10_thr0.7,SpotifyCares,Song/Artist,3,29,1,2,0.75,0.6,0.6666666666666665,0.6232502388407515,0.7833333333333333
Gemini,none,validated_paths10_thr0.7,SpotifyCares,Student Subscription,1,33,0,1,1.0,0.5,0.6666666666666666,0.696630546019236,0.75
Gemini,none,validated_paths10_thr0.8,AmazonHelp,Account,2,17,1,0,0.6666666666666666,1.0,0.8,0.7934920476158722,0.9722222222222222
Gemini,none,validated_paths10_thr0.8,AmazonHelp,Alexa,2,18,0,0,1.0,1.0,1.0,1.0,1.0
Gemini,none,validated_paths10_thr0.8,AmazonHelp,Apologize,8,11,0,0,1.0,1.0,1.0,1.0,1.0
Gemini,none,validated_paths10_thr0.8,AmazonHelp,Bad Support,1,16,1,2,0.5,0.3333333333333333,0.4,0.32673201960653564,0.6372549019607843
Gemini,none,validated_paths10_thr0.8,AmazonHelp,Delivery,4,12,1,3,0.8,0.5714285714285714,0.6666666666666666,0.5447047794019222,0.7472527472527473
Gemini,none,validated_paths10_thr0.8,AmazonHelp,Echo,2,17,0,1,1.0,0.6666666666666666,0.8,0.7934920476158722,0.8333333333333333
Gemini,none,validated_paths10_thr0.8,AmazonHelp,Investigate Issue,6,9,2,2,0.75,0.75,0.75,0.5681818181818182,0.7840909090909092
Gemini,none,validated_paths10_thr0.8,AmazonHelp,Kindle,0,20,0,0,0.0,0.0,0.0,0.0,0.5
Gemini,none,validated_paths10_thr0.8,AmazonHelp,Order Cancellation,1,19,0,0,1.0,1.0,1.0,1.0,1.0
Gemini,none,validated_paths10_thr0.8,AmazonHelp,Packaging,1,19,0,0,1.0,1.0,1.0,1.0,1.0
Gemini,none,validated_paths10_thr0.8,AmazonHelp,Prime,7,13,0,0,1.0,1.0,1.0,1.0,1.0
Gemini,none,validated_paths10_thr0.8,AmazonHelp,Provide URL,13,6,0,0,1.0,1.0,1.0,1.0,1.0
Gemini,none,validated_paths10_thr0.8,AmazonHelp,Provide delivery date,0,17,0,2,0.0,0.0,0.0,0.0,0.5
Gemini,none,validated_paths10_thr0.8,AmazonHelp,Refer to specialist team,2,17,0,0,1.0,1.0,1.0,1.0,1.0
Gemini,none,validated_paths10_thr0.8,AmazonHelp,Refund,0,20,0,0,0.0,0.0,0.0,0.0,0.5
Gemini,none,validated_paths10_thr0.8,AmazonHelp,Replacement,0,20,0,0,0.0,0.0,0.0,0.0,0.5
Gemini,none,validated_paths10_thr0.8,AmazonHelp,Request to call by phone,3,16,0,0,1.0,1.0,1.0,1.0,1.0
Gemini,none,validated_paths10_thr0.8,AmazonHelp,Request to not send personal details,1,18,0,0,1.0,1.0,1.0,1.0,1.0
Gemini,none,validated_paths10_thr0.8,AmazonHelp,Request to reach out by chat,2,17,0,0,1.0,1.0,1.0,1.0,1.0
Gemini,none,validated_paths10_thr0.8,AmazonHelp,Return,2,18,0,0,1.0,1.0,1.0,1.0,1.0
Gemini,none,validated_paths10_thr0.8,AppleSupport,Battery,6,24,1,0,0.8571428571428571,1.0,0.923076923076923,0.9071147352221454,0.98
Gemini,none,validated_paths10_thr0.8,AppleSupport,Investigate issue,10,8,3,6,0.7692307692307693,0.625,0.6896551724137931,0.3464173711074475,0.6761363636363636
Gemini,none,validated_paths10_thr0.8,AppleSupport,Mac,3,27,1,0,0.75,1.0,0.8571428571428571,0.8504200642707612,0.9821428571428572
Gemini,none,validated_paths10_thr0.8,AppleSupport,Provide URL,16,11,0,0,1.0,1.0,1.0,1.0,1.0
Gemini,none,validated_paths10_thr0.8,AppleSupport,Provide device model,6,23,2,0,0.75,1.0,0.8571428571428571,0.8306623862918076,0.96
Gemini,none,validated_paths10_thr0.8,AppleSupport,Provide system version,10,21,0,0,1.0,1.0,1.0,1.0,1.0
Gemini,none,validated_paths10_thr0.8,AppleSupport,Recommend backing up,0,27,0,0,0.0,0.0,0.0,0.0,0.5
Gemini,none,validated_paths10_thr0.8,AppleSupport,Recommend updating,0,27,0,0,0.0,0.0,0.0,0.0,0.5
Gemini,none,validated_paths10_thr0.8,AppleSupport,Refer to specialist team,0,27,0,0,0.0,0.0,0.0,0.0,0.5
Gemini,none,validated_paths10_thr0.8,AppleSupport,Refund,2,29,0,0,1.0,1.0,1.0,1.0,1.0
Gemini,none,validated_paths10_thr0.8,AppleSupport,Request DM,12,15,0,0,1.0,1.0,1.0,1.0,1.0
Gemini,none,validated_paths10_thr0.8,AppleSupport,Request country,0,27,0,0,0.0,0.0,0.0,0.0,0.5
Gemini,none,validated_paths10_thr0.8,AppleSupport,Request device model,3,24,0,0,1.0,1.0,1.0,1.0,1.0
Gemini,none,validated_paths10_thr0.8,AppleSupport,Request device restart,0,26,0,1,0.0,0.0,0.0,0.0,0.5
Gemini,none,validated_paths10_thr0.8,AppleSupport,Request iOS version,7,19,0,1,1.0,0.875,0.9333333333333333,0.9117291264405234,0.9375
Gemini,none,validated_paths10_thr0.8,AppleSupport,Restart device,3,27,1,0,0.75,1.0,0.8571428571428571,0.8504200642707612,0.9821428571428572
Gemini,none,validated_paths10_thr0.8,AppleSupport,Software/App,8,16,5,2,0.6153846153846154,0.8,0.6956521739130435,0.532309762594754,0.780952380952381
Gemini,none,validated_paths10_thr0.8,AppleSupport,TV,0,31,0,0,0.0,0.0,0.0,0.0,0.5
Gemini,none,validated_paths10_thr0.8,AppleSupport,Unresponsive/Freezing Device,4,23,3,1,0.5714285714285714,0.8,0.6666666666666666,0.602231807681353,0.8423076923076923
Gemini,none,validated_paths10_thr0.8,AppleSupport,Update,14,17,0,0,1.0,1.0,1.0,1.0,1.0
Gemini,none,validated_paths10_thr0.8,AppleSupport,iPad,0,31,0,0,0.0,0.0,0.0,0.0,0.5
Gemini,none,validated_paths10_thr0.8,AppleSupport,iPhone,6,18,3,4,0.6666666666666666,0.6,0.631578947368421,0.47079190906919977,0.7285714285714285
Gemini,none,validated_paths10_thr0.8,SpotifyCares,Account,4,29,0,2,1.0,0.6666666666666666,0.8,0.7897188828807974,0.8333333333333333
Gemini,none,validated_paths10_thr0.8,SpotifyCares,Advertisement,2,33,0,0,1.0,1.0,1.0,1.0,1.0
Gemini,none,validated_paths10_thr0.8,SpotifyCares,App,6,23,3,3,0.6666666666666666,0.6666666666666666,0.6666666666666666,0.5512820512820513,0.7756410256410255
Gemini,none,validated_paths10_thr0.8,SpotifyCares,Billing/Payment,6,28,0,1,1.0,0.8571428571428571,0.923076923076923,0.909717652294684,0.9285714285714286
Gemini,none,validated_paths10_thr0.8,SpotifyCares,Family Subscription,1,34,0,0,1.0,1.0,1.0,1.0,1.0
Gemini,none,validated_paths10_thr0.8,SpotifyCares,Hulu,1,34,0,0,1.0,1.0,1.0,1.0,1.0
Gemini,none,validated_paths10_thr0.8,SpotifyCares,Login,4,28,3,0,0.5714285714285714,1.0,0.7272727272727273,0.7184212081070996,0.9516129032258065
Gemini,none,validated_paths10_thr0.8,SpotifyCares,Logout,2,30,3,0,0.4,1.0,0.5714285714285715,0.6030226891555273,0.9545454545454546
Gemini,none,validated_paths10_thr0.8,SpotifyCares,Offer further help,4,22,2,0,0.6666666666666666,1.0,0.8,0.7817359599705717,0.9583333333333333
Gemini,none,validated_paths10_thr0.8,SpotifyCares,Playlist,2,33,0,0,1.0,1.0,1.0,1.0,1.0
Gemini,none,validated_paths10_thr0.8,SpotifyCares,Premium,2,33,0,0,1.0,1.0,1.0,1.0,1.0
Gemini,none,validated_paths10_thr0.8,SpotifyCares,Provide OS version,2,33,0,0,1.0,1.0,1.0,1.0,1.0
Gemini,none,validated_paths10_thr0.8,SpotifyCares,Provide URL,13,15,0,0,1.0,1.0,1.0,1.0,1.0
Gemini,none,validated_paths10_thr0.8,SpotifyCares,Provide device model,3,29,2,1,0.6,0.75,0.6666666666666665,0.6232502388407515,0.842741935483871
Gemini,none,validated_paths10_thr0.8,SpotifyCares,Provide email address,0,35,0,0,0.0,0.0,0.0,0.0,0.5
Gemini,none,validated_paths10_thr0.8,SpotifyCares,Provide error message,4,30,0,1,1.0,0.8,0.888888888888889,0.8798826901281197,0.9
Gemini,none,validated_paths10_thr0.8,SpotifyCares,Provide spotify version,2,33,0,0,1.0,1.0,1.0,1.0,1.0
Gemini,none,validated_paths10_thr0.8,SpotifyCares,Provide username,0,35,0,0,0.0,0.0,0.0,0.0,0.5
Gemini,none,validated_paths10_thr0.8,SpotifyCares,Refer to specialist team,0,28,0,0,0.0,0.0,0.0,0.0,0.5
Gemini,none,validated_paths10_thr0.8,SpotifyCares,Reinstall the app,0,34,0,1,0.0,0.0,0.0,0.0,0.5
Gemini,none,validated_paths10_thr0.8,SpotifyCares,Request DM,6,21,0,1,1.0,0.8571428571428571,0.923076923076923,0.9045340337332909,0.9285714285714286
Gemini,none,validated_paths10_thr0.8,SpotifyCares,Request OS version,3,25,0,0,1.0,1.0,1.0,1.0,1.0
Gemini,none,validated_paths10_thr0.8,SpotifyCares,Request Spotify version,4,24,0,0,1.0,1.0,1.0,1.0,1.0
Gemini,none,validated_paths10_thr0.8,SpotifyCares,Request device restart,3,25,0,0,1.0,1.0,1.0,1.0,1.0
Gemini,none,validated_paths10_thr0.8,SpotifyCares,Request device version,4,24,0,0,1.0,1.0,1.0,1.0,1.0
Gemini,none,validated_paths10_thr0.8,SpotifyCares,Request email address,6,22,0,0,1.0,1.0,1.0,1.0,1.0
Gemini,none,validated_paths10_thr0.8,SpotifyCares,Request error message,3,25,0,0,1.0,1.0,1.0,1.0,1.0
Gemini,none,validated_paths10_thr0.8,SpotifyCares,Request exact issue description,1,26,1,0,0.5,1.0,0.6666666666666666,0.693888666488711,0.9814814814814814
Gemini,none,validated_paths10_thr0.8,SpotifyCares,Request login,3,25,0,0,1.0,1.0,1.0,1.0,1.0
Gemini,none,validated_paths10_thr0.8,SpotifyCares,Request logout,3,25,0,0,1.0,1.0,1.0,1.0,1.0
Gemini,none,validated_paths10_thr0.8,SpotifyCares,Request reinstall the app,2,26,0,0,1.0,1.0,1.0,1.0,1.0
Gemini,none,validated_paths10_thr0.8,SpotifyCares,Request username,5,23,0,0,1.0,1.0,1.0,1.0,1.0
Gemini,none,validated_paths10_thr0.8,SpotifyCares,Restart device,1,31,2,1,0.3333333333333333,0.5,0.4,0.36432620803146437,0.7196969696969697
Gemini,none,validated_paths10_thr0.8,SpotifyCares,Song/Artist,3,29,1,2,0.75,0.6,0.6666666666666665,0.6232502388407515,0.7833333333333333
Gemini,none,validated_paths10_thr0.8,SpotifyCares,Student Subscription,1,33,0,1,1.0,0.5,0.6666666666666666,0.696630546019236,0.75
Gemini,none,validated_paths10_thr0.9,AmazonHelp,Account,2,17,1,0,0.6666666666666666,1.0,0.8,0.7934920476158722,0.9722222222222222
Gemini,none,validated_paths10_thr0.9,AmazonHelp,Alexa,2,18,0,0,1.0,1.0,1.0,1.0,1.0
Gemini,none,validated_paths10_thr0.9,AmazonHelp,Apologize,8,11,0,0,1.0,1.0,1.0,1.0,1.0
Gemini,none,validated_paths10_thr0.9,AmazonHelp,Bad Support,1,16,1,2,0.5,0.3333333333333333,0.4,0.32673201960653564,0.6372549019607843
Gemini,none,validated_paths10_thr0.9,AmazonHelp,Delivery,4,12,1,3,0.8,0.5714285714285714,0.6666666666666666,0.5447047794019222,0.7472527472527473
Gemini,none,validated_paths10_thr0.9,AmazonHelp,Echo,2,17,0,1,1.0,0.6666666666666666,0.8,0.7934920476158722,0.8333333333333333
Gemini,none,validated_paths10_thr0.9,AmazonHelp,Investigate Issue,6,9,2,2,0.75,0.75,0.75,0.5681818181818182,0.7840909090909092
Gemini,none,validated_paths10_thr0.9,AmazonHelp,Kindle,0,20,0,0,0.0,0.0,0.0,0.0,0.5
Gemini,none,validated_paths10_thr0.9,AmazonHelp,Order Cancellation,1,19,0,0,1.0,1.0,1.0,1.0,1.0
Gemini,none,validated_paths10_thr0.9,AmazonHelp,Packaging,1,19,0,0,1.0,1.0,1.0,1.0,1.0
Gemini,none,validated_paths10_thr0.9,AmazonHelp,Prime,7,13,0,0,1.0,1.0,1.0,1.0,1.0
Gemini,none,validated_paths10_thr0.9,AmazonHelp,Provide URL,13,6,0,0,1.0,1.0,1.0,1.0,1.0
Gemini,none,validated_paths10_thr0.9,AmazonHelp,Provide delivery date,0,17,0,2,0.0,0.0,0.0,0.0,0.5
Gemini,none,validated_paths10_thr0.9,AmazonHelp,Refer to specialist team,2,17,0,0,1.0,1.0,1.0,1.0,1.0
Gemini,none,validated_paths10_thr0.9,AmazonHelp,Refund,0,20,0,0,0.0,0.0,0.0,0.0,0.5
Gemini,none,validated_paths10_thr0.9,AmazonHelp,Replacement,0,20,0,0,0.0,0.0,0.0,0.0,0.5
Gemini,none,validated_paths10_thr0.9,AmazonHelp,Request to call by phone,3,16,0,0,1.0,1.0,1.0,1.0,1.0
Gemini,none,validated_paths10_thr0.9,AmazonHelp,Request to not send personal details,1,18,0,0,1.0,1.0,1.0,1.0,1.0
Gemini,none,validated_paths10_thr0.9,AmazonHelp,Request to reach out by chat,2,17,0,0,1.0,1.0,1.0,1.0,1.0
Gemini,none,validated_paths10_thr0.9,AmazonHelp,Return,2,18,0,0,1.0,1.0,1.0,1.0,1.0
Gemini,none,validated_paths10_thr0.9,AppleSupport,Battery,6,24,1,0,0.8571428571428571,1.0,0.923076923076923,0.9071147352221454,0.98
Gemini,none,validated_paths10_thr0.9,AppleSupport,Investigate issue,10,8,3,6,0.7692307692307693,0.625,0.6896551724137931,0.3464173711074475,0.6761363636363636
Gemini,none,validated_paths10_thr0.9,AppleSupport,Mac,3,27,1,0,0.75,1.0,0.8571428571428571,0.8504200642707612,0.9821428571428572
Gemini,none,validated_paths10_thr0.9,AppleSupport,Provide URL,16,11,0,0,1.0,1.0,1.0,1.0,1.0
Gemini,none,validated_paths10_thr0.9,AppleSupport,Provide device model,6,23,2,0,0.75,1.0,0.8571428571428571,0.8306623862918076,0.96
Gemini,none,validated_paths10_thr0.9,AppleSupport,Provide system version,10,21,0,0,1.0,1.0,1.0,1.0,1.0
Gemini,none,validated_paths10_thr0.9,AppleSupport,Recommend backing up,0,27,0,0,0.0,0.0,0.0,0.0,0.5
Gemini,none,validated_paths10_thr0.9,AppleSupport,Recommend updating,0,27,0,0,0.0,0.0,0.0,0.0,0.5
Gemini,none,validated_paths10_thr0.9,AppleSupport,Refer to specialist team,0,27,0,0,0.0,0.0,0.0,0.0,0.5
Gemini,none,validated_paths10_thr0.9,AppleSupport,Refund,2,29,0,0,1.0,1.0,1.0,1.0,1.0
Gemini,none,validated_paths10_thr0.9,AppleSupport,Request DM,12,15,0,0,1.0,1.0,1.0,1.0,1.0
Gemini,none,validated_paths10_thr0.9,AppleSupport,Request country,0,27,0,0,0.0,0.0,0.0,0.0,0.5
Gemini,none,validated_paths10_thr0.9,AppleSupport,Request device model,3,24,0,0,1.0,1.0,1.0,1.0,1.0
Gemini,none,validated_paths10_thr0.9,AppleSupport,Request device restart,0,26,0,1,0.0,0.0,0.0,0.0,0.5
Gemini,none,validated_paths10_thr0.9,AppleSupport,Request iOS version,7,19,0,1,1.0,0.875,0.9333333333333333,0.9117291264405234,0.9375
Gemini,none,validated_paths10_thr0.9,AppleSupport,Restart device,3,27,1,0,0.75,1.0,0.8571428571428571,0.8504200642707612,0.9821428571428572
Gemini,none,validated_paths10_thr0.9,AppleSupport,Software/App,8,16,5,2,0.6153846153846154,0.8,0.6956521739130435,0.532309762594754,0.780952380952381
Gemini,none,validated_paths10_thr0.9,AppleSupport,TV,0,31,0,0,0.0,0.0,0.0,0.0,0.5
Gemini,none,validated_paths10_thr0.9,AppleSupport,Unresponsive/Freezing Device,4,23,3,1,0.5714285714285714,0.8,0.6666666666666666,0.602231807681353,0.8423076923076923
Gemini,none,validated_paths10_thr0.9,AppleSupport,Update,14,17,0,0,1.0,1.0,1.0,1.0,1.0
Gemini,none,validated_paths10_thr0.9,AppleSupport,iPad,0,31,0,0,0.0,0.0,0.0,0.0,0.5
Gemini,none,validated_paths10_thr0.9,AppleSupport,iPhone,6,18,3,4,0.6666666666666666,0.6,0.631578947368421,0.47079190906919977,0.7285714285714285
Gemini,none,validated_paths10_thr0.9,SpotifyCares,Account,4,29,0,2,1.0,0.6666666666666666,0.8,0.7897188828807974,0.8333333333333333
Gemini,none,validated_paths10_thr0.9,SpotifyCares,Advertisement,2,33,0,0,1.0,1.0,1.0,1.0,1.0
Gemini,none,validated_paths10_thr0.9,SpotifyCares,App,6,23,3,3,0.6666666666666666,0.6666666666666666,0.6666666666666666,0.5512820512820513,0.7756410256410255
Gemini,none,validated_paths10_thr0.9,SpotifyCares,Billing/Payment,6,28,0,1,1.0,0.8571428571428571,0.923076923076923,0.909717652294684,0.9285714285714286
Gemini,none,validated_paths10_thr0.9,SpotifyCares,Family Subscription,1,34,0,0,1.0,1.0,1.0,1.0,1.0
Gemini,none,validated_paths10_thr0.9,SpotifyCares,Hulu,1,34,0,0,1.0,1.0,1.0,1.0,1.0
Gemini,none,validated_paths10_thr0.9,SpotifyCares,Login,4,28,3,0,0.5714285714285714,1.0,0.7272727272727273,0.7184212081070996,0.9516129032258065
Gemini,none,validated_paths10_thr0.9,SpotifyCares,Logout,2,30,3,0,0.4,1.0,0.5714285714285715,0.6030226891555273,0.9545454545454546
Gemini,none,validated_paths10_thr0.9,SpotifyCares,Offer further help,4,22,2,0,0.6666666666666666,1.0,0.8,0.7817359599705717,0.9583333333333333
Gemini,none,validated_paths10_thr0.9,SpotifyCares,Playlist,2,33,0,0,1.0,1.0,1.0,1.0,1.0
Gemini,none,validated_paths10_thr0.9,SpotifyCares,Premium,2,33,0,0,1.0,1.0,1.0,1.0,1.0
Gemini,none,validated_paths10_thr0.9,SpotifyCares,Provide OS version,2,33,0,0,1.0,1.0,1.0,1.0,1.0
Gemini,none,validated_paths10_thr0.9,SpotifyCares,Provide URL,13,15,0,0,1.0,1.0,1.0,1.0,1.0
Gemini,none,validated_paths10_thr0.9,SpotifyCares,Provide device model,3,29,2,1,0.6,0.75,0.6666666666666665,0.6232502388407515,0.842741935483871
Gemini,none,validated_paths10_thr0.9,SpotifyCares,Provide email address,0,35,0,0,0.0,0.0,0.0,0.0,0.5
Gemini,none,validated_paths10_thr0.9,SpotifyCares,Provide error message,4,30,0,1,1.0,0.8,0.888888888888889,0.8798826901281197,0.9
Gemini,none,validated_paths10_thr0.9,SpotifyCares,Provide spotify version,2,33,0,0,1.0,1.0,1.0,1.0,1.0
Gemini,none,validated_paths10_thr0.9,SpotifyCares,Provide username,0,35,0,0,0.0,0.0,0.0,0.0,0.5
Gemini,none,validated_paths10_thr0.9,SpotifyCares,Refer to specialist team,0,28,0,0,0.0,0.0,0.0,0.0,0.5
Gemini,none,validated_paths10_thr0.9,SpotifyCares,Reinstall the app,0,34,0,1,0.0,0.0,0.0,0.0,0.5
Gemini,none,validated_paths10_thr0.9,SpotifyCares,Request DM,6,21,0,1,1.0,0.8571428571428571,0.923076923076923,0.9045340337332909,0.9285714285714286
Gemini,none,validated_paths10_thr0.9,SpotifyCares,Request OS version,3,25,0,0,1.0,1.0,1.0,1.0,1.0
Gemini,none,validated_paths10_thr0.9,SpotifyCares,Request Spotify version,4,24,0,0,1.0,1.0,1.0,1.0,1.0
Gemini,none,validated_paths10_thr0.9,SpotifyCares,Request device restart,3,25,0,0,1.0,1.0,1.0,1.0,1.0
Gemini,none,validated_paths10_thr0.9,SpotifyCares,Request device version,4,24,0,0,1.0,1.0,1.0,1.0,1.0
Gemini,none,validated_paths10_thr0.9,SpotifyCares,Request email address,6,22,0,0,1.0,1.0,1.0,1.0,1.0
Gemini,none,validated_paths10_thr0.9,SpotifyCares,Request error message,3,25,0,0,1.0,1.0,1.0,1.0,1.0
Gemini,none,validated_paths10_thr0.9,SpotifyCares,Request exact issue description,1,26,1,0,0.5,1.0,0.6666666666666666,0.693888666488711,0.9814814814814814
Gemini,none,validated_paths10_thr0.9,SpotifyCares,Request login,3,25,0,0,1.0,1.0,1.0,1.0,1.0
Gemini,none,validated_paths10_thr0.9,SpotifyCares,Request logout,3,25,0,0,1.0,1.0,1.0,1.0,1.0
Gemini,none,validated_paths10_thr0.9,SpotifyCares,Request reinstall the app,2,26,0,0,1.0,1.0,1.0,1.0,1.0
Gemini,none,validated_paths10_thr0.9,SpotifyCares,Request username,5,23,0,0,1.0,1.0,1.0,1.0,1.0
Gemini,none,validated_paths10_thr0.9,SpotifyCares,Restart device,1,31,2,1,0.3333333333333333,0.5,0.4,0.36432620803146437,0.7196969696969697
Gemini,none,validated_paths10_thr0.9,SpotifyCares,Song/Artist,3,29,1,2,0.75,0.6,0.6666666666666665,0.6232502388407515,0.7833333333333333
Gemini,none,validated_paths10_thr0.9,SpotifyCares,Student Subscription,1,33,0,1,1.0,0.5,0.6666666666666666,0.696630546019236,0.75
Gemini,none,validated_paths1_thr0.8,AmazonHelp,Account,2,17,1,0,0.6666666666666666,1.0,0.8,0.7934920476158722,0.9722222222222222
Gemini,none,validated_paths1_thr0.8,AmazonHelp,Alexa,2,18,0,0,1.0,1.0,1.0,1.0,1.0
Gemini,none,validated_paths1_thr0.8,AmazonHelp,Apologize,8,11,0,0,1.0,1.0,1.0,1.0,1.0
Gemini,none,validated_paths1_thr0.8,AmazonHelp,Bad Support,1,16,1,2,0.5,0.3333333333333333,0.4,0.32673201960653564,0.6372549019607843
Gemini,none,validated_paths1_thr0.8,AmazonHelp,Delivery,4,12,1,3,0.8,0.5714285714285714,0.6666666666666666,0.5447047794019222,0.7472527472527473
Gemini,none,validated_paths1_thr0.8,AmazonHelp,Echo,2,17,0,1,1.0,0.6666666666666666,0.8,0.7934920476158722,0.8333333333333333
Gemini,none,validated_paths1_thr0.8,AmazonHelp,Investigate Issue,6,9,2,2,0.75,0.75,0.75,0.5681818181818182,0.7840909090909092
Gemini,none,validated_paths1_thr0.8,AmazonHelp,Kindle,0,20,0,0,0.0,0.0,0.0,0.0,0.5
Gemini,none,validated_paths1_thr0.8,AmazonHelp,Order Cancellation,1,19,0,0,1.0,1.0,1.0,1.0,1.0
Gemini,none,validated_paths1_thr0.8,AmazonHelp,Packaging,1,19,0,0,1.0,1.0,1.0,1.0,1.0
Gemini,none,validated_paths1_thr0.8,AmazonHelp,Prime,7,13,0,0,1.0,1.0,1.0,1.0,1.0
Gemini,none,validated_paths1_thr0.8,AmazonHelp,Provide URL,13,6,0,0,1.0,1.0,1.0,1.0,1.0
Gemini,none,validated_paths1_thr0.8,AmazonHelp,Provide delivery date,0,17,0,2,0.0,0.0,0.0,0.0,0.5
Gemini,none,validated_paths1_thr0.8,AmazonHelp,Refer to specialist team,2,17,0,0,1.0,1.0,1.0,1.0,1.0
Gemini,none,validated_paths1_thr0.8,AmazonHelp,Refund,0,20,0,0,0.0,0.0,0.0,0.0,0.5
Gemini,none,validated_paths1_thr0.8,AmazonHelp,Replacement,0,20,0,0,0.0,0.0,0.0,0.0,0.5
Gemini,none,validated_paths1_thr0.8,AmazonHelp,Request to call by phone,3,16,0,0,1.0,1.0,1.0,1.0,1.0
Gemini,none,validated_paths1_thr0.8,AmazonHelp,Request to not send personal details,1,18,0,0,1.0,1.0,1.0,1.0,1.0
Gemini,none,validated_paths1_thr0.8,AmazonHelp,Request to reach out by chat,2,17,0,0,1.0,1.0,1.0,1.0,1.0
Gemini,none,validated_paths1_thr0.8,AmazonHelp,Return,2,18,0,0,1.0,1.0,1.0,1.0,1.0
Gemini,none,validated_paths1_thr0.8,AppleSupport,Battery,6,24,1,0,0.8571428571428571,1.0,0.923076923076923,0.9071147352221454,0.98
Gemini,none,validated_paths1_thr0.8,AppleSupport,Investigate issue,10,8,3,6,0.7692307692307693,0.625,0.6896551724137931,0.3464173711074475,0.6761363636363636
Gemini,none,validated_paths1_thr0.8,AppleSupport,Mac,3,27,1,0,0.75,1.0,0.8571428571428571,0.8504200642707612,0.9821428571428572
Gemini,none,validated_paths1_thr0.8,AppleSupport,Provide URL,16,11,0,0,1.0,1.0,1.0,1.0,1.0
Gemini,none,validated_paths1_thr0.8,AppleSupport,Provide device model,6,23,2,0,0.75,1.0,0.8571428571428571,0.8306623862918076,0.96
Gemini,none,validated_paths1_thr0.8,AppleSupport,Provide system version,10,21,0,0,1.0,1.0,1.0,1.0,1.0
Gemini,none,validated_paths1_thr0.8,AppleSupport,Recommend backing up,0,27,0,0,0.0,0.0,0.0,0.0,0.5
Gemini,none,validated_paths1_thr0.8,AppleSupport,Recommend updating,0,27,0,0,0.0,0.0,0.0,0.0,0.5
Gemini,none,validated_paths1_thr0.8,AppleSupport,Refer to specialist team,0,27,0,0,0.0,0.0,0.0,0.0,0.5
Gemini,none,validated_paths1_thr0.8,AppleSupport,Refund,2,29,0,0,1.0,1.0,1.0,1.0,1.0
Gemini,none,validated_paths1_thr0.8,AppleSupport,Request DM,12,15,0,0,1.0,1.0,1.0,1.0,1.0
Gemini,none,validated_paths1_thr0.8,AppleSupport,Request country,0,27,0,0,0.0,0.0,0.0,0.0,0.5
Gemini,none,validated_paths1_thr0.8,AppleSupport,Request device model,3,24,0,0,1.0,1.0,1.0,1.0,1.0
Gemini,none,validated_paths1_thr0.8,AppleSupport,Request device restart,0,26,0,1,0.0,0.0,0.0,0.0,0.5
Gemini,none,validated_paths1_thr0.8,AppleSupport,Request iOS version,7,19,0,1,1.0,0.875,0.9333333333333333,0.9117291264405234,0.9375
Gemini,none,validated_paths1_thr0.8,AppleSupport,Restart device,3,27,1,0,0.75,1.0,0.8571428571428571,0.8504200642707612,0.9821428571428572
Gemini,none,validated_paths1_thr0.8,AppleSupport,Software/App,8,16,5,2,0.6153846153846154,0.8,0.6956521739130435,0.532309762594754,0.780952380952381
Gemini,none,validated_paths1_thr0.8,AppleSupport,TV,0,31,0,0,0.0,0.0,0.0,0.0,0.5
Gemini,none,validated_paths1_thr0.8,AppleSupport,Unresponsive/Freezing Device,4,23,3,1,0.5714285714285714,0.8,0.6666666666666666,0.602231807681353,0.8423076923076923
Gemini,none,validated_paths1_thr0.8,AppleSupport,Update,14,17,0,0,1.0,1.0,1.0,1.0,1.0
Gemini,none,validated_paths1_thr0.8,AppleSupport,iPad,0,31,0,0,0.0,0.0,0.0,0.0,0.5
Gemini,none,validated_paths1_thr0.8,AppleSupport,iPhone,6,18,3,4,0.6666666666666666,0.6,0.631578947368421,0.47079190906919977,0.7285714285714285
Gemini,none,validated_paths1_thr0.8,SpotifyCares,Account,4,29,0,2,1.0,0.6666666666666666,0.8,0.7897188828807974,0.8333333333333333
Gemini,none,validated_paths1_thr0.8,SpotifyCares,Advertisement,2,33,0,0,1.0,1.0,1.0,1.0,1.0
Gemini,none,validated_paths1_thr0.8,SpotifyCares,App,6,23,3,3,0.6666666666666666,0.6666666666666666,0.6666666666666666,0.5512820512820513,0.7756410256410255
Gemini,none,validated_paths1_thr0.8,SpotifyCares,Billing/Payment,6,28,0,1,1.0,0.8571428571428571,0.923076923076923,0.909717652294684,0.9285714285714286
Gemini,none,validated_paths1_thr0.8,SpotifyCares,Family Subscription,1,34,0,0,1.0,1.0,1.0,1.0,1.0
Gemini,none,validated_paths1_thr0.8,SpotifyCares,Hulu,1,34,0,0,1.0,1.0,1.0,1.0,1.0
Gemini,none,validated_paths1_thr0.8,SpotifyCares,Login,4,28,3,0,0.5714285714285714,1.0,0.7272727272727273,0.7184212081070996,0.9516129032258065
Gemini,none,validated_paths1_thr0.8,SpotifyCares,Logout,2,30,3,0,0.4,1.0,0.5714285714285715,0.6030226891555273,0.9545454545454546
Gemini,none,validated_paths1_thr0.8,SpotifyCares,Offer further help,4,22,2,0,0.6666666666666666,1.0,0.8,0.7817359599705717,0.9583333333333333
Gemini,none,validated_paths1_thr0.8,SpotifyCares,Playlist,2,33,0,0,1.0,1.0,1.0,1.0,1.0
Gemini,none,validated_paths1_thr0.8,SpotifyCares,Premium,2,33,0,0,1.0,1.0,1.0,1.0,1.0
Gemini,none,validated_paths1_thr0.8,SpotifyCares,Provide OS version,2,33,0,0,1.0,1.0,1.0,1.0,1.0
Gemini,none,validated_paths1_thr0.8,SpotifyCares,Provide URL,13,15,0,0,1.0,1.0,1.0,1.0,1.0
Gemini,none,validated_paths1_thr0.8,SpotifyCares,Provide device model,3,29,2,1,0.6,0.75,0.6666666666666665,0.6232502388407515,0.842741935483871
Gemini,none,validated_paths1_thr0.8,SpotifyCares,Provide email address,0,35,0,0,0.0,0.0,0.0,0.0,0.5
Gemini,none,validated_paths1_thr0.8,SpotifyCares,Provide error message,4,30,0,1,1.0,0.8,0.888888888888889,0.8798826901281197,0.9
Gemini,none,validated_paths1_thr0.8,SpotifyCares,Provide spotify version,2,33,0,0,1.0,1.0,1.0,1.0,1.0
Gemini,none,validated_paths1_thr0.8,SpotifyCares,Provide username,0,35,0,0,0.0,0.0,0.0,0.0,0.5
Gemini,none,validated_paths1_thr0.8,SpotifyCares,Refer to specialist team,0,28,0,0,0.0,0.0,0.0,0.0,0.5
Gemini,none,validated_paths1_thr0.8,SpotifyCares,Reinstall the app,0,34,0,1,0.0,0.0,0.0,0.0,0.5
Gemini,none,validated_paths1_thr0.8,SpotifyCares,Request DM,6,21,0,1,1.0,0.8571428571428571,0.923076923076923,0.9045340337332909,0.9285714285714286
Gemini,none,validated_paths1_thr0.8,SpotifyCares,Request OS version,3,25,0,0,1.0,1.0,1.0,1.0,1.0
Gemini,none,validated_paths1_thr0.8,SpotifyCares,Request Spotify version,4,24,0,0,1.0,1.0,1.0,1.0,1.0
Gemini,none,validated_paths1_thr0.8,SpotifyCares,Request device restart,3,25,0,0,1.0,1.0,1.0,1.0,1.0
Gemini,none,validated_paths1_thr0.8,SpotifyCares,Request device version,4,24,0,0,1.0,1.0,1.0,1.0,1.0
Gemini,none,validated_paths1_thr0.8,SpotifyCares,Request email address,6,22,0,0,1.0,1.0,1.0,1.0,1.0
Gemini,none,validated_paths1_thr0.8,SpotifyCares,Request error message,3,25,0,0,1.0,1.0,1.0,1.0,1.0
Gemini,none,validated_paths1_thr0.8,SpotifyCares,Request exact issue description,1,26,1,0,0.5,1.0,0.6666666666666666,0.693888666488711,0.9814814814814814
Gemini,none,validated_paths1_thr0.8,SpotifyCares,Request login,3,25,0,0,1.0,1.0,1.0,1.0,1.0
Gemini,none,validated_paths1_thr0.8,SpotifyCares,Request logout,3,25,0,0,1.0,1.0,1.0,1.0,1.0
Gemini,none,validated_paths1_thr0.8,SpotifyCares,Request reinstall the app,2,26,0,0,1.0,1.0,1.0,1.0,1.0
Gemini,none,validated_paths1_thr0.8,SpotifyCares,Request username,5,23,0,0,1.0,1.0,1.0,1.0,1.0
Gemini,none,validated_paths1_thr0.8,SpotifyCares,Restart device,1,31,2,1,0.3333333333333333,0.5,0.4,0.36432620803146437,0.7196969696969697
Gemini,none,validated_paths1_thr0.8,SpotifyCares,Song/Artist,3,29,1,2,0.75,0.6,0.6666666666666665,0.6232502388407515,0.7833333333333333
Gemini,none,validated_paths1_thr0.8,SpotifyCares,Student Subscription,1,33,0,1,1.0,0.5,0.6666666666666666,0.696630546019236,0.75
Gemini,none,validated_paths3_thr0.8,AmazonHelp,Account,2,17,1,0,0.6666666666666666,1.0,0.8,0.7934920476158722,0.9722222222222222
Gemini,none,validated_paths3_thr0.8,AmazonHelp,Alexa,2,18,0,0,1.0,1.0,1.0,1.0,1.0
Gemini,none,validated_paths3_thr0.8,AmazonHelp,Apologize,8,11,0,0,1.0,1.0,1.0,1.0,1.0
Gemini,none,validated_paths3_thr0.8,AmazonHelp,Bad Support,1,16,1,2,0.5,0.3333333333333333,0.4,0.32673201960653564,0.6372549019607843
Gemini,none,validated_paths3_thr0.8,AmazonHelp,Delivery,4,12,1,3,0.8,0.5714285714285714,0.6666666666666666,0.5447047794019222,0.7472527472527473
Gemini,none,validated_paths3_thr0.8,AmazonHelp,Echo,2,17,0,1,1.0,0.6666666666666666,0.8,0.7934920476158722,0.8333333333333333
Gemini,none,validated_paths3_thr0.8,AmazonHelp,Investigate Issue,6,9,2,2,0.75,0.75,0.75,0.5681818181818182,0.7840909090909092
Gemini,none,validated_paths3_thr0.8,AmazonHelp,Kindle,0,20,0,0,0.0,0.0,0.0,0.0,0.5
Gemini,none,validated_paths3_thr0.8,AmazonHelp,Order Cancellation,1,19,0,0,1.0,1.0,1.0,1.0,1.0
Gemini,none,validated_paths3_thr0.8,AmazonHelp,Packaging,1,19,0,0,1.0,1.0,1.0,1.0,1.0
Gemini,none,validated_paths3_thr0.8,AmazonHelp,Prime,7,13,0,0,1.0,1.0,1.0,1.0,1.0
Gemini,none,validated_paths3_thr0.8,AmazonHelp,Provide URL,13,6,0,0,1.0,1.0,1.0,1.0,1.0
Gemini,none,validated_paths3_thr0.8,AmazonHelp,Provide delivery date,0,17,0,2,0.0,0.0,0.0,0.0,0.5
Gemini,none,validated_paths3_thr0.8,AmazonHelp,Refer to specialist team,2,17,0,0,1.0,1.0,1.0,1.0,1.0
Gemini,none,validated_paths3_thr0.8,AmazonHelp,Refund,0,20,0,0,0.0,0.0,0.0,0.0,0.5
Gemini,none,validated_paths3_thr0.8,AmazonHelp,Replacement,0,20,0,0,0.0,0.0,0.0,0.0,0.5
Gemini,none,validated_paths3_thr0.8,AmazonHelp,Request to call by phone,3,16,0,0,1.0,1.0,1.0,1.0,1.0
Gemini,none,validated_paths3_thr0.8,AmazonHelp,Request to not send personal details,1,18,0,0,1.0,1.0,1.0,1.0,1.0
Gemini,none,validated_paths3_thr0.8,AmazonHelp,Request to reach out by chat,2,17,0,0,1.0,1.0,1.0,1.0,1.0
Gemini,none,validated_paths3_thr0.8,AmazonHelp,Return,2,18,0,0,1.0,1.0,1.0,1.0,1.0
Gemini,none,validated_paths3_thr0.8,AppleSupport,Battery,6,24,1,0,0.8571428571428571,1.0,0.923076923076923,0.9071147352221454,0.98
Gemini,none,validated_paths3_thr0.8,AppleSupport,Investigate issue,10,8,3,6,0.7692307692307693,0.625,0.6896551724137931,0.3464173711074475,0.6761363636363636
Gemini,none,validated_paths3_thr0.8,AppleSupport,Mac,3,27,1,0,0.75,1.0,0.8571428571428571,0.8504200642707612,0.9821428571428572
Gemini,none,validated_paths3_thr0.8,AppleSupport,Provide URL,16,11,0,0,1.0,1.0,1.0,1.0,1.0
Gemini,none,validated_paths3_thr0.8,AppleSupport,Provide device model,6,23,2,0,0.75,1.0,0.8571428571428571,0.8306623862918076,0.96
Gemini,none,validated_paths3_thr0.8,AppleSupport,Provide system version,10,21,0,0,1.0,1.0,1.0,1.0,1.0
Gemini,none,validated_paths3_thr0.8,AppleSupport,Recommend backing up,0,27,0,0,0.0,0.0,0.0,0.0,0.5
Gemini,none,validated_paths3_thr0.8,AppleSupport,Recommend updating,0,27,0,0,0.0,0.0,0.0,0.0,0.5
Gemini,none,validated_paths3_thr0.8,AppleSupport,Refer to specialist team,0,27,0,0,0.0,0.0,0.0,0.0,0.5
Gemini,none,validated_paths3_thr0.8,AppleSupport,Refund,2,29,0,0,1.0,1.0,1.0,1.0,1.0
Gemini,none,validated_paths3_thr0.8,AppleSupport,Request DM,12,15,0,0,1.0,1.0,1.0,1.0,1.0
Gemini,none,validated_paths3_thr0.8,AppleSupport,Request country,0,27,0,0,0.0,0.0,0.0,0.0,0.5
Gemini,none,validated_paths3_thr0.8,AppleSupport,Request device model,3,24,0,0,1.0,1.0,1.0,1.0,1.0
Gemini,none,validated_paths3_thr0.8,AppleSupport,Request device restart,0,26,0,1,0.0,0.0,0.0,0.0,0.5
Gemini,none,validated_paths3_thr0.8,AppleSupport,Request iOS version,7,19,0,1,1.0,0.875,0.9333333333333333,0.9117291264405234,0.9375
Gemini,none,validated_paths3_thr0.8,AppleSupport,Restart device,3,27,1,0,0.75,1.0,0.8571428571428571,0.8504200642707612,0.9821428571428572
Gemini,none,validated_paths3_thr0.8,AppleSupport,Software/App,8,16,5,2,0.6153846153846154,0.8,0.6956521739130435,0.532309762594754,0.780952380952381
Gemini,none,validated_paths3_thr0.8,AppleSupport,TV,0,31,0,0,0.0,0.0,0.0,0.0,0.5
Gemini,none,validated_paths3_thr0.8,AppleSupport,Unresponsive/Freezing Device,4,23,3,1,0.5714285714285714,0.8,0.6666666666666666,0.602231807681353,0.8423076923076923
Gemini,none,validated_paths3_thr0.8,AppleSupport,Update,14,17,0,0,1.0,1.0,1.0,1.0,1.0
Gemini,none,validated_paths3_thr0.8,AppleSupport,iPad,0,31,0,0,0.0,0.0,0.0,0.0,0.5
Gemini,none,validated_paths3_thr0.8,AppleSupport,iPhone,6,18,3,4,0.6666666666666666,0.6,0.631578947368421,0.47079190906919977,0.7285714285714285
Gemini,none,validated_paths3_thr0.8,SpotifyCares,Account,4,29,0,2,1.0,0.6666666666666666,0.8,0.7897188828807974,0.8333333333333333
Gemini,none,validated_paths3_thr0.8,SpotifyCares,Advertisement,2,33,0,0,1.0,1.0,1.0,1.0,1.0
Gemini,none,validated_paths3_thr0.8,SpotifyCares,App,6,23,3,3,0.6666666666666666,0.6666666666666666,0.6666666666666666,0.5512820512820513,0.7756410256410255
Gemini,none,validated_paths3_thr0.8,SpotifyCares,Billing/Payment,6,28,0,1,1.0,0.8571428571428571,0.923076923076923,0.909717652294684,0.9285714285714286
Gemini,none,validated_paths3_thr0.8,SpotifyCares,Family Subscription,1,34,0,0,1.0,1.0,1.0,1.0,1.0
Gemini,none,validated_paths3_thr0.8,SpotifyCares,Hulu,1,34,0,0,1.0,1.0,1.0,1.0,1.0
Gemini,none,validated_paths3_thr0.8,SpotifyCares,Login,4,28,3,0,0.5714285714285714,1.0,0.7272727272727273,0.7184212081070996,0.9516129032258065
Gemini,none,validated_paths3_thr0.8,SpotifyCares,Logout,2,30,3,0,0.4,1.0,0.5714285714285715,0.6030226891555273,0.9545454545454546
Gemini,none,validated_paths3_thr0.8,SpotifyCares,Offer further help,4,22,2,0,0.6666666666666666,1.0,0.8,0.7817359599705717,0.9583333333333333
Gemini,none,validated_paths3_thr0.8,SpotifyCares,Playlist,2,33,0,0,1.0,1.0,1.0,1.0,1.0
Gemini,none,validated_paths3_thr0.8,SpotifyCares,Premium,2,33,0,0,1.0,1.0,1.0,1.0,1.0
Gemini,none,validated_paths3_thr0.8,SpotifyCares,Provide OS version,2,33,0,0,1.0,1.0,1.0,1.0,1.0
Gemini,none,validated_paths3_thr0.8,SpotifyCares,Provide URL,13,15,0,0,1.0,1.0,1.0,1.0,1.0
Gemini,none,validated_paths3_thr0.8,SpotifyCares,Provide device model,3,29,2,1,0.6,0.75,0.6666666666666665,0.6232502388407515,0.842741935483871
Gemini,none,validated_paths3_thr0.8,SpotifyCares,Provide email address,0,35,0,0,0.0,0.0,0.0,0.0,0.5
Gemini,none,validated_paths3_thr0.8,SpotifyCares,Provide error message,4,30,0,1,1.0,0.8,0.888888888888889,0.8798826901281197,0.9
Gemini,none,validated_paths3_thr0.8,SpotifyCares,Provide spotify version,2,33,0,0,1.0,1.0,1.0,1.0,1.0
Gemini,none,validated_paths3_thr0.8,SpotifyCares,Provide username,0,35,0,0,0.0,0.0,0.0,0.0,0.5
Gemini,none,validated_paths3_thr0.8,SpotifyCares,Refer to specialist team,0,28,0,0,0.0,0.0,0.0,0.0,0.5
Gemini,none,validated_paths3_thr0.8,SpotifyCares,Reinstall the app,0,34,0,1,0.0,0.0,0.0,0.0,0.5
Gemini,none,validated_paths3_thr0.8,SpotifyCares,Request DM,6,21,0,1,1.0,0.8571428571428571,0.923076923076923,0.9045340337332909,0.9285714285714286
Gemini,none,validated_paths3_thr0.8,SpotifyCares,Request OS version,3,25,0,0,1.0,1.0,1.0,1.0,1.0
Gemini,none,validated_paths3_thr0.8,SpotifyCares,Request Spotify version,4,24,0,0,1.0,1.0,1.0,1.0,1.0
Gemini,none,validated_paths3_thr0.8,SpotifyCares,Request device restart,3,25,0,0,1.0,1.0,1.0,1.0,1.0
Gemini,none,validated_paths3_thr0.8,SpotifyCares,Request device version,4,24,0,0,1.0,1.0,1.0,1.0,1.0
Gemini,none,validated_paths3_thr0.8,SpotifyCares,Request email address,6,22,0,0,1.0,1.0,1.0,1.0,1.0
Gemini,none,validated_paths3_thr0.8,SpotifyCares,Request error message,3,25,0,0,1.0,1.0,1.0,1.0,1.0
Gemini,none,validated_paths3_thr0.8,SpotifyCares,Request exact issue description,1,26,1,0,0.5,1.0,0.6666666666666666,0.693888666488711,0.9814814814814814
Gemini,none,validated_paths3_thr0.8,SpotifyCares,Request login,3,25,0,0,1.0,1.0,1.0,1.0,1.0
Gemini,none,validated_paths3_thr0.8,SpotifyCares,Request logout,3,25,0,0,1.0,1.0,1.0,1.0,1.0
Gemini,none,validated_paths3_thr0.8,SpotifyCares,Request reinstall the app,2,26,0,0,1.0,1.0,1.0,1.0,1.0
Gemini,none,validated_paths3_thr0.8,SpotifyCares,Request username,5,23,0,0,1.0,1.0,1.0,1.0,1.0
Gemini,none,validated_paths3_thr0.8,SpotifyCares,Restart device,1,31,2,1,0.3333333333333333,0.5,0.4,0.36432620803146437,0.7196969696969697
Gemini,none,validated_paths3_thr0.8,SpotifyCares,Song/Artist,3,29,1,2,0.75,0.6,0.6666666666666665,0.6232502388407515,0.7833333333333333
Gemini,none,validated_paths3_thr0.8,SpotifyCares,Student Subscription,1,33,0,1,1.0,0.5,0.6666666666666666,0.696630546019236,0.75
Gemini,none,validated_paths5_thr0.8,AmazonHelp,Account,2,17,1,0,0.6666666666666666,1.0,0.8,0.7934920476158722,0.9722222222222222
Gemini,none,validated_paths5_thr0.8,AmazonHelp,Alexa,2,18,0,0,1.0,1.0,1.0,1.0,1.0
Gemini,none,validated_paths5_thr0.8,AmazonHelp,Apologize,8,11,0,0,1.0,1.0,1.0,1.0,1.0
Gemini,none,validated_paths5_thr0.8,AmazonHelp,Bad Support,1,16,1,2,0.5,0.3333333333333333,0.4,0.32673201960653564,0.6372549019607843
Gemini,none,validated_paths5_thr0.8,AmazonHelp,Delivery,4,12,1,3,0.8,0.5714285714285714,0.6666666666666666,0.5447047794019222,0.7472527472527473
Gemini,none,validated_paths5_thr0.8,AmazonHelp,Echo,2,17,0,1,1.0,0.6666666666666666,0.8,0.7934920476158722,0.8333333333333333
Gemini,none,validated_paths5_thr0.8,AmazonHelp,Investigate Issue,6,9,2,2,0.75,0.75,0.75,0.5681818181818182,0.7840909090909092
Gemini,none,validated_paths5_thr0.8,AmazonHelp,Kindle,0,20,0,0,0.0,0.0,0.0,0.0,0.5
Gemini,none,validated_paths5_thr0.8,AmazonHelp,Order Cancellation,1,19,0,0,1.0,1.0,1.0,1.0,1.0
Gemini,none,validated_paths5_thr0.8,AmazonHelp,Packaging,1,19,0,0,1.0,1.0,1.0,1.0,1.0
Gemini,none,validated_paths5_thr0.8,AmazonHelp,Prime,7,13,0,0,1.0,1.0,1.0,1.0,1.0
Gemini,none,validated_paths5_thr0.8,AmazonHelp,Provide URL,13,6,0,0,1.0,1.0,1.0,1.0,1.0
Gemini,none,validated_paths5_thr0.8,AmazonHelp,Provide delivery date,0,17,0,2,0.0,0.0,0.0,0.0,0.5
Gemini,none,validated_paths5_thr0.8,AmazonHelp,Refer to specialist team,2,17,0,0,1.0,1.0,1.0,1.0,1.0
Gemini,none,validated_paths5_thr0.8,AmazonHelp,Refund,0,20,0,0,0.0,0.0,0.0,0.0,0.5
Gemini,none,validated_paths5_thr0.8,AmazonHelp,Replacement,0,20,0,0,0.0,0.0,0.0,0.0,0.5
Gemini,none,validated_paths5_thr0.8,AmazonHelp,Request to call by phone,3,16,0,0,1.0,1.0,1.0,1.0,1.0
Gemini,none,validated_paths5_thr0.8,AmazonHelp,Request to not send personal details,1,18,0,0,1.0,1.0,1.0,1.0,1.0
Gemini,none,validated_paths5_thr0.8,AmazonHelp,Request to reach out by chat,2,17,0,0,1.0,1.0,1.0,1.0,1.0
Gemini,none,validated_paths5_thr0.8,AmazonHelp,Return,2,18,0,0,1.0,1.0,1.0,1.0,1.0
Gemini,none,validated_paths5_thr0.8,AppleSupport,Battery,6,24,1,0,0.8571428571428571,1.0,0.923076923076923,0.9071147352221454,0.98
Gemini,none,validated_paths5_thr0.8,AppleSupport,Investigate issue,10,8,3,6,0.7692307692307693,0.625,0.6896551724137931,0.3464173711074475,0.6761363636363636
Gemini,none,validated_paths5_thr0.8,AppleSupport,Mac,3,27,1,0,0.75,1.0,0.8571428571428571,0.8504200642707612,0.9821428571428572
Gemini,none,validated_paths5_thr0.8,AppleSupport,Provide URL,16,11,0,0,1.0,1.0,1.0,1.0,1.0
Gemini,none,validated_paths5_thr0.8,AppleSupport,Provide device model,6,23,2,0,0.75,1.0,0.8571428571428571,0.8306623862918076,0.96
Gemini,none,validated_paths5_thr0.8,AppleSupport,Provide system version,10,21,0,0,1.0,1.0,1.0,1.0,1.0
Gemini,none,validated_paths5_thr0.8,AppleSupport,Recommend backing up,0,27,0,0,0.0,0.0,0.0,0.0,0.5
Gemini,none,validated_paths5_thr0.8,AppleSupport,Recommend updating,0,27,0,0,0.0,0.0,0.0,0.0,0.5
Gemini,none,validated_paths5_thr0.8,AppleSupport,Refer to specialist team,0,27,0,0,0.0,0.0,0.0,0.0,0.5
Gemini,none,validated_paths5_thr0.8,AppleSupport,Refund,2,29,0,0,1.0,1.0,1.0,1.0,1.0
Gemini,none,validated_paths5_thr0.8,AppleSupport,Request DM,12,15,0,0,1.0,1.0,1.0,1.0,1.0
Gemini,none,validated_paths5_thr0.8,AppleSupport,Request country,0,27,0,0,0.0,0.0,0.0,0.0,0.5
Gemini,none,validated_paths5_thr0.8,AppleSupport,Request device model,3,24,0,0,1.0,1.0,1.0,1.0,1.0
Gemini,none,validated_paths5_thr0.8,AppleSupport,Request device restart,0,26,0,1,0.0,0.0,0.0,0.0,0.5
Gemini,none,validated_paths5_thr0.8,AppleSupport,Request iOS version,7,19,0,1,1.0,0.875,0.9333333333333333,0.9117291264405234,0.9375
Gemini,none,validated_paths5_thr0.8,AppleSupport,Restart device,3,27,1,0,0.75,1.0,0.8571428571428571,0.8504200642707612,0.9821428571428572
Gemini,none,validated_paths5_thr0.8,AppleSupport,Software/App,8,16,5,2,0.6153846153846154,0.8,0.6956521739130435,0.532309762594754,0.780952380952381
Gemini,none,validated_paths5_thr0.8,AppleSupport,TV,0,31,0,0,0.0,0.0,0.0,0.0,0.5
Gemini,none,validated_paths5_thr0.8,AppleSupport,Unresponsive/Freezing Device,4,23,3,1,0.5714285714285714,0.8,0.6666666666666666,0.602231807681353,0.8423076923076923
Gemini,none,validated_paths5_thr0.8,AppleSupport,Update,14,17,0,0,1.0,1.0,1.0,1.0,1.0
Gemini,none,validated_paths5_thr0.8,AppleSupport,iPad,0,31,0,0,0.0,0.0,0.0,0.0,0.5
Gemini,none,validated_paths5_thr0.8,AppleSupport,iPhone,6,18,3,4,0.6666666666666666,0.6,0.631578947368421,0.47079190906919977,0.7285714285714285
Gemini,none,validated_paths5_thr0.8,SpotifyCares,Account,4,29,0,2,1.0,0.6666666666666666,0.8,0.7897188828807974,0.8333333333333333
Gemini,none,validated_paths5_thr0.8,SpotifyCares,Advertisement,2,33,0,0,1.0,1.0,1.0,1.0,1.0
Gemini,none,validated_paths5_thr0.8,SpotifyCares,App,6,23,3,3,0.6666666666666666,0.6666666666666666,0.6666666666666666,0.5512820512820513,0.7756410256410255
Gemini,none,validated_paths5_thr0.8,SpotifyCares,Billing/Payment,6,28,0,1,1.0,0.8571428571428571,0.923076923076923,0.909717652294684,0.9285714285714286
Gemini,none,validated_paths5_thr0.8,SpotifyCares,Family Subscription,1,34,0,0,1.0,1.0,1.0,1.0,1.0
Gemini,none,validated_paths5_thr0.8,SpotifyCares,Hulu,1,34,0,0,1.0,1.0,1.0,1.0,1.0
Gemini,none,validated_paths5_thr0.8,SpotifyCares,Login,4,28,3,0,0.5714285714285714,1.0,0.7272727272727273,0.7184212081070996,0.9516129032258065
Gemini,none,validated_paths5_thr0.8,SpotifyCares,Logout,2,30,3,0,0.4,1.0,0.5714285714285715,0.6030226891555273,0.9545454545454546
Gemini,none,validated_paths5_thr0.8,SpotifyCares,Offer further help,4,22,2,0,0.6666666666666666,1.0,0.8,0.7817359599705717,0.9583333333333333
Gemini,none,validated_paths5_thr0.8,SpotifyCares,Playlist,2,33,0,0,1.0,1.0,1.0,1.0,1.0
Gemini,none,validated_paths5_thr0.8,SpotifyCares,Premium,2,33,0,0,1.0,1.0,1.0,1.0,1.0
Gemini,none,validated_paths5_thr0.8,SpotifyCares,Provide OS version,2,33,0,0,1.0,1.0,1.0,1.0,1.0
Gemini,none,validated_paths5_thr0.8,SpotifyCares,Provide URL,13,15,0,0,1.0,1.0,1.0,1.0,1.0
Gemini,none,validated_paths5_thr0.8,SpotifyCares,Provide device model,3,29,2,1,0.6,0.75,0.6666666666666665,0.6232502388407515,0.842741935483871
Gemini,none,validated_paths5_thr0.8,SpotifyCares,Provide email address,0,35,0,0,0.0,0.0,0.0,0.0,0.5
Gemini,none,validated_paths5_thr0.8,SpotifyCares,Provide error message,4,30,0,1,1.0,0.8,0.888888888888889,0.8798826901281197,0.9
Gemini,none,validated_paths5_thr0.8,SpotifyCares,Provide spotify version,2,33,0,0,1.0,1.0,1.0,1.0,1.0
Gemini,none,validated_paths5_thr0.8,SpotifyCares,Provide username,0,35,0,0,0.0,0.0,0.0,0.0,0.5
Gemini,none,validated_paths5_thr0.8,SpotifyCares,Refer to specialist team,0,28,0,0,0.0,0.0,0.0,0.0,0.5
Gemini,none,validated_paths5_thr0.8,SpotifyCares,Reinstall the app,0,34,0,1,0.0,0.0,0.0,0.0,0.5
Gemini,none,validated_paths5_thr0.8,SpotifyCares,Request DM,6,21,0,1,1.0,0.8571428571428571,0.923076923076923,0.9045340337332909,0.9285714285714286
Gemini,none,validated_paths5_thr0.8,SpotifyCares,Request OS version,3,25,0,0,1.0,1.0,1.0,1.0,1.0
Gemini,none,validated_paths5_thr0.8,SpotifyCares,Request Spotify version,4,24,0,0,1.0,1.0,1.0,1.0,1.0
Gemini,none,validated_paths5_thr0.8,SpotifyCares,Request device restart,3,25,0,0,1.0,1.0,1.0,1.0,1.0
Gemini,none,validated_paths5_thr0.8,SpotifyCares,Request device version,4,24,0,0,1.0,1.0,1.0,1.0,1.0
Gemini,none,validated_paths5_thr0.8,SpotifyCares,Request email address,6,22,0,0,1.0,1.0,1.0,1.0,1.0
Gemini,none,validated_paths5_thr0.8,SpotifyCares,Request error message,3,25,0,0,1.0,1.0,1.0,1.0,1.0
Gemini,none,validated_paths5_thr0.8,SpotifyCares,Request exact issue description,1,26,1,0,0.5,1.0,0.6666666666666666,0.693888666488711,0.9814814814814814
Gemini,none,validated_paths5_thr0.8,SpotifyCares,Request login,3,25,0,0,1.0,1.0,1.0,1.0,1.0
Gemini,none,validated_paths5_thr0.8,SpotifyCares,Request logout,3,25,0,0,1.0,1.0,1.0,1.0,1.0
Gemini,none,validated_paths5_thr0.8,SpotifyCares,Request reinstall the app,2,26,0,0,1.0,1.0,1.0,1.0,1.0
Gemini,none,validated_paths5_thr0.8,SpotifyCares,Request username,5,23,0,0,1.0,1.0,1.0,1.0,1.0
Gemini,none,validated_paths5_thr0.8,SpotifyCares,Restart device,1,31,2,1,0.3333333333333333,0.5,0.4,0.36432620803146437,0.7196969696969697
Gemini,none,validated_paths5_thr0.8,SpotifyCares,Song/Artist,3,29,1,2,0.75,0.6,0.6666666666666665,0.6232502388407515,0.7833333333333333
Gemini,none,validated_paths5_thr0.8,SpotifyCares,Student Subscription,1,33,0,1,1.0,0.5,0.6666666666666666,0.696630546019236,0.75
Gemini,triggers,raw_10call_majority,AmazonHelp,Account,2,17,1,0,0.6666666666666666,1.0,0.8,0.7934920476158722,0.9722222222222222
Gemini,triggers,raw_10call_majority,AmazonHelp,Alexa,2,18,0,0,1.0,1.0,1.0,1.0,1.0
Gemini,triggers,raw_10call_majority,AmazonHelp,Apologize,8,11,0,0,1.0,1.0,1.0,1.0,1.0
Gemini,triggers,raw_10call_majority,AmazonHelp,Bad Support,2,16,1,1,0.6666666666666666,0.6666666666666666,0.6666666666666666,0.6078431372549019,0.803921568627451
Gemini,triggers,raw_10call_majority,AmazonHelp,Delivery,5,13,0,2,1.0,0.7142857142857143,0.8333333333333333,0.7867957924694432,0.8571428571428572
Gemini,triggers,raw_10call_majority,AmazonHelp,Echo,3,17,0,0,1.0,1.0,1.0,1.0,1.0
Gemini,triggers,raw_10call_majority,AmazonHelp,Investigate Issue,8,9,2,0,0.8,1.0,0.888888888888889,0.8090398349558905,0.9090909090909092
Gemini,triggers,raw_10call_majority,AmazonHelp,Kindle,0,20,0,0,0.0,0.0,0.0,0.0,0.5
Gemini,triggers,raw_10call_majority,AmazonHelp,Order Cancellation,1,19,0,0,1.0,1.0,1.0,1.0,1.0
Gemini,triggers,raw_10call_majority,AmazonHelp,Packaging,1,19,0,0,1.0,1.0,1.0,1.0,1.0
Gemini,triggers,raw_10call_majority,AmazonHelp,Prime,7,13,0,0,1.0,1.0,1.0,1.0,1.0
Gemini,triggers,raw_10call_majority,AmazonHelp,Provide URL,13,6,0,0,1.0,1.0,1.0,1.0,1.0
Gemini,triggers,raw_10call_majority,AmazonHelp,Provide delivery date,2,17,0,0,1.0,1.0,1.0,1.0,1.0
Gemini,triggers,raw_10call_majority,AmazonHelp,Refer to specialist team,2,17,0,0,1.0,1.0,1.0,1.0,1.0
Gemini,triggers,raw_10call_majority,AmazonHelp,Refund,0,20,0,0,0.0,0.0,0.0,0.0,0.5
Gemini,triggers,raw_10call_majority,AmazonHelp,Replacement,0,20,0,0,0.0,0.0,0.0,0.0,0.5
Gemini,triggers,raw_10call_majority,AmazonHelp,Request to call by phone,3,16,0,0,1.0,1.0,1.0,1.0,1.0
Gemini,triggers,raw_10call_majority,AmazonHelp,Request to not send personal details,1,18,0,0,1.0,1.0,1.0,1.0,1.0
Gemini,triggers,raw_10call_majority,AmazonHelp,Request to reach out by chat,2,17,0,0,1.0,1.0,1.0,1.0,1.0
Gemini,triggers,raw_10call_majority,AmazonHelp,Return,2,18,0,0,1.0,1.0,1.0,1.0,1.0
Gemini,triggers,raw_10call_majority,AppleSupport,Battery,6,25,0,0,1.0,1.0,1.0,1.0,1.0
Gemini,triggers,raw_10call_majority,AppleSupport,Investigate issue,15,7,4,1,0.7894736842105263,0.9375,0.8571428571428572,0.6175089349062046,0.7869318181818181
Gemini,triggers,raw_10call_majority,AppleSupport,Mac,3,27,1,0,0.75,1.0,0.8571428571428571,0.8504200642707612,0.9821428571428572
Gemini,triggers,raw_10call_majority,AppleSupport,Provide URL,16,11,0,0,1.0,1.0,1.0,1.0,1.0
Gemini,triggers,raw_10call_majority,AppleSupport,Provide device model,6,22,3,0,0.6666666666666666,1.0,0.8,0.7659416862050705,0.94
Gemini,triggers,raw_10call_majority,AppleSupport,Provide system version,10,17,4,0,0.7142857142857143,1.0,0.8333333333333333,0.7604152106033959,0.9047619047619048
Gemini,triggers,raw_10call_majority,AppleSupport,Recommend backing up,0,27,0,0,0.0,0.0,0.0,0.0,0.5
Gemini,triggers,raw_10call_majority,AppleSupport,Recommend updating,0,27,0,0,0.0,0.0,0.0,0.0,0.5
Gemini,triggers,raw_10call_majority,AppleSupport,Refer to specialist team,0,27,0,0,0.0,0.0,0.0,0.0,0.5
Gemini,triggers,raw_10call_majority,AppleSupport,Refund,2,29,0,0,1.0,1.0,1.0,1.0,1.0
Gemini,triggers,raw_10call_majority,AppleSupport,Request DM,12,14,1,0,0.9230769230769231,1.0,0.9600000000000001,0.9281909617845143,0.9666666666666667
Gemini,triggers,raw_10call_majority,AppleSupport,Request country,0,27,0,0,0.0,0.0,0.0,0.0,0.5
Gemini,triggers,raw_10call_majority,AppleSupport,Request device model,3,24,0,0,1.0,1.0,1.0,1.0,1.0
Gemini,triggers,raw_10call_majority,AppleSupport,Request device restart,1,26,0,0,1.0,1.0,1.0,1.0,1.0
Gemini,triggers,raw_10call_majority,AppleSupport,Request iOS version,8,19,0,0,1.0,1.0,1.0,1.0,1.0
Gemini,triggers,raw_10call_majority,AppleSupport,Restart device,3,27,1,0,0.75,1.0,0.8571428571428571,0.8504200642707612,0.9821428571428572
Gemini,triggers,raw_10call_majority,AppleSupport,Software/App,2,21,0,8,1.0,0.2,0.33333333333333337,0.38056219755369364,0.6
Gemini,triggers,raw_10call_majority,AppleSupport,TV,0,31,0,0,0.0,0.0,0.0,0.0,0.5
Gemini,triggers,raw_10call_majority,AppleSupport,Unresponsive/Freezing Device,5,24,2,0,0.7142857142857143,1.0,0.8333333333333333,0.8119979429411501,0.9615384615384616
Gemini,triggers,raw_10call_majority,AppleSupport,Update,14,17,0,0,1.0,1.0,1.0,1.0,1.0
Gemini,triggers,raw_10call_majority,AppleSupport,iPad,0,31,0,0,0.0,0.0,0.0,0.0,0.5
Gemini,triggers,raw_10call_majority,AppleSupport,iPhone,4,20,1,6,0.8,0.4,0.5333333333333333,0.4478683741749138,0.6761904761904762
Gemini,triggers,raw_10call_majority,SpotifyCares,Account,5,29,0,1,1.0,0.8333333333333334,0.9090909090909091,0.8975274678557507,0.9166666666666667
Gemini,triggers,raw_10call_majority,SpotifyCares,Advertisement,2,33,0,0,1.0,1.0,1.0,1.0,1.0
Gemini,triggers,raw_10call_majority,SpotifyCares,App,5,25,1,4,0.8333333333333334,0.5555555555555556,0.6666666666666667,0.5996568753954697,0.7585470085470085
Gemini,triggers,raw_10call_majority,SpotifyCares,Billing/Payment,7,28,0,0,1.0,1.0,1.0,1.0,1.0
Gemini,triggers,raw_10call_majority,SpotifyCares,Family Subscription,1,34,0,0,1.0,1.0,1.0,1.0,1.0
Gemini,triggers,raw_10call_majority,SpotifyCares,Hulu,1,34,0,0,1.0,1.0,1.0,1.0,1.0
Gemini,triggers,raw_10call_majority,SpotifyCares,Login,4,29,2,0,0.6666666666666666,1.0,0.8,0.7897188828807974,0.967741935483871
Gemini,triggers,raw_10call_majority,SpotifyCares,Logout,2,31,2,0,0.5,1.0,0.6666666666666666,0.6853444168423419,0.9696969696969697
Gemini,triggers,raw_10call_majority,SpotifyCares,Offer further help,4,24,0,0,1.0,1.0,1.0,1.0,1.0
Gemini,triggers,raw_10call_majority,SpotifyCares,Playlist,2,33,0,0,1.0,1.0,1.0,1.0,1.0
Gemini,triggers,raw_10call_majority,SpotifyCares,Premium,2,33,0,0,1.0,1.0,1.0,1.0,1.0
Gemini,triggers,raw_10call_majority,SpotifyCares,Provide OS version,2,33,0,0,1.0,1.0,1.0,1.0,1.0
Gemini,triggers,raw_10call_majority,SpotifyCares,Provide URL,13,15,0,0,1.0,1.0,1.0,1.0,1.0
Gemini,triggers,raw_10call_majority,SpotifyCares,Provide device model,4,29,2,0,0.6666666666666666,1.0,0.8,0.7897188828807974,0.967741935483871
Gemini,triggers,raw_10call_majority,SpotifyCares,Provide email address,0,35,0,0,0.0,0.0,0.0,0.0,0.5
Gemini,triggers,raw_10call_majority,SpotifyCares,Provide error message,2,30,0,3,1.0,0.4,0.5714285714285715,0.6030226891555273,0.7
Gemini,triggers,raw_10call_majority,SpotifyCares,Provide spotify version,2,33,0,0,1.0,1.0,1.0,1.0,1.0
Gemini,triggers,raw_10call_majority,SpotifyCares,Provide username,0,35,0,0,0.0,0.0,0.0,0.0,0.5
Gemini,triggers,raw_10call_majority,SpotifyCares,Refer to specialist team,0,28,0,0,0.0,0.0,0.0,0.0,0.5
Gemini,triggers,raw_10call_majority,SpotifyCares,Reinstall the app,1,34,0,0,1.0,1.0,1.0,1.0,1.0
Gemini,triggers,raw_10call_majority,SpotifyCares,Request DM,7,21,0,0,1.0,1.0,1.0,1.0,1.0
Gemini,triggers,raw_10call_majority,SpotifyCares,Request OS version,3,25,0,0,1.0,1.0,1.0,1.0,1.0
Gemini,triggers,raw_10call_majority,SpotifyCares,Request Spotify version,4,24,0,0,1.0,1.0,1.0,1.0,1.0
Gemini,triggers,raw_10call_majority,SpotifyCares,Request device restart,3,25,0,0,1.0,1.0,1.0,1.0,1.0
Gemini,triggers,raw_10call_majority,SpotifyCares,Request device version,4,24,0,0,1.0,1.0,1.0,1.0,1.0
Gemini,triggers,raw_10call_majority,SpotifyCares,Request email address,6,22,0,0,1.0,1.0,1.0,1.0,1.0
Gemini,triggers,raw_10call_majority,SpotifyCares,Request error message,3,25,0,0,1.0,1.0,1.0,1.0,1.0
Gemini,triggers,raw_10call_majority,SpotifyCares,Request exact issue description,1,27,0,0,1.0,1.0,1.0,1.0,1.0
Gemini,triggers,raw_10call_majority,SpotifyCares,Request login,3,25,0,0,1.0,1.0,1.0,1.0,1.0
Gemini,triggers,raw_10call_majority,SpotifyCares,Request logout,3,25,0,0,1.0,1.0,1.0,1.0,1.0
Gemini,triggers,raw_10call_majority,SpotifyCares,Request reinstall the app,2,26,0,0,1.0,1.0,1.0,1.0,1.0
Gemini,triggers,raw_10call_majority,SpotifyCares,Request username,5,23,0,0,1.0,1.0,1.0,1.0,1.0
Gemini,triggers,raw_10call_majority,SpotifyCares,Restart device,2,32,1,0,0.6666666666666666,1.0,0.8,0.8040302522073697,0.9848484848484849
Gemini,triggers,raw_10call_majority,SpotifyCares,Song/Artist,4,29,1,1,0.8,0.8,0.8000000000000002,0.7666666666666667,0.8833333333333333
Gemini,triggers,raw_10call_majority,SpotifyCares,Student Subscription,2,33,0,0,1.0,1.0,1.0,1.0,1.0
Gemini,triggers,raw_1call,AmazonHelp,Account,2,17,1,0,0.6666666666666666,1.0,0.8,0.7934920476158722,0.9722222222222222
Gemini,triggers,raw_1call,AmazonHelp,Alexa,2,18,0,0,1.0,1.0,1.0,1.0,1.0
Gemini,triggers,raw_1call,AmazonHelp,Apologize,8,11,0,0,1.0,1.0,1.0,1.0,1.0
Gemini,triggers,raw_1call,AmazonHelp,Bad Support,2,16,1,1,0.6666666666666666,0.6666666666666666,0.6666666666666666,0.6078431372549019,0.803921568627451
Gemini,triggers,raw_1call,AmazonHelp,Delivery,6,13,0,1,1.0,0.8571428571428571,0.923076923076923,0.8921425711997711,0.9285714285714286
Gemini,triggers,raw_1call,AmazonHelp,Echo,3,17,0,0,1.0,1.0,1.0,1.0,1.0
Gemini,triggers,raw_1call,AmazonHelp,Investigate Issue,8,9,2,0,0.8,1.0,0.888888888888889,0.8090398349558905,0.9090909090909092
Gemini,triggers,raw_1call,AmazonHelp,Kindle,0,20,0,0,0.0,0.0,0.0,0.0,0.5
Gemini,triggers,raw_1call,AmazonHelp,Order Cancellation,1,19,0,0,1.0,1.0,1.0,1.0,1.0
Gemini,triggers,raw_1call,AmazonHelp,Packaging,1,19,0,0,1.0,1.0,1.0,1.0,1.0
Gemini,triggers,raw_1call,AmazonHelp,Prime,7,13,0,0,1.0,1.0,1.0,1.0,1.0
Gemini,triggers,raw_1call,AmazonHelp,Provide URL,13,6,0,0,1.0,1.0,1.0,1.0,1.0
Gemini,triggers,raw_1call,AmazonHelp,Provide delivery date,2,17,0,0,1.0,1.0,1.0,1.0,1.0
Gemini,triggers,raw_1call,AmazonHelp,Refer to specialist team,2,17,0,0,1.0,1.0,1.0,1.0,1.0
Gemini,triggers,raw_1call,AmazonHelp,Refund,0,20,0,0,0.0,0.0,0.0,0.0,0.5
Gemini,triggers,raw_1call,AmazonHelp,Replacement,0,20,0,0,0.0,0.0,0.0,0.0,0.5
Gemini,triggers,raw_1call,AmazonHelp,Request to call by phone,3,16,0,0,1.0,1.0,1.0,1.0,1.0
Gemini,triggers,raw_1call,AmazonHelp,Request to not send personal details,1,18,0,0,1.0,1.0,1.0,1.0,1.0
Gemini,triggers,raw_1call,AmazonHelp,Request to reach out by chat,2,17,0,0,1.0,1.0,1.0,1.0,1.0
Gemini,triggers,raw_1call,AmazonHelp,Return,2,18,0,0,1.0,1.0,1.0,1.0,1.0
Gemini,triggers,raw_1call,AppleSupport,Battery,6,25,0,0,1.0,1.0,1.0,1.0,1.0
Gemini,triggers,raw_1call,AppleSupport,Investigate issue,16,7,4,0,0.8,1.0,0.888888888888889,0.7135060680126758,0.8181818181818181
Gemini,triggers,raw_1call,AppleSupport,Mac,3,27,1,0,0.75,1.0,0.8571428571428571,0.8504200642707612,0.9821428571428572
Gemini,triggers,raw_1call,AppleSupport,Provide URL,16,11,0,0,1.0,1.0,1.0,1.0,1.0
Gemini,triggers,raw_1call,AppleSupport,Provide device model,6,21,4,0,0.6,1.0,0.7499999999999999,0.7099295739719539,0.9199999999999999
Gemini,triggers,raw_1call,AppleSupport,Provide system version,10,17,4,0,0.7142857142857143,1.0,0.8333333333333333,0.7604152106033959,0.9047619047619048
Gemini,triggers,raw_1call,AppleSupport,Recommend backing up,0,27,0,0,0.0,0.0,0.0,0.0,0.5
Gemini,triggers,raw_1call,AppleSupport,Recommend updating,0,27,0,0,0.0,0.0,0.0,0.0,0.5
Gemini,triggers,raw_1call,AppleSupport,Refer to specialist team,0,27,0,0,0.0,0.0,0.0,0.0,0.5
Gemini,triggers,raw_1call,AppleSupport,Refund,2,29,0,0,1.0,1.0,1.0,1.0,1.0
Gemini,triggers,raw_1call,AppleSupport,Request DM,12,14,1,0,0.9230769230769231,1.0,0.9600000000000001,0.9281909617845143,0.9666666666666667
Gemini,triggers,raw_1call,AppleSupport,Request country,0,27,0,0,0.0,0.0,0.0,0.0,0.5
Gemini,triggers,raw_1call,AppleSupport,Request device model,3,24,0,0,1.0,1.0,1.0,1.0,1.0
Gemini,triggers,raw_1call,AppleSupport,Request device restart,1,26,0,0,1.0,1.0,1.0,1.0,1.0
Gemini,triggers,raw_1call,AppleSupport,Request iOS version,8,19,0,0,1.0,1.0,1.0,1.0,1.0
Gemini,triggers,raw_1call,AppleSupport,Restart device,3,27,1,0,0.75,1.0,0.8571428571428571,0.8504200642707612,0.9821428571428572
Gemini,triggers,raw_1call,AppleSupport,Software/App,3,21,0,7,1.0,0.3,0.4615384615384615,0.47434164902525694,0.65
Gemini,triggers,raw_1call,AppleSupport,TV,0,31,0,0,0.0,0.0,0.0,0.0,0.5
Gemini,triggers,raw_1call,AppleSupport,Unresponsive/Freezing Device,5,25,1,0,0.8333333333333334,1.0,0.9090909090909091,0.8951435925492911,0.9807692307692308
Gemini,triggers,raw_1call,AppleSupport,Update,14,17,0,0,1.0,1.0,1.0,1.0,1.0
Gemini,triggers,raw_1call,AppleSupport,iPad,0,31,0,0,0.0,0.0,0.0,0.0,0.5
Gemini,triggers,raw_1call,AppleSupport,iPhone,5,20,1,5,0.8333333333333334,0.5,0.625,0.5352643613280605,0.7261904761904762
Gemini,triggers,raw_1call,SpotifyCares,Account,5,29,0,1,1.0,0.8333333333333334,0.9090909090909091,0.8975274678557507,0.9166666666666667
Gemini,triggers,raw_1call,SpotifyCares,Advertisement,2,33,0,0,1.0,1.0,1.0,1.0,1.0
Gemini,triggers,raw_1call,SpotifyCares,App,5,25,1,4,0.8333333333333334,0.5555555555555556,0.6666666666666667,0.5996568753954697,0.7585470085470085
Gemini,triggers,raw_1call,SpotifyCares,Billing/Payment,7,28,0,0,1.0,1.0,1.0,1.0,1.0
Gemini,triggers,raw_1call,SpotifyCares,Family Subscription,1,34,0,0,1.0,1.0,1.0,1.0,1.0
Gemini,triggers,raw_1call,SpotifyCares,Hulu,1,34,0,0,1.0,1.0,1.0,1.0,1.0
Gemini,triggers,raw_1call,SpotifyCares,Login,4,29,2,0,0.6666666666666666,1.0,0.8,0.7897188828807974,0.967741935483871
Gemini,triggers,raw_1call,SpotifyCares,Logout,2,31,2,0,0.5,1.0,0.6666666666666666,0.6853444168423419,0.9696969696969697
Gemini,triggers,raw_1call,SpotifyCares,Offer further help,4,24,0,0,1.0,1.0,1.0,1.0,1.0
Gemini,triggers,raw_1call,SpotifyCares,Playlist,2,33,0,0,1.0,1.0,1.0,1.0,1.0
Gemini,triggers,raw_1call,SpotifyCares,Premium,2,33,0,0,1.0,1.0,1.0,1.0,1.0
Gemini,triggers,raw_1call,SpotifyCares,Provide OS version,2,33,0,0,1.0,1.0,1.0,1.0,1.0
Gemini,triggers,raw_1call,SpotifyCares,Provide URL,13,15,0,0,1.0,1.0,1.0,1.0,1.0
Gemini,triggers,raw_1call,SpotifyCares,Provide device model,4,30,1,0,0.8,1.0,0.888888888888889,0.8798826901281197,0.9838709677419355
Gemini,triggers,raw_1call,SpotifyCares,Provide email address,0,35,0,0,0.0,0.0,0.0,0.0,0.5
Gemini,triggers,raw_1call,SpotifyCares,Provide error message,2,30,0,3,1.0,0.4,0.5714285714285715,0.6030226891555273,0.7
Gemini,triggers,raw_1call,SpotifyCares,Provide spotify version,2,33,0,0,1.0,1.0,1.0,1.0,1.0
Gemini,triggers,raw_1call,SpotifyCares,Provide username,0,35,0,0,0.0,0.0,0.0,0.0,0.5
Gemini,triggers,raw_1call,SpotifyCares,Refer to specialist team,0,28,0,0,0.0,0.0,0.0,0.0,0.5
Gemini,triggers,raw_1call,SpotifyCares,Reinstall the app,1,34,0,0,1.0,1.0,1.0,1.0,1.0
Gemini,triggers,raw_1call,SpotifyCares,Request DM,7,21,0,0,1.0,1.0,1.0,1.0,1.0
Gemini,triggers,raw_1call,SpotifyCares,Request OS version,3,25,0,0,1.0,1.0,1.0,1.0,1.0
Gemini,triggers,raw_1call,SpotifyCares,Request Spotify version,4,24,0,0,1.0,1.0,1.0,1.0,1.0
Gemini,triggers,raw_1call,SpotifyCares,Request device restart,3,25,0,0,1.0,1.0,1.0,1.0,1.0
Gemini,triggers,raw_1call,SpotifyCares,Request device version,4,24,0,0,1.0,1.0,1.0,1.0,1.0
Gemini,triggers,raw_1call,SpotifyCares,Request email address,6,22,0,0,1.0,1.0,1.0,1.0,1.0
Gemini,triggers,raw_1call,SpotifyCares,Request error message,3,25,0,0,1.0,1.0,1.0,1.0,1.0
Gemini,triggers,raw_1call,SpotifyCares,Request exact issue description,1,27,0,0,1.0,1.0,1.0,1.0,1.0
Gemini,triggers,raw_1call,SpotifyCares,Request login,3,25,0,0,1.0,1.0,1.0,1.0,1.0
Gemini,triggers,raw_1call,SpotifyCares,Request logout,3,25,0,0,1.0,1.0,1.0,1.0,1.0
Gemini,triggers,raw_1call,SpotifyCares,Request reinstall the app,2,26,0,0,1.0,1.0,1.0,1.0,1.0
Gemini,triggers,raw_1call,SpotifyCares,Request username,5,23,0,0,1.0,1.0,1.0,1.0,1.0
Gemini,triggers,raw_1call,SpotifyCares,Restart device,2,32,1,0,0.6666666666666666,1.0,0.8,0.8040302522073697,0.9848484848484849
Gemini,triggers,raw_1call,SpotifyCares,Song/Artist,4,29,1,1,0.8,0.8,0.8000000000000002,0.7666666666666667,0.8833333333333333
Gemini,triggers,raw_1call,SpotifyCares,Student Subscription,2,33,0,0,1.0,1.0,1.0,1.0,1.0
Gemini,triggers,validated_paths10_thr0.5,AmazonHelp,Account,2,17,1,0,0.6666666666666666,1.0,0.8,0.7934920476158722,0.9722222222222222
Gemini,triggers,validated_paths10_thr0.5,AmazonHelp,Alexa,2,18,0,0,1.0,1.0,1.0,1.0,1.0
Gemini,triggers,validated_paths10_thr0.5,AmazonHelp,Apologize,8,11,0,0,1.0,1.0,1.0,1.0,1.0
Gemini,triggers,validated_paths10_thr0.5,AmazonHelp,Bad Support,2,16,1,1,0.6666666666666666,0.6666666666666666,0.6666666666666666,0.6078431372549019,0.803921568627451
Gemini,triggers,validated_paths10_thr0.5,AmazonHelp,Delivery,6,12,1,1,0.8571428571428571,0.8571428571428571,0.8571428571428571,0.7802197802197802,0.8901098901098901
Gemini,triggers,validated_paths10_thr0.5,AmazonHelp,Echo,3,17,0,0,1.0,1.0,1.0,1.0,1.0
Gemini,triggers,validated_paths10_thr0.5,AmazonHelp,Investigate Issue,8,9,2,0,0.8,1.0,0.888888888888889,0.8090398349558905,0.9090909090909092
Gemini,triggers,validated_paths10_thr0.5,AmazonHelp,Kindle,0,20,0,0,0.0,0.0,0.0,0.0,0.5
Gemini,triggers,validated_paths10_thr0.5,AmazonHelp,Order Cancellation,1,19,0,0,1.0,1.0,1.0,1.0,1.0
Gemini,triggers,validated_paths10_thr0.5,AmazonHelp,Packaging,1,19,0,0,1.0,1.0,1.0,1.0,1.0
Gemini,triggers,validated_paths10_thr0.5,AmazonHelp,Prime,7,13,0,0,1.0,1.0,1.0,1.0,1.0
Gemini,triggers,validated_paths10_thr0.5,AmazonHelp,Provide URL,13,6,0,0,1.0,1.0,1.0,1.0,1.0
Gemini,triggers,validated_paths10_thr0.5,AmazonHelp,Provide delivery date,2,17,0,0,1.0,1.0,1.0,1.0,1.0
Gemini,triggers,validated_paths10_thr0.5,AmazonHelp,Refer to specialist team,2,17,0,0,1.0,1.0,1.0,1.0,1.0
Gemini,triggers,validated_paths10_thr0.5,AmazonHelp,Refund,0,20,0,0,0.0,0.0,0.0,0.0,0.5
Gemini,triggers,validated_paths10_thr0.5,AmazonHelp,Replacement,0,20,0,0,0.0,0.0,0.0,0.0,0.5
Gemini,triggers,validated_paths10_thr0.5,AmazonHelp,Request to call by phone,3,16,0,0,1.0,1.0,1.0,1.0,1.0
Gemini,triggers,validated_paths10_thr0.5,AmazonHelp,Request to not send personal details,1,18,0,0,1.0,1.0,1.0,1.0,1.0
Gemini,triggers,validated_paths10_thr0.5,AmazonHelp,Request to reach out by chat,2,17,0,0,1.0,1.0,1.0,1.0,1.0
Gemini,triggers,validated_paths10_thr0.5,AmazonHelp,Return,2,18,0,0,1.0,1.0,1.0,1.0,1.0
Gemini,triggers,validated_paths10_thr0.5,AppleSupport,Battery,6,24,1,0,0.8571428571428571,1.0,0.923076923076923,0.9071147352221454,0.98
Gemini,triggers,validated_paths10_thr0.5,AppleSupport,Investigate issue,15,7,4,1,0.7894736842105263,0.9375,0.8571428571428572,0.6175089349062046,0.7869318181818181
Gemini,triggers,validated_paths10_thr0.5,AppleSupport,Mac,3,27,1,0,0.75,1.0,0.8571428571428571,0.8504200642707612,0.9821428571428572
Gemini,triggers,validated_paths10_thr0.5,AppleSupport,Provide URL,16,11,0,0,1.0,1.0,1.0,1.0,1.0
Gemini,triggers,validated_paths10_thr0.5,AppleSupport,Provide device model,6,21,4,0,0.6,1.0,0.7499999999999999,0.7099295739719539,0.9199999999999999
Gemini,triggers,validated_paths10_thr0.5,AppleSupport,Provide system version,10,17,4,0,0.7142857142857143,1.0,0.8333333333333333,0.7604152106033959,0.9047619047619048
Gemini,triggers,validated_paths10_thr0.5,AppleSupport,Recommend backing up,0,27,0,0,0.0,0.0,0.0,0.0,0.5
Gemini,triggers,validated_paths10_thr0.5,AppleSupport,Recommend updating,0,27,0,0,0.0,0.0,0.0,0.0,0.5
Gemini,triggers,validated_paths10_thr0.5,AppleSupport,Refer to specialist team,0,27,0,0,0.0,0.0,0.0,0.0,0.5
Gemini,triggers,validated_paths10_thr0.5,AppleSupport,Refund,2,29,0,0,1.0,1.0,1.0,1.0,1.0
Gemini,triggers,validated_paths10_thr0.5,AppleSupport,Request DM,12,14,1,0,0.9230769230769231,1.0,0.9600000000000001,0.9281909617845143,0.9666666666666667
Gemini,triggers,validated_paths10_thr0.5,AppleSupport,Request country,0,27,0,0,0.0,0.0,0.0,0.0,0.5
Gemini,triggers,validated_paths10_thr0.5,AppleSupport,Request device model,3,24,0,0,1.0,1.0,1.0,1.0,1.0
Gemini,triggers,validated_paths10_thr0.5,AppleSupport,Request device restart,1,26,0,0,1.0,1.0,1.0,1.0,1.0
Gemini,triggers,validated_paths10_thr0.5,AppleSupport,Request iOS version,8,19,0,0,1.0,1.0,1.0,1.0,1.0
Gemini,triggers,validated_paths10_thr0.5,AppleSupport,Restart device,3,27,1,0,0.75,1.0,0.8571428571428571,0.8504200642707612,0.9821428571428572
Gemini,triggers,validated_paths10_thr0.5,AppleSupport,Software/App,4,21,0,6,1.0,0.4,0.5714285714285715,0.5577733510227171,0.7
Gemini,triggers,validated_paths10_thr0.5,AppleSupport,TV,0,31,0,0,0.0,0.0,0.0,0.0,0.5
Gemini,triggers,validated_paths10_thr0.5,AppleSupport,Unresponsive/Freezing Device,5,24,2,0,0.7142857142857143,1.0,0.8333333333333333,0.8119979429411501,0.9615384615384616
Gemini,triggers,validated_paths10_thr0.5,AppleSupport,Update,14,17,0,0,1.0,1.0,1.0,1.0,1.0
Gemini,triggers,validated_paths10_thr0.5,AppleSupport,iPad,0,31,0,0,0.0,0.0,0.0,0.0,0.5
Gemini,triggers,validated_paths10_thr0.5,AppleSupport,iPhone,5,20,1,5,0.8333333333333334,0.5,0.625,0.5352643613280605,0.7261904761904762
Gemini,triggers,validated_paths10_thr0.5,SpotifyCares,Account,5,29,0,1,1.0,0.8333333333333334,0.9090909090909091,0.8975274678557507,0.9166666666666667
Gemini,triggers,validated_paths10_thr0.5,SpotifyCares,Advertisement,2,33,0,0,1.0,1.0,1.0,1.0,1.0
Gemini,triggers,validated_paths10_thr0.5,SpotifyCares,App,5,24,2,4,0.7142857142857143,0.5555555555555556,0.6250000000000001,0.5229763603684908,0.7393162393162394
Gemini,triggers,validated_paths10_thr0.5,SpotifyCares,Billing/Payment,7,28,0,0,1.0,1.0,1.0,1.0,1.0
Gemini,triggers,validated_paths10_thr0.5,SpotifyCares,Family Subscription,1,34,0,0,1.0,1.0,1.0,1.0,1.0
Gemini,triggers,validated_paths10_thr0.5,SpotifyCares,Hulu,1,34,0,0,1.0,1.0,1.0,1.0,1.0
Gemini,triggers,validated_paths10_thr0.5,SpotifyCares,Login,4,29,2,0,0.6666666666666666,1.0,0.8,0.7897188828807974,0.967741935483871
Gemini,triggers,validated_paths10_thr0.5,SpotifyCares,Logout,2,31,2,0,0.5,1.0,0.6666666666666666,0.6853444168423419,0.9696969696969697
Gemini,triggers,validated_paths10_thr0.5,SpotifyCares,Offer further help,4,23,1,0,0.8,1.0,0.888888888888889,0.8755950357709131,0.9791666666666667
Gemini,triggers,validated_paths10_thr0.5,SpotifyCares,Playlist,2,33,0,0,1.0,1.0,1.0,1.0,1.0
Gemini,triggers,validated_paths10_thr0.5,SpotifyCares,Premium,2,33,0,0,1.0,1.0,1.0,1.0,1.0
Gemini,triggers,validated_paths10_thr0.5,SpotifyCares,Provide OS version,2,33,0,0,1.0,1.0,1.0,1.0,1.0
Gemini,triggers,validated_paths10_thr0.5,SpotifyCares,Provide URL,13,15,0,0,1.0,1.0,1.0,1.0,1.0
Gemini,triggers,validated_paths10_thr0.5,SpotifyCares,Provide device model,4,29,2,0,0.6666666666666666,1.0,0.8,0.7897188828807974,0.967741935483871
Gemini,triggers,validated_paths10_thr0.5,SpotifyCares,Provide email address,0,35,0,0,0.0,0.0,0.0,0.0,0.5
Gemini,triggers,validated_paths10_thr0.5,SpotifyCares,Provide error message,3,30,0,2,1.0,0.6,0.7499999999999999,0.75,0.8
Gemini,triggers,validated_paths10_thr0.5,SpotifyCares,Provide spotify version,2,33,0,0,1.0,1.0,1.0,1.0,1.0
Gemini,triggers,validated_paths10_thr0.5,SpotifyCares,Provide username,0,35,0,0,0.0,0.0,0.0,0.0,0.5
Gemini,triggers,validated_paths10_thr0.5,SpotifyCares,Refer to specialist team,0,28,0,0,0.0,0.0,0.0,0.0,0.5
Gemini,triggers,validated_paths10_thr0.5,SpotifyCares,Reinstall the app,1,34,0,0,1.0,1.0,1.0,1.0,1.0
Gemini,triggers,validated_paths10_thr0.5,SpotifyCares,Request DM,7,21,0,0,1.0,1.0,1.0,1.0,1.0
Gemini,triggers,validated_paths10_thr0.5,SpotifyCares,Request OS version,3,25,0,0,1.0,1.0,1.0,1.0,1.0
Gemini,triggers,validated_paths10_thr0.5,SpotifyCares,Request Spotify version,4,24,0,0,1.0,1.0,1.0,1.0,1.0
Gemini,triggers,validated_paths10_thr0.5,SpotifyCares,Request device restart,3,25,0,0,1.0,1.0,1.0,1.0,1.0
Gemini,triggers,validated_paths10_thr0.5,SpotifyCares,Request device version,4,24,0,0,1.0,1.0,1.0,1.0,1.0
Gemini,triggers,validated_paths10_thr0.5,SpotifyCares,Request email address,6,22,0,0,1.0,1.0,1.0,1.0,1.0
Gemini,triggers,validated_paths10_thr0.5,SpotifyCares,Request error message,3,25,0,0,1.0,1.0,1.0,1.0,1.0
Gemini,triggers,validated_paths10_thr0.5,SpotifyCares,Request exact issue description,1,27,0,0,1.0,1.0,1.0,1.0,1.0
Gemini,triggers,validated_paths10_thr0.5,SpotifyCares,Request login,3,25,0,0,1.0,1.0,1.0,1.0,1.0
Gemini,triggers,validated_paths10_thr0.5,SpotifyCares,Request logout,3,25,0,0,1.0,1.0,1.0,1.0,1.0
Gemini,triggers,validated_paths10_thr0.5,SpotifyCares,Request reinstall the app,2,26,0,0,1.0,1.0,1.0,1.0,1.0
Gemini,triggers,validated_paths10_thr0.5,SpotifyCares,Request username,5,23,0,0,1.0,1.0,1.0,1.0,1.0
Gemini,triggers,validated_paths10_thr0.5,SpotifyCares,Restart device,2,32,1,0,0.6666666666666666,1.0,0.8,0.8040302522073697,0.9848484848484849
Gemini,triggers,validated_paths10_thr0.5,SpotifyCares,Song/Artist,4,29,1,1,0.8,0.8,0.8000000000000002,0.7666666666666667,0.8833333333333333
Gemini,triggers,validated_paths10_thr0.5,SpotifyCares,Student Subscription,2,33,0,0,1.0,1.0,1.0,1.0,1.0
Gemini,triggers,validated_paths10_thr0.6,AmazonHelp,Account,2,17,1,0,0.6666666666666666,1.0,0.8,0.7934920476158722,0.9722222222222222
Gemini,triggers,validated_paths10_thr0.6,AmazonHelp,Alexa,2,18,0,0,1.0,1.0,1.0,1.0,1.0
Gemini,triggers,validated_paths10_thr0.6,AmazonHelp,Apologize,8,11,0,0,1.0,1.0,1.0,1.0,1.0
Gemini,triggers,validated_paths10_thr0.6,AmazonHelp,Bad Support,2,16,1,1,0.6666666666666666,0.6666666666666666,0.6666666666666666,0.6078431372549019,0.803921568627451
Gemini,triggers,validated_paths10_thr0.6,AmazonHelp,Delivery,6,12,1,1,0.8571428571428571,0.8571428571428571,0.8571428571428571,0.7802197802197802,0.8901098901098901
Gemini,triggers,validated_paths10_thr0.6,AmazonHelp,Echo,3,17,0,0,1.0,1.0,1.0,1.0,1.0
Gemini,triggers,validated_paths10_thr0.6,AmazonHelp,Investigate Issue,8,9,2,0,0.8,1.0,0.888888888888889,0.8090398349558905,0.9090909090909092
Gemini,triggers,validated_paths10_thr0.6,AmazonHelp,Kindle,0,20,0,0,0.0,0.0,0.0,0.0,0.5
Gemini,triggers,validated_paths10_thr0.6,AmazonHelp,Order Cancellation,1,19,0,0,1.0,1.0,1.0,1.0,1.0
Gemini,triggers,validated_paths10_thr0.6,AmazonHelp,Packaging,1,19,0,0,1.0,1.0,1.0,1.0,1.0
Gemini,triggers,validated_paths10_thr0.6,AmazonHelp,Prime,7,13,0,0,1.0,1.0,1.0,1.0,1.0
Gemini,triggers,validated_paths10_thr0.6,AmazonHelp,Provide URL,13,6,0,0,1.0,1.0,1.0,1.0,1.0
Gemini,triggers,validated_paths10_thr0.6,AmazonHelp,Provide delivery date,2,17,0,0,1.0,1.0,1.0,1.0,1.0
Gemini,triggers,validated_paths10_thr0.6,AmazonHelp,Refer to specialist team,2,17,0,0,1.0,1.0,1.0,1.0,1.0
Gemini,triggers,validated_paths10_thr0.6,AmazonHelp,Refund,0,20,0,0,0.0,0.0,0.0,0.0,0.5
Gemini,triggers,validated_paths10_thr0.6,AmazonHelp,Replacement,0,20,0,0,0.0,0.0,0.0,0.0,0.5
Gemini,triggers,validated_paths10_thr0.6,AmazonHelp,Request to call by phone,3,16,0,0,1.0,1.0,1.0,1.0,1.0
Gemini,triggers,validated_paths10_thr0.6,AmazonHelp,Request to not send personal details,1,18,0,0,1.0,1.0,1.0,1.0,1.0
Gemini,triggers,validated_paths10_thr0.6,AmazonHelp,Request to reach out by chat,2,17,0,0,1.0,1.0,1.0,1.0,1.0
Gemini,triggers,validated_paths10_thr0.6,AmazonHelp,Return,2,18,0,0,1.0,1.0,1.0,1.0,1.0
Gemini,triggers,validated_paths10_thr0.6,AppleSupport,Battery,6,24,1,0,0.8571428571428571,1.0,0.923076923076923,0.9071147352221454,0.98
Gemini,triggers,validated_paths10_thr0.6,AppleSupport,Investigate issue,15,7,4,1,0.7894736842105263,0.9375,0.8571428571428572,0.6175089349062046,0.7869318181818181
Gemini,triggers,validated_paths10_thr0.6,AppleSupport,Mac,3,27,1,0,0.75,1.0,0.8571428571428571,0.8504200642707612,0.9821428571428572
Gemini,triggers,validated_paths10_thr0.6,AppleSupport,Provide URL,16,11,0,0,1.0,1.0,1.0,1.0,1.0
Gemini,triggers,validated_paths10_thr0.6,AppleSupport,Provide device model,6,21,4,0,0.6,1.0,0.7499999999999999,0.7099295739719539,0.9199999999999999
Gemini,triggers,validated_paths10_thr0.6,AppleSupport,Provide system version,10,17,4,0,0.7142857142857143,1.0,0.8333333333333333,0.7604152106033959,0.9047619047619048
Gemini,triggers,validated_paths10_thr0.6,AppleSupport,Recommend backing up,0,27,0,0,0.0,0.0,0.0,0.0,0.5
Gemini,triggers,validated_paths10_thr0.6,AppleSupport,Recommend updating,0,27,0,0,0.0,0.0,0.0,0.0,0.5
Gemini,triggers,validated_paths10_thr0.6,AppleSupport,Refer to specialist team,0,27,0,0,0.0,0.0,0.0,0.0,0.5
Gemini,triggers,validated_paths10_thr0.6,AppleSupport,Refund,2,29,0,0,1.0,1.0,1.0,1.0,1.0
Gemini,triggers,validated_paths10_thr0.6,AppleSupport,Request DM,12,14,1,0,0.9230769230769231,1.0,0.9600000000000001,0.9281909617845143,0.9666666666666667
Gemini,triggers,validated_paths10_thr0.6,AppleSupport,Request country,0,27,0,0,0.0,0.0,0.0,0.0,0.5
Gemini,triggers,validated_paths10_thr0.6,AppleSupport,Request device model,3,24,0,0,1.0,1.0,1.0,1.0,1.0
Gemini,triggers,validated_paths10_thr0.6,AppleSupport,Request device restart,1,26,0,0,1.0,1.0,1.0,1.0,1.0
Gemini,triggers,validated_paths10_thr0.6,AppleSupport,Request iOS version,8,19,0,0,1.0,1.0,1.0,1.0,1.0
Gemini,triggers,validated_paths10_thr0.6,AppleSupport,Restart device,3,27,1,0,0.75,1.0,0.8571428571428571,0.8504200642707612,0.9821428571428572
Gemini,triggers,validated_paths10_thr0.6,AppleSupport,Software/App,4,21,0,6,1.0,0.4,0.5714285714285715,0.5577733510227171,0.7
Gemini,triggers,validated_paths10_thr0.6,AppleSupport,TV,0,31,0,0,0.0,0.0,0.0,0.0,0.5
Gemini,triggers,validated_paths10_thr0.6,AppleSupport,Unresponsive/Freezing Device,5,24,2,0,0.7142857142857143,1.0,0.8333333333333333,0.8119979429411501,0.9615384615384616
Gemini,triggers,validated_paths10_thr0.6,AppleSupport,Update,14,17,0,0,1.0,1.0,1.0,1.0,1.0
Gemini,triggers,validated_paths10_thr0.6,AppleSupport,iPad,0,31,0,0,0.0,0.0,0.0,0.0,0.5
Gemini,triggers,validated_paths10_thr0.6,AppleSupport,iPhone,5,20,1,5,0.8333333333333334,0.5,0.625,0.5352643613280605,0.7261904761904762
Gemini,triggers,validated_paths10_thr0.6,SpotifyCares,Account,5,29,0,1,1.0,0.8333333333333334,0.9090909090909091,0.8975274678557507,0.9166666666666667
Gemini,triggers,validated_paths10_thr0.6,SpotifyCares,Advertisement,2,33,0,0,1.0,1.0,1.0,1.0,1.0
Gemini,triggers,validated_paths10_thr0.6,SpotifyCares,App,5,24,2,4,0.7142857142857143,0.5555555555555556,0.6250000000000001,0.5229763603684908,0.7393162393162394
Gemini,triggers,validated_paths10_thr0.6,SpotifyCares,Billing/Payment,7,28,0,0,1.0,1.0,1.0,1.0,1.0
Gemini,triggers,validated_paths10_thr0.6,SpotifyCares,Family Subscription,1,34,0,0,1.0,1.0,1.0,1.0,1.0
Gemini,triggers,validated_paths10_thr0.6,SpotifyCares,Hulu,1,34,0,0,1.0,1.0,1.0,1.0,1.0
Gemini,triggers,validated_paths10_thr0.6,SpotifyCares,Login,4,29,2,0,0.6666666666666666,1.0,0.8,0.7897188828807974,0.967741935483871
Gemini,triggers,validated_paths10_thr0.6,SpotifyCares,Logout,2,31,2,0,0.5,1.0,0.6666666666666666,0.6853444168423419,0.9696969696969697
Gemini,triggers,validated_paths10_thr0.6,SpotifyCares,Offer further help,4,23,1,0,0.8,1.0,0.888888888888889,0.8755950357709131,0.9791666666666667
Gemini,triggers,validated_paths10_thr0.6,SpotifyCares,Playlist,2,33,0,0,1.0,1.0,1.0,1.0,1.0
Gemini,triggers,validated_paths10_thr0.6,SpotifyCares,Premium,2,33,0,0,1.0,1.0,1.0,1.0,1.0
Gemini,triggers,validated_paths10_thr0.6,SpotifyCares,Provide OS version,2,33,0,0,1.0,1.0,1.0,1.0,1.0
Gemini,triggers,validated_paths10_thr0.6,SpotifyCares,Provide URL,13,15,0,0,1.0,1.0,1.0,1.0,1.0
Gemini,triggers,validated_paths10_thr0.6,SpotifyCares,Provide device model,4,29,2,0,0.6666666666666666,1.0,0.8,0.7897188828807974,0.967741935483871
Gemini,triggers,validated_paths10_thr0.6,SpotifyCares,Provide email address,0,35,0,0,0.0,0.0,0.0,0.0,0.5
Gemini,triggers,validated_paths10_thr0.6,SpotifyCares,Provide error message,3,30,0,2,1.0,0.6,0.7499999999999999,0.75,0.8
Gemini,triggers,validated_paths10_thr0.6,SpotifyCares,Provide spotify version,2,33,0,0,1.0,1.0,1.0,1.0,1.0
Gemini,triggers,validated_paths10_thr0.6,SpotifyCares,Provide username,0,35,0,0,0.0,0.0,0.0,0.0,0.5
Gemini,triggers,validated_paths10_thr0.6,SpotifyCares,Refer to specialist team,0,28,0,0,0.0,0.0,0.0,0.0,0.5
Gemini,triggers,validated_paths10_thr0.6,SpotifyCares,Reinstall the app,1,34,0,0,1.0,1.0,1.0,1.0,1.0
Gemini,triggers,validated_paths10_thr0.6,SpotifyCares,Request DM,7,21,0,0,1.0,1.0,1.0,1.0,1.0
Gemini,triggers,validated_paths10_thr0.6,SpotifyCares,Request OS version,3,25,0,0,1.0,1.0,1.0,1.0,1.0
Gemini,triggers,validated_paths10_thr0.6,SpotifyCares,Request Spotify version,4,24,0,0,1.0,1.0,1.0,1.0,1.0
Gemini,triggers,validated_paths10_thr0.6,SpotifyCares,Request device restart,3,25,0,0,1.0,1.0,1.0,1.0,1.0
Gemini,triggers,validated_paths10_thr0.6,SpotifyCares,Request device version,4,24,0,0,1.0,1.0,1.0,1.0,1.0
Gemini,triggers,validated_paths10_thr0.6,SpotifyCares,Request email address,6,22,0,0,1.0,1.0,1.0,1.0,1.0
Gemini,triggers,validated_paths10_thr0.6,SpotifyCares,Request error message,3,25,0,0,1.0,1.0,1.0,1.0,1.0
Gemini,triggers,validated_paths10_thr0.6,SpotifyCares,Request exact issue description,1,27,0,0,1.0,1.0,1.0,1.0,1.0
Gemini,triggers,validated_paths10_thr0.6,SpotifyCares,Request login,3,25,0,0,1.0,1.0,1.0,1.0,1.0
Gemini,triggers,validated_paths10_thr0.6,SpotifyCares,Request logout,3,25,0,0,1.0,1.0,1.0,1.0,1.0
Gemini,triggers,validated_paths10_thr0.6,SpotifyCares,Request reinstall the app,2,26,0,0,1.0,1.0,1.0,1.0,1.0
Gemini,triggers,validated_paths10_thr0.6,SpotifyCares,Request username,5,23,0,0,1.0,1.0,1.0,1.0,1.0
Gemini,triggers,validated_paths10_thr0.6,SpotifyCares,Restart device,2,32,1,0,0.6666666666666666,1.0,0.8,0.8040302522073697,0.9848484848484849
Gemini,triggers,validated_paths10_thr0.6,SpotifyCares,Song/Artist,4,29,1,1,0.8,0.8,0.8000000000000002,0.7666666666666667,0.8833333333333333
Gemini,triggers,validated_paths10_thr0.6,SpotifyCares,Student Subscription,2,33,0,0,1.0,1.0,1.0,1.0,1.0
Gemini,triggers,validated_paths10_thr0.7,AmazonHelp,Account,2,17,1,0,0.6666666666666666,1.0,0.8,0.7934920476158722,0.9722222222222222
Gemini,triggers,validated_paths10_thr0.7,AmazonHelp,Alexa,2,18,0,0,1.0,1.0,1.0,1.0,1.0
Gemini,triggers,validated_paths10_thr0.7,AmazonHelp,Apologize,8,11,0,0,1.0,1.0,1.0,1.0,1.0
Gemini,triggers,validated_paths10_thr0.7,AmazonHelp,Bad Support,2,16,1,1,0.6666666666666666,0.6666666666666666,0.6666666666666666,0.6078431372549019,0.803921568627451
Gemini,triggers,validated_paths10_thr0.7,AmazonHelp,Delivery,6,12,1,1,0.8571428571428571,0.8571428571428571,0.8571428571428571,0.7802197802197802,0.8901098901098901
Gemini,triggers,validated_paths10_thr0.7,AmazonHelp,Echo,3,17,0,0,1.0,1.0,1.0,1.0,1.0
Gemini,triggers,validated_paths10_thr0.7,AmazonHelp,Investigate Issue,8,9,2,0,0.8,1.0,0.888888888888889,0.8090398349558905,0.9090909090909092
Gemini,triggers,validated_paths10_thr0.7,AmazonHelp,Kindle,0,20,0,0,0.0,0.0,0.0,0.0,0.5
Gemini,triggers,validated_paths10_thr0.7,AmazonHelp,Order Cancellation,1,19,0,0,1.0,1.0,1.0,1.0,1.0
Gemini,triggers,validated_paths10_thr0.7,AmazonHelp,Packaging,1,19,0,0,1.0,1.0,1.0,1.0,1.0
Gemini,triggers,validated_paths10_thr0.7,AmazonHelp,Prime,7,13,0,0,1.0,1.0,1.0,1.0,1.0
Gemini,triggers,validated_paths10_thr0.7,AmazonHelp,Provide URL,13,6,0,0,1.0,1.0,1.0,1.0,1.0
Gemini,triggers,validated_paths10_thr0.7,AmazonHelp,Provide delivery date,2,17,0,0,1.0,1.0,1.0,1.0,1.0
Gemini,triggers,validated_paths10_thr0.7,AmazonHelp,Refer to specialist team,2,17,0,0,1.0,1.0,1.0,1.0,1.0
Gemini,triggers,validated_paths10_thr0.7,AmazonHelp,Refund,0,20,0,0,0.0,0.0,0.0,0.0,0.5
Gemini,triggers,validated_paths10_thr0.7,AmazonHelp,Replacement,0,20,0,0,0.0,0.0,0.0,0.0,0.5
Gemini,triggers,validated_paths10_thr0.7,AmazonHelp,Request to call by phone,3,16,0,0,1.0,1.0,1.0,1.0,1.0
Gemini,triggers,validated_paths10_thr0.7,AmazonHelp,Request to not send personal details,1,18,0,0,1.0,1.0,1.0,1.0,1.0
Gemini,triggers,validated_paths10_thr0.7,AmazonHelp,Request to reach out by chat,2,17,0,0,1.0,1.0,1.0,1.0,1.0
Gemini,triggers,validated_paths10_thr0.7,AmazonHelp,Return,2,18,0,0,1.0,1.0,1.0,1.0,1.0
Gemini,triggers,validated_paths10_thr0.7,AppleSupport,Battery,6,24,1,0,0.8571428571428571,1.0,0.923076923076923,0.9071147352221454,0.98
Gemini,triggers,validated_paths10_thr0.7,AppleSupport,Investigate issue,15,7,4,1,0.7894736842105263,0.9375,0.8571428571428572,0.6175089349062046,0.7869318181818181
Gemini,triggers,validated_paths10_thr0.7,AppleSupport,Mac,3,27,1,0,0.75,1.0,0.8571428571428571,0.8504200642707612,0.9821428571428572
Gemini,triggers,validated_paths10_thr0.7,AppleSupport,Provide URL,16,11,0,0,1.0,1.0,1.0,1.0,1.0
Gemini,triggers,validated_paths10_thr0.7,AppleSupport,Provide device model,6,21,4,0,0.6,1.0,0.7499999999999999,0.7099295739719539,0.9199999999999999
Gemini,triggers,validated_paths10_thr0.7,AppleSupport,Provide system version,10,17,4,0,0.7142857142857143,1.0,0.8333333333333333,0.7604152106033959,0.9047619047619048
Gemini,triggers,validated_paths10_thr0.7,AppleSupport,Recommend backing up,0,27,0,0,0.0,0.0,0.0,0.0,0.5
Gemini,triggers,validated_paths10_thr0.7,AppleSupport,Recommend updating,0,27,0,0,0.0,0.0,0.0,0.0,0.5
Gemini,triggers,validated_paths10_thr0.7,AppleSupport,Refer to specialist team,0,27,0,0,0.0,0.0,0.0,0.0,0.5
Gemini,triggers,validated_paths10_thr0.7,AppleSupport,Refund,2,29,0,0,1.0,1.0,1.0,1.0,1.0
Gemini,triggers,validated_paths10_thr0.7,AppleSupport,Request DM,12,14,1,0,0.9230769230769231,1.0,0.9600000000000001,0.9281909617845143,0.9666666666666667
Gemini,triggers,validated_paths10_thr0.7,AppleSupport,Request country,0,27,0,0,0.0,0.0,0.0,0.0,0.5
Gemini,triggers,validated_paths10_thr0.7,AppleSupport,Request device model,3,24,0,0,1.0,1.0,1.0,1.0,1.0
Gemini,triggers,validated_paths10_thr0.7,AppleSupport,Request device restart,1,26,0,0,1.0,1.0,1.0,1.0,1.0
Gemini,triggers,validated_paths10_thr0.7,AppleSupport,Request iOS version,8,19,0,0,1.0,1.0,1.0,1.0,1.0
Gemini,triggers,validated_paths10_thr0.7,AppleSupport,Restart device,3,27,1,0,0.75,1.0,0.8571428571428571,0.8504200642707612,0.9821428571428572
Gemini,triggers,validated_paths10_thr0.7,AppleSupport,Software/App,4,21,0,6,1.0,0.4,0.5714285714285715,0.5577733510227171,0.7
Gemini,triggers,validated_paths10_thr0.7,AppleSupport,TV,0,31,0,0,0.0,0.0,0.0,0.0,0.5
Gemini,triggers,validated_paths10_thr0.7,AppleSupport,Unresponsive/Freezing Device,5,24,2,0,0.7142857142857143,1.0,0.8333333333333333,0.8119979429411501,0.9615384615384616
Gemini,triggers,validated_paths10_thr0.7,AppleSupport,Update,14,17,0,0,1.0,1.0,1.0,1.0,1.0
Gemini,triggers,validated_paths10_thr0.7,AppleSupport,iPad,0,31,0,0,0.0,0.0,0.0,0.0,0.5
Gemini,triggers,validated_paths10_thr0.7,AppleSupport,iPhone,5,20,1,5,0.8333333333333334,0.5,0.625,0.5352643613280605,0.7261904761904762
Gemini,triggers,validated_paths10_thr0.7,SpotifyCares,Account,5,29,0,1,1.0,0.8333333333333334,0.9090909090909091,0.8975274678557507,0.9166666666666667
Gemini,triggers,validated_paths10_thr0.7,SpotifyCares,Advertisement,2,33,0,0,1.0,1.0,1.0,1.0,1.0
Gemini,triggers,validated_paths10_thr0.7,SpotifyCares,App,5,24,2,4,0.7142857142857143,0.5555555555555556,0.6250000000000001,0.5229763603684908,0.7393162393162394
Gemini,triggers,validated_paths10_thr0.7,SpotifyCares,Billing/Payment,7,28,0,0,1.0,1.0,1.0,1.0,1.0
Gemini,triggers,validated_paths10_thr0.7,SpotifyCares,Family Subscription,1,34,0,0,1.0,1.0,1.0,1.0,1.0
Gemini,triggers,validated_paths10_thr0.7,SpotifyCares,Hulu,1,34,0,0,1.0,1.0,1.0,1.0,1.0
Gemini,triggers,validated_paths10_thr0.7,SpotifyCares,Login,4,29,2,0,0.6666666666666666,1.0,0.8,0.7897188828807974,0.967741935483871
Gemini,triggers,validated_paths10_thr0.7,SpotifyCares,Logout,2,31,2,0,0.5,1.0,0.6666666666666666,0.6853444168423419,0.9696969696969697
Gemini,triggers,validated_paths10_thr0.7,SpotifyCares,Offer further help,4,23,1,0,0.8,1.0,0.888888888888889,0.8755950357709131,0.9791666666666667
Gemini,triggers,validated_paths10_thr0.7,SpotifyCares,Playlist,2,33,0,0,1.0,1.0,1.0,1.0,1.0
Gemini,triggers,validated_paths10_thr0.7,SpotifyCares,Premium,2,33,0,0,1.0,1.0,1.0,1.0,1.0
Gemini,triggers,validated_paths10_thr0.7,SpotifyCares,Provide OS version,2,33,0,0,1.0,1.0,1.0,1.0,1.0
Gemini,triggers,validated_paths10_thr0.7,SpotifyCares,Provide URL,13,15,0,0,1.0,1.0,1.0,1.0,1.0
Gemini,triggers,validated_paths10_thr0.7,SpotifyCares,Provide device model,4,29,2,0,0.6666666666666666,1.0,0.8,0.7897188828807974,0.967741935483871
Gemini,triggers,validated_paths10_thr0.7,SpotifyCares,Provide email address,0,35,0,0,0.0,0.0,0.0,0.0,0.5
Gemini,triggers,validated_paths10_thr0.7,SpotifyCares,Provide error message,3,30,0,2,1.0,0.6,0.7499999999999999,0.75,0.8
Gemini,triggers,validated_paths10_thr0.7,SpotifyCares,Provide spotify version,2,33,0,0,1.0,1.0,1.0,1.0,1.0
Gemini,triggers,validated_paths10_thr0.7,SpotifyCares,Provide username,0,35,0,0,0.0,0.0,0.0,0.0,0.5
Gemini,triggers,validated_paths10_thr0.7,SpotifyCares,Refer to specialist team,0,28,0,0,0.0,0.0,0.0,0.0,0.5
Gemini,triggers,validated_paths10_thr0.7,SpotifyCares,Reinstall the app,1,34,0,0,1.0,1.0,1.0,1.0,1.0
Gemini,triggers,validated_paths10_thr0.7,SpotifyCares,Request DM,7,21,0,0,1.0,1.0,1.0,1.0,1.0
Gemini,triggers,validated_paths10_thr0.7,SpotifyCares,Request OS version,3,25,0,0,1.0,1.0,1.0,1.0,1.0
Gemini,triggers,validated_paths10_thr0.7,SpotifyCares,Request Spotify version,4,24,0,0,1.0,1.0,1.0,1.0,1.0
Gemini,triggers,validated_paths10_thr0.7,SpotifyCares,Request device restart,3,25,0,0,1.0,1.0,1.0,1.0,1.0
Gemini,triggers,validated_paths10_thr0.7,SpotifyCares,Request device version,4,24,0,0,1.0,1.0,1.0,1.0,1.0
Gemini,triggers,validated_paths10_thr0.7,SpotifyCares,Request email address,6,22,0,0,1.0,1.0,1.0,1.0,1.0
Gemini,triggers,validated_paths10_thr0.7,SpotifyCares,Request error message,3,25,0,0,1.0,1.0,1.0,1.0,1.0
Gemini,triggers,validated_paths10_thr0.7,SpotifyCares,Request exact issue description,1,27,0,0,1.0,1.0,1.0,1.0,1.0
Gemini,triggers,validated_paths10_thr0.7,SpotifyCares,Request login,3,25,0,0,1.0,1.0,1.0,1.0,1.0
Gemini,triggers,validated_paths10_thr0.7,SpotifyCares,Request logout,3,25,0,0,1.0,1.0,1.0,1.0,1.0
Gemini,triggers,validated_paths10_thr0.7,SpotifyCares,Request reinstall the app,2,26,0,0,1.0,1.0,1.0,1.0,1.0
Gemini,triggers,validated_paths10_thr0.7,SpotifyCares,Request username,5,23,0,0,1.0,1.0,1.0,1.0,1.0
Gemini,triggers,validated_paths10_thr0.7,SpotifyCares,Restart device,2,32,1,0,0.6666666666666666,1.0,0.8,0.8040302522073697,0.9848484848484849
Gemini,triggers,validated_paths10_thr0.7,SpotifyCares,Song/Artist,4,29,1,1,0.8,0.8,0.8000000000000002,0.7666666666666667,0.8833333333333333
Gemini,triggers,validated_paths10_thr0.7,SpotifyCares,Student Subscription,2,33,0,0,1.0,1.0,1.0,1.0,1.0
Gemini,triggers,validated_paths10_thr0.8,AmazonHelp,Account,2,17,1,0,0.6666666666666666,1.0,0.8,0.7934920476158722,0.9722222222222222
Gemini,triggers,validated_paths10_thr0.8,AmazonHelp,Alexa,2,18,0,0,1.0,1.0,1.0,1.0,1.0
Gemini,triggers,validated_paths10_thr0.8,AmazonHelp,Apologize,8,11,0,0,1.0,1.0,1.0,1.0,1.0
Gemini,triggers,validated_paths10_thr0.8,AmazonHelp,Bad Support,2,16,1,1,0.6666666666666666,0.6666666666666666,0.6666666666666666,0.6078431372549019,0.803921568627451
Gemini,triggers,validated_paths10_thr0.8,AmazonHelp,Delivery,6,12,1,1,0.8571428571428571,0.8571428571428571,0.8571428571428571,0.7802197802197802,0.8901098901098901
Gemini,triggers,validated_paths10_thr0.8,AmazonHelp,Echo,3,17,0,0,1.0,1.0,1.0,1.0,1.0
Gemini,triggers,validated_paths10_thr0.8,AmazonHelp,Investigate Issue,8,9,2,0,0.8,1.0,0.888888888888889,0.8090398349558905,0.9090909090909092
Gemini,triggers,validated_paths10_thr0.8,AmazonHelp,Kindle,0,20,0,0,0.0,0.0,0.0,0.0,0.5
Gemini,triggers,validated_paths10_thr0.8,AmazonHelp,Order Cancellation,1,19,0,0,1.0,1.0,1.0,1.0,1.0
Gemini,triggers,validated_paths10_thr0.8,AmazonHelp,Packaging,1,19,0,0,1.0,1.0,1.0,1.0,1.0
Gemini,triggers,validated_paths10_thr0.8,AmazonHelp,Prime,7,13,0,0,1.0,1.0,1.0,1.0,1.0
Gemini,triggers,validated_paths10_thr0.8,AmazonHelp,Provide URL,13,6,0,0,1.0,1.0,1.0,1.0,1.0
Gemini,triggers,validated_paths10_thr0.8,AmazonHelp,Provide delivery date,2,17,0,0,1.0,1.0,1.0,1.0,1.0
Gemini,triggers,validated_paths10_thr0.8,AmazonHelp,Refer to specialist team,2,17,0,0,1.0,1.0,1.0,1.0,1.0
Gemini,triggers,validated_paths10_thr0.8,AmazonHelp,Refund,0,20,0,0,0.0,0.0,0.0,0.0,0.5
Gemini,triggers,validated_paths10_thr0.8,AmazonHelp,Replacement,0,20,0,0,0.0,0.0,0.0,0.0,0.5
Gemini,triggers,validated_paths10_thr0.8,AmazonHelp,Request to call by phone,3,16,0,0,1.0,1.0,1.0,1.0,1.0
Gemini,triggers,validated_paths10_thr0.8,AmazonHelp,Request to not send personal details,1,18,0,0,1.0,1.0,1.0,1.0,1.0
Gemini,triggers,validated_paths10_thr0.8,AmazonHelp,Request to reach out by chat,2,17,0,0,1.0,1.0,1.0,1.0,1.0
Gemini,triggers,validated_paths10_thr0.8,AmazonHelp,Return,2,18,0,0,1.0,1.0,1.0,1.0,1.0
Gemini,triggers,validated_paths10_thr0.8,AppleSupport,Battery,6,24,1,0,0.8571428571428571,1.0,0.923076923076923,0.9071147352221454,0.98
Gemini,triggers,validated_paths10_thr0.8,AppleSupport,Investigate issue,15,7,4,1,0.7894736842105263,0.9375,0.8571428571428572,0.6175089349062046,0.7869318181818181
Gemini,triggers,validated_paths10_thr0.8,AppleSupport,Mac,3,27,1,0,0.75,1.0,0.8571428571428571,0.8504200642707612,0.9821428571428572
Gemini,triggers,validated_paths10_thr0.8,AppleSupport,Provide URL,16,11,0,0,1.0,1.0,1.0,1.0,1.0
Gemini,triggers,validated_paths10_thr0.8,AppleSupport,Provide device model,6,21,4,0,0.6,1.0,0.7499999999999999,0.7099295739719539,0.9199999999999999
Gemini,triggers,validated_paths10_thr0.8,AppleSupport,Provide system version,10,17,4,0,0.7142857142857143,1.0,0.8333333333333333,0.7604152106033959,0.9047619047619048
Gemini,triggers,validated_paths10_thr0.8,AppleSupport,Recommend backing up,0,27,0,0,0.0,0.0,0.0,0.0,0.5
Gemini,triggers,validated_paths10_thr0.8,AppleSupport,Recommend updating,0,27,0,0,0.0,0.0,0.0,0.0,0.5
Gemini,triggers,validated_paths10_thr0.8,AppleSupport,Refer to specialist team,0,27,0,0,0.0,0.0,0.0,0.0,0.5
Gemini,triggers,validated_paths10_thr0.8,AppleSupport,Refund,2,29,0,0,1.0,1.0,1.0,1.0,1.0
Gemini,triggers,validated_paths10_thr0.8,AppleSupport,Request DM,12,14,1,0,0.9230769230769231,1.0,0.9600000000000001,0.9281909617845143,0.9666666666666667
Gemini,triggers,validated_paths10_thr0.8,AppleSupport,Request country,0,27,0,0,0.0,0.0,0.0,0.0,0.5
Gemini,triggers,validated_paths10_thr0.8,AppleSupport,Request device model,3,24,0,0,1.0,1.0,1.0,1.0,1.0
Gemini,triggers,validated_paths10_thr0.8,AppleSupport,Request device restart,1,26,0,0,1.0,1.0,1.0,1.0,1.0
Gemini,triggers,validated_paths10_thr0.8,AppleSupport,Request iOS version,8,19,0,0,1.0,1.0,1.0,1.0,1.0
Gemini,triggers,validated_paths10_thr0.8,AppleSupport,Restart device,3,27,1,0,0.75,1.0,0.8571428571428571,0.8504200642707612,0.9821428571428572
Gemini,triggers,validated_paths10_thr0.8,AppleSupport,Software/App,4,21,0,6,1.0,0.4,0.5714285714285715,0.5577733510227171,0.7
Gemini,triggers,validated_paths10_thr0.8,AppleSupport,TV,0,31,0,0,0.0,0.0,0.0,0.0,0.5
Gemini,triggers,validated_paths10_thr0.8,AppleSupport,Unresponsive/Freezing Device,5,24,2,0,0.7142857142857143,1.0,0.8333333333333333,0.8119979429411501,0.9615384615384616
Gemini,triggers,validated_paths10_thr0.8,AppleSupport,Update,14,17,0,0,1.0,1.0,1.0,1.0,1.0
Gemini,triggers,validated_paths10_thr0.8,AppleSupport,iPad,0,31,0,0,0.0,0.0,0.0,0.0,0.5
Gemini,triggers,validated_paths10_thr0.8,AppleSupport,iPhone,5,20,1,5,0.8333333333333334,0.5,0.625,0.5352643613280605,0.7261904761904762
Gemini,triggers,validated_paths10_thr0.8,SpotifyCares,Account,5,29,0,1,1.0,0.8333333333333334,0.9090909090909091,0.8975274678557507,0.9166666666666667
Gemini,triggers,validated_paths10_thr0.8,SpotifyCares,Advertisement,2,33,0,0,1.0,1.0,1.0,1.0,1.0
Gemini,triggers,validated_paths10_thr0.8,SpotifyCares,App,5,24,2,4,0.7142857142857143,0.5555555555555556,0.6250000000000001,0.5229763603684908,0.7393162393162394
Gemini,triggers,validated_paths10_thr0.8,SpotifyCares,Billing/Payment,7,28,0,0,1.0,1.0,1.0,1.0,1.0
Gemini,triggers,validated_paths10_thr0.8,SpotifyCares,Family Subscription,1,34,0,0,1.0,1.0,1.0,1.0,1.0
Gemini,triggers,validated_paths10_thr0.8,SpotifyCares,Hulu,1,34,0,0,1.0,1.0,1.0,1.0,1.0
Gemini,triggers,validated_paths10_thr0.8,SpotifyCares,Login,4,29,2,0,0.6666666666666666,1.0,0.8,0.7897188828807974,0.967741935483871
Gemini,triggers,validated_paths10_thr0.8,SpotifyCares,Logout,2,31,2,0,0.5,1.0,0.6666666666666666,0.6853444168423419,0.9696969696969697
Gemini,triggers,validated_paths10_thr0.8,SpotifyCares,Offer further help,4,23,1,0,0.8,1.0,0.888888888888889,0.8755950357709131,0.9791666666666667
Gemini,triggers,validated_paths10_thr0.8,SpotifyCares,Playlist,2,33,0,0,1.0,1.0,1.0,1.0,1.0
Gemini,triggers,validated_paths10_thr0.8,SpotifyCares,Premium,2,33,0,0,1.0,1.0,1.0,1.0,1.0
Gemini,triggers,validated_paths10_thr0.8,SpotifyCares,Provide OS version,2,33,0,0,1.0,1.0,1.0,1.0,1.0
Gemini,triggers,validated_paths10_thr0.8,SpotifyCares,Provide URL,13,15,0,0,1.0,1.0,1.0,1.0,1.0
Gemini,triggers,validated_paths10_thr0.8,SpotifyCares,Provide device model,4,29,2,0,0.6666666666666666,1.0,0.8,0.7897188828807974,0.967741935483871
Gemini,triggers,validated_paths10_thr0.8,SpotifyCares,Provide email address,0,35,0,0,0.0,0.0,0.0,0.0,0.5
Gemini,triggers,validated_paths10_thr0.8,SpotifyCares,Provide error message,3,30,0,2,1.0,0.6,0.7499999999999999,0.75,0.8
Gemini,triggers,validated_paths10_thr0.8,SpotifyCares,Provide spotify version,2,33,0,0,1.0,1.0,1.0,1.0,1.0
Gemini,triggers,validated_paths10_thr0.8,SpotifyCares,Provide username,0,35,0,0,0.0,0.0,0.0,0.0,0.5
Gemini,triggers,validated_paths10_thr0.8,SpotifyCares,Refer to specialist team,0,28,0,0,0.0,0.0,0.0,0.0,0.5
Gemini,triggers,validated_paths10_thr0.8,SpotifyCares,Reinstall the app,1,34,0,0,1.0,1.0,1.0,1.0,1.0
Gemini,triggers,validated_paths10_thr0.8,SpotifyCares,Request DM,7,21,0,0,1.0,1.0,1.0,1.0,1.0
Gemini,triggers,validated_paths10_thr0.8,SpotifyCares,Request OS version,3,25,0,0,1.0,1.0,1.0,1.0,1.0
Gemini,triggers,validated_paths10_thr0.8,SpotifyCares,Request Spotify version,4,24,0,0,1.0,1.0,1.0,1.0,1.0
Gemini,triggers,validated_paths10_thr0.8,SpotifyCares,Request device restart,3,25,0,0,1.0,1.0,1.0,1.0,1.0
Gemini,triggers,validated_paths10_thr0.8,SpotifyCares,Request device version,4,24,0,0,1.0,1.0,1.0,1.0,1.0
Gemini,triggers,validated_paths10_thr0.8,SpotifyCares,Request email address,6,22,0,0,1.0,1.0,1.0,1.0,1.0
Gemini,triggers,validated_paths10_thr0.8,SpotifyCares,Request error message,3,25,0,0,1.0,1.0,1.0,1.0,1.0
Gemini,triggers,validated_paths10_thr0.8,SpotifyCares,Request exact issue description,1,27,0,0,1.0,1.0,1.0,1.0,1.0
Gemini,triggers,validated_paths10_thr0.8,SpotifyCares,Request login,3,25,0,0,1.0,1.0,1.0,1.0,1.0
Gemini,triggers,validated_paths10_thr0.8,SpotifyCares,Request logout,3,25,0,0,1.0,1.0,1.0,1.0,1.0
Gemini,triggers,validated_paths10_thr0.8,SpotifyCares,Request reinstall the app,2,26,0,0,1.0,1.0,1.0,1.0,1.0
Gemini,triggers,validated_paths10_thr0.8,SpotifyCares,Request username,5,23,0,0,1.0,1.0,1.0,1.0,1.0
Gemini,triggers,validated_paths10_thr0.8,SpotifyCares,Restart device,2,32,1,0,0.6666666666666666,1.0,0.8,0.8040302522073697,0.9848484848484849
Gemini,triggers,validated_paths10_thr0.8,SpotifyCares,Song/Artist,4,29,1,1,0.8,0.8,0.8000000000000002,0.7666666666666667,0.8833333333333333
Gemini,triggers,validated_paths10_thr0.8,SpotifyCares,Student Subscription,2,33,0,0,1.0,1.0,1.0,1.0,1.0
Gemini,triggers,validated_paths10_thr0.9,AmazonHelp,Account,2,17,1,0,0.6666666666666666,1.0,0.8,0.7934920476158722,0.9722222222222222
Gemini,triggers,validated_paths10_thr0.9,AmazonHelp,Alexa,2,18,0,0,1.0,1.0,1.0,1.0,1.0
Gemini,triggers,validated_paths10_thr0.9,AmazonHelp,Apologize,8,11,0,0,1.0,1.0,1.0,1.0,1.0
Gemini,triggers,validated_paths10_thr0.9,AmazonHelp,Bad Support,2,16,1,1,0.6666666666666666,0.6666666666666666,0.6666666666666666,0.6078431372549019,0.803921568627451
Gemini,triggers,validated_paths10_thr0.9,AmazonHelp,Delivery,6,12,1,1,0.8571428571428571,0.8571428571428571,0.8571428571428571,0.7802197802197802,0.8901098901098901
Gemini,triggers,validated_paths10_thr0.9,AmazonHelp,Echo,3,17,0,0,1.0,1.0,1.0,1.0,1.0
Gemini,triggers,validated_paths10_thr0.9,AmazonHelp,Investigate Issue,8,9,2,0,0.8,1.0,0.888888888888889,0.8090398349558905,0.9090909090909092
Gemini,triggers,validated_paths10_thr0.9,AmazonHelp,Kindle,0,20,0,0,0.0,0.0,0.0,0.0,0.5
Gemini,triggers,validated_paths10_thr0.9,AmazonHelp,Order Cancellation,1,19,0,0,1.0,1.0,1.0,1.0,1.0
Gemini,triggers,validated_paths10_thr0.9,AmazonHelp,Packaging,1,19,0,0,1.0,1.0,1.0,1.0,1.0
Gemini,triggers,validated_paths10_thr0.9,AmazonHelp,Prime,7,13,0,0,1.0,1.0,1.0,1.0,1.0
Gemini,triggers,validated_paths10_thr0.9,AmazonHelp,Provide URL,13,6,0,0,1.0,1.0,1.0,1.0,1.0
Gemini,triggers,validated_paths10_thr0.9,AmazonHelp,Provide delivery date,2,17,0,0,1.0,1.0,1.0,1.0,1.0
Gemini,triggers,validated_paths10_thr0.9,AmazonHelp,Refer to specialist team,2,17,0,0,1.0,1.0,1.0,1.0,1.0
Gemini,triggers,validated_paths10_thr0.9,AmazonHelp,Refund,0,20,0,0,0.0,0.0,0.0,0.0,0.5
Gemini,triggers,validated_paths10_thr0.9,AmazonHelp,Replacement,0,20,0,0,0.0,0.0,0.0,0.0,0.5
Gemini,triggers,validated_paths10_thr0.9,AmazonHelp,Request to call by phone,3,16,0,0,1.0,1.0,1.0,1.0,1.0
Gemini,triggers,validated_paths10_thr0.9,AmazonHelp,Request to not send personal details,1,18,0,0,1.0,1.0,1.0,1.0,1.0
Gemini,triggers,validated_paths10_thr0.9,AmazonHelp,Request to reach out by chat,2,17,0,0,1.0,1.0,1.0,1.0,1.0
Gemini,triggers,validated_paths10_thr0.9,AmazonHelp,Return,2,18,0,0,1.0,1.0,1.0,1.0,1.0
Gemini,triggers,validated_paths10_thr0.9,AppleSupport,Battery,6,24,1,0,0.8571428571428571,1.0,0.923076923076923,0.9071147352221454,0.98
Gemini,triggers,validated_paths10_thr0.9,AppleSupport,Investigate issue,15,8,3,1,0.8333333333333334,0.9375,0.8823529411764706,0.6929023281557338,0.8323863636363636
Gemini,triggers,validated_paths10_thr0.9,AppleSupport,Mac,3,27,1,0,0.75,1.0,0.8571428571428571,0.8504200642707612,0.9821428571428572
Gemini,triggers,validated_paths10_thr0.9,AppleSupport,Provide URL,16,11,0,0,1.0,1.0,1.0,1.0,1.0
Gemini,triggers,validated_paths10_thr0.9,AppleSupport,Provide device model,6,21,4,0,0.6,1.0,0.7499999999999999,0.7099295739719539,0.9199999999999999
Gemini,triggers,validated_paths10_thr0.9,AppleSupport,Provide system version,10,17,4,0,0.7142857142857143,1.0,0.8333333333333333,0.7604152106033959,0.9047619047619048
Gemini,triggers,validated_paths10_thr0.9,AppleSupport,Recommend backing up,0,27,0,0,0.0,0.0,0.0,0.0,0.5
Gemini,triggers,validated_paths10_thr0.9,AppleSupport,Recommend updating,0,27,0,0,0.0,0.0,0.0,0.0,0.5
Gemini,triggers,validated_paths10_thr0.9,AppleSupport,Refer to specialist team,0,27,0,0,0.0,0.0,0.0,0.0,0.5
Gemini,triggers,validated_paths10_thr0.9,AppleSupport,Refund,2,29,0,0,1.0,1.0,1.0,1.0,1.0
Gemini,triggers,validated_paths10_thr0.9,AppleSupport,Request DM,12,14,1,0,0.9230769230769231,1.0,0.9600000000000001,0.9281909617845143,0.9666666666666667
Gemini,triggers,validated_paths10_thr0.9,AppleSupport,Request country,0,27,0,0,0.0,0.0,0.0,0.0,0.5
Gemini,triggers,validated_paths10_thr0.9,AppleSupport,Request device model,3,24,0,0,1.0,1.0,1.0,1.0,1.0
Gemini,triggers,validated_paths10_thr0.9,AppleSupport,Request device restart,1,26,0,0,1.0,1.0,1.0,1.0,1.0
Gemini,triggers,validated_paths10_thr0.9,AppleSupport,Request iOS version,8,19,0,0,1.0,1.0,1.0,1.0,1.0
Gemini,triggers,validated_paths10_thr0.9,AppleSupport,Restart device,3,27,1,0,0.75,1.0,0.8571428571428571,0.8504200642707612,0.9821428571428572
Gemini,triggers,validated_paths10_thr0.9,AppleSupport,Software/App,4,21,0,6,1.0,0.4,0.5714285714285715,0.5577733510227171,0.7
Gemini,triggers,validated_paths10_thr0.9,AppleSupport,TV,0,31,0,0,0.0,0.0,0.0,0.0,0.5
Gemini,triggers,validated_paths10_thr0.9,AppleSupport,Unresponsive/Freezing Device,5,24,2,0,0.7142857142857143,1.0,0.8333333333333333,0.8119979429411501,0.9615384615384616
Gemini,triggers,validated_paths10_thr0.9,AppleSupport,Update,14,17,0,0,1.0,1.0,1.0,1.0,1.0
Gemini,triggers,validated_paths10_thr0.9,AppleSupport,iPad,0,31,0,0,0.0,0.0,0.0,0.0,0.5
Gemini,triggers,validated_paths10_thr0.9,AppleSupport,iPhone,5,20,1,5,0.8333333333333334,0.5,0.625,0.5352643613280605,0.7261904761904762
Gemini,triggers,validated_paths10_thr0.9,SpotifyCares,Account,5,29,0,1,1.0,0.8333333333333334,0.9090909090909091,0.8975274678557507,0.9166666666666667
Gemini,triggers,validated_paths10_thr0.9,SpotifyCares,Advertisement,2,33,0,0,1.0,1.0,1.0,1.0,1.0
Gemini,triggers,validated_paths10_thr0.9,SpotifyCares,App,5,24,2,4,0.7142857142857143,0.5555555555555556,0.6250000000000001,0.5229763603684908,0.7393162393162394
Gemini,triggers,validated_paths10_thr0.9,SpotifyCares,Billing/Payment,7,28,0,0,1.0,1.0,1.0,1.0,1.0
Gemini,triggers,validated_paths10_thr0.9,SpotifyCares,Family Subscription,1,34,0,0,1.0,1.0,1.0,1.0,1.0
Gemini,triggers,validated_paths10_thr0.9,SpotifyCares,Hulu,1,34,0,0,1.0,1.0,1.0,1.0,1.0
Gemini,triggers,validated_paths10_thr0.9,SpotifyCares,Login,4,29,2,0,0.6666666666666666,1.0,0.8,0.7897188828807974,0.967741935483871
Gemini,triggers,validated_paths10_thr0.9,SpotifyCares,Logout,2,31,2,0,0.5,1.0,0.6666666666666666,0.6853444168423419,0.9696969696969697
Gemini,triggers,validated_paths10_thr0.9,SpotifyCares,Offer further help,4,23,1,0,0.8,1.0,0.888888888888889,0.8755950357709131,0.9791666666666667
Gemini,triggers,validated_paths10_thr0.9,SpotifyCares,Playlist,2,33,0,0,1.0,1.0,1.0,1.0,1.0
Gemini,triggers,validated_paths10_thr0.9,SpotifyCares,Premium,2,33,0,0,1.0,1.0,1.0,1.0,1.0
Gemini,triggers,validated_paths10_thr0.9,SpotifyCares,Provide OS version,2,33,0,0,1.0,1.0,1.0,1.0,1.0
Gemini,triggers,validated_paths10_thr0.9,SpotifyCares,Provide URL,13,15,0,0,1.0,1.0,1.0,1.0,1.0
Gemini,triggers,validated_paths10_thr0.9,SpotifyCares,Provide device model,4,29,2,0,0.6666666666666666,1.0,0.8,0.7897188828807974,0.967741935483871
Gemini,triggers,validated_paths10_thr0.9,SpotifyCares,Provide email address,0,35,0,0,0.0,0.0,0.0,0.0,0.5
Gemini,triggers,validated_paths10_thr0.9,SpotifyCares,Provide error message,3,30,0,2,1.0,0.6,0.7499999999999999,0.75,0.8
Gemini,triggers,validated_paths10_thr0.9,SpotifyCares,Provide spotify version,2,33,0,0,1.0,1.0,1.0,1.0,1.0
Gemini,triggers,validated_paths10_thr0.9,SpotifyCares,Provide username,0,35,0,0,0.0,0.0,0.0,0.0,0.5
Gemini,triggers,validated_paths10_thr0.9,SpotifyCares,Refer to specialist team,0,28,0,0,0.0,0.0,0.0,0.0,0.5
Gemini,triggers,validated_paths10_thr0.9,SpotifyCares,Reinstall the app,1,34,0,0,1.0,1.0,1.0,1.0,1.0
Gemini,triggers,validated_paths10_thr0.9,SpotifyCares,Request DM,7,21,0,0,1.0,1.0,1.0,1.0,1.0
Gemini,triggers,validated_paths10_thr0.9,SpotifyCares,Request OS version,3,25,0,0,1.0,1.0,1.0,1.0,1.0
Gemini,triggers,validated_paths10_thr0.9,SpotifyCares,Request Spotify version,4,24,0,0,1.0,1.0,1.0,1.0,1.0
Gemini,triggers,validated_paths10_thr0.9,SpotifyCares,Request device restart,3,25,0,0,1.0,1.0,1.0,1.0,1.0
Gemini,triggers,validated_paths10_thr0.9,SpotifyCares,Request device version,4,24,0,0,1.0,1.0,1.0,1.0,1.0
Gemini,triggers,validated_paths10_thr0.9,SpotifyCares,Request email address,6,22,0,0,1.0,1.0,1.0,1.0,1.0
Gemini,triggers,validated_paths10_thr0.9,SpotifyCares,Request error message,3,25,0,0,1.0,1.0,1.0,1.0,1.0
Gemini,triggers,validated_paths10_thr0.9,SpotifyCares,Request exact issue description,1,27,0,0,1.0,1.0,1.0,1.0,1.0
Gemini,triggers,validated_paths10_thr0.9,SpotifyCares,Request login,3,25,0,0,1.0,1.0,1.0,1.0,1.0
Gemini,triggers,validated_paths10_thr0.9,SpotifyCares,Request logout,3,25,0,0,1.0,1.0,1.0,1.0,1.0
Gemini,triggers,validated_paths10_thr0.9,SpotifyCares,Request reinstall the app,2,26,0,0,1.0,1.0,1.0,1.0,1.0
Gemini,triggers,validated_paths10_thr0.9,SpotifyCares,Request username,5,23,0,0,1.0,1.0,1.0,1.0,1.0
Gemini,triggers,validated_paths10_thr0.9,SpotifyCares,Restart device,2,32,1,0,0.6666666666666666,1.0,0.8,0.8040302522073697,0.9848484848484849
Gemini,triggers,validated_paths10_thr0.9,SpotifyCares,Song/Artist,4,29,1,1,0.8,0.8,0.8000000000000002,0.7666666666666667,0.8833333333333333
Gemini,triggers,validated_paths10_thr0.9,SpotifyCares,Student Subscription,2,33,0,0,1.0,1.0,1.0,1.0,1.0
Gemini,triggers,validated_paths1_thr0.8,AmazonHelp,Account,2,17,1,0,0.6666666666666666,1.0,0.8,0.7934920476158722,0.9722222222222222
Gemini,triggers,validated_paths1_thr0.8,AmazonHelp,Alexa,2,18,0,0,1.0,1.0,1.0,1.0,1.0
Gemini,triggers,validated_paths1_thr0.8,AmazonHelp,Apologize,8,11,0,0,1.0,1.0,1.0,1.0,1.0
Gemini,triggers,validated_paths1_thr0.8,AmazonHelp,Bad Support,2,16,1,1,0.6666666666666666,0.6666666666666666,0.6666666666666666,0.6078431372549019,0.803921568627451
Gemini,triggers,validated_paths1_thr0.8,AmazonHelp,Delivery,6,12,1,1,0.8571428571428571,0.8571428571428571,0.8571428571428571,0.7802197802197802,0.8901098901098901
Gemini,triggers,validated_paths1_thr0.8,AmazonHelp,Echo,3,17,0,0,1.0,1.0,1.0,1.0,1.0
Gemini,triggers,validated_paths1_thr0.8,AmazonHelp,Investigate Issue,8,9,2,0,0.8,1.0,0.888888888888889,0.8090398349558905,0.9090909090909092
Gemini,triggers,validated_paths1_thr0.8,AmazonHelp,Kindle,0,20,0,0,0.0,0.0,0.0,0.0,0.5
Gemini,triggers,validated_paths1_thr0.8,AmazonHelp,Order Cancellation,1,19,0,0,1.0,1.0,1.0,1.0,1.0
Gemini,triggers,validated_paths1_thr0.8,AmazonHelp,Packaging,1,19,0,0,1.0,1.0,1.0,1.0,1.0
Gemini,triggers,validated_paths1_thr0.8,AmazonHelp,Prime,7,13,0,0,1.0,1.0,1.0,1.0,1.0
Gemini,triggers,validated_paths1_thr0.8,AmazonHelp,Provide URL,13,6,0,0,1.0,1.0,1.0,1.0,1.0
Gemini,triggers,validated_paths1_thr0.8,AmazonHelp,Provide delivery date,2,17,0,0,1.0,1.0,1.0,1.0,1.0
Gemini,triggers,validated_paths1_thr0.8,AmazonHelp,Refer to specialist team,2,17,0,0,1.0,1.0,1.0,1.0,1.0
Gemini,triggers,validated_paths1_thr0.8,AmazonHelp,Refund,0,20,0,0,0.0,0.0,0.0,0.0,0.5
Gemini,triggers,validated_paths1_thr0.8,AmazonHelp,Replacement,0,20,0,0,0.0,0.0,0.0,0.0,0.5
Gemini,triggers,validated_paths1_thr0.8,AmazonHelp,Request to call by phone,3,16,0,0,1.0,1.0,1.0,1.0,1.0
Gemini,triggers,validated_paths1_thr0.8,AmazonHelp,Request to not send personal details,1,18,0,0,1.0,1.0,1.0,1.0,1.0
Gemini,triggers,validated_paths1_thr0.8,AmazonHelp,Request to reach out by chat,2,17,0,0,1.0,1.0,1.0,1.0,1.0
Gemini,triggers,validated_paths1_thr0.8,AmazonHelp,Return,2,18,0,0,1.0,1.0,1.0,1.0,1.0
Gemini,triggers,validated_paths1_thr0.8,AppleSupport,Battery,6,24,1,0,0.8571428571428571,1.0,0.923076923076923,0.9071147352221454,0.98
Gemini,triggers,validated_paths1_thr0.8,AppleSupport,Investigate issue,16,7,4,0,0.8,1.0,0.888888888888889,0.7135060680126758,0.8181818181818181
Gemini,triggers,validated_paths1_thr0.8,AppleSupport,Mac,3,27,1,0,0.75,1.0,0.8571428571428571,0.8504200642707612,0.9821428571428572
Gemini,triggers,validated_paths1_thr0.8,AppleSupport,Provide URL,16,11,0,0,1.0,1.0,1.0,1.0,1.0
Gemini,triggers,validated_paths1_thr0.8,AppleSupport,Provide device model,6,21,4,0,0.6,1.0,0.7499999999999999,0.7099295739719539,0.9199999999999999
Gemini,triggers,validated_paths1_thr0.8,AppleSupport,Provide system version,10,17,4,0,0.7142857142857143,1.0,0.8333333333333333,0.7604152106033959,0.9047619047619048
Gemini,triggers,validated_paths1_thr0.8,AppleSupport,Recommend backing up,0,27,0,0,0.0,0.0,0.0,0.0,0.5
Gemini,triggers,validated_paths1_thr0.8,AppleSupport,Recommend updating,0,27,0,0,0.0,0.0,0.0,0.0,0.5
Gemini,triggers,validated_paths1_thr0.8,AppleSupport,Refer to specialist team,0,27,0,0,0.0,0.0,0.0,0.0,0.5
Gemini,triggers,validated_paths1_thr0.8,AppleSupport,Refund,2,29,0,0,1.0,1.0,1.0,1.0,1.0
Gemini,triggers,validated_paths1_thr0.8,AppleSupport,Request DM,12,14,1,0,0.9230769230769231,1.0,0.9600000000000001,0.9281909617845143,0.9666666666666667
Gemini,triggers,validated_paths1_thr0.8,AppleSupport,Request country,0,27,0,0,0.0,0.0,0.0,0.0,0.5
Gemini,triggers,validated_paths1_thr0.8,AppleSupport,Request device model,3,24,0,0,1.0,1.0,1.0,1.0,1.0
Gemini,triggers,validated_paths1_thr0.8,AppleSupport,Request device restart,1,26,0,0,1.0,1.0,1.0,1.0,1.0
Gemini,triggers,validated_paths1_thr0.8,AppleSupport,Request iOS version,8,19,0,0,1.0,1.0,1.0,1.0,1.0
Gemini,triggers,validated_paths1_thr0.8,AppleSupport,Restart device,3,27,1,0,0.75,1.0,0.8571428571428571,0.8504200642707612,0.9821428571428572
Gemini,triggers,validated_paths1_thr0.8,AppleSupport,Software/App,4,21,0,6,1.0,0.4,0.5714285714285715,0.5577733510227171,0.7
Gemini,triggers,validated_paths1_thr0.8,AppleSupport,TV,0,31,0,0,0.0,0.0,0.0,0.0,0.5
Gemini,triggers,validated_paths1_thr0.8,AppleSupport,Unresponsive/Freezing Device,5,24,2,0,0.7142857142857143,1.0,0.8333333333333333,0.8119979429411501,0.9615384615384616
Gemini,triggers,validated_paths1_thr0.8,AppleSupport,Update,14,17,0,0,1.0,1.0,1.0,1.0,1.0
Gemini,triggers,validated_paths1_thr0.8,AppleSupport,iPad,0,31,0,0,0.0,0.0,0.0,0.0,0.5
Gemini,triggers,validated_paths1_thr0.8,AppleSupport,iPhone,5,20,1,5,0.8333333333333334,0.5,0.625,0.5352643613280605,0.7261904761904762
Gemini,triggers,validated_paths1_thr0.8,SpotifyCares,Account,5,29,0,1,1.0,0.8333333333333334,0.9090909090909091,0.8975274678557507,0.9166666666666667
Gemini,triggers,validated_paths1_thr0.8,SpotifyCares,Advertisement,2,33,0,0,1.0,1.0,1.0,1.0,1.0
Gemini,triggers,validated_paths1_thr0.8,SpotifyCares,App,5,24,2,4,0.7142857142857143,0.5555555555555556,0.6250000000000001,0.5229763603684908,0.7393162393162394
Gemini,triggers,validated_paths1_thr0.8,SpotifyCares,Billing/Payment,7,28,0,0,1.0,1.0,1.0,1.0,1.0
Gemini,triggers,validated_paths1_thr0.8,SpotifyCares,Family Subscription,1,34,0,0,1.0,1.0,1.0,1.0,1.0
Gemini,triggers,validated_paths1_thr0.8,SpotifyCares,Hulu,1,34,0,0,1.0,1.0,1.0,1.0,1.0
Gemini,triggers,validated_paths1_thr0.8,SpotifyCares,Login,4,29,2,0,0.6666666666666666,1.0,0.8,0.7897188828807974,0.967741935483871
Gemini,triggers,validated_paths1_thr0.8,SpotifyCares,Logout,2,31,2,0,0.5,1.0,0.6666666666666666,0.6853444168423419,0.9696969696969697
Gemini,triggers,validated_paths1_thr0.8,SpotifyCares,Offer further help,4,23,1,0,0.8,1.0,0.888888888888889,0.8755950357709131,0.9791666666666667
Gemini,triggers,validated_paths1_thr0.8,SpotifyCares,Playlist,2,33,0,0,1.0,1.0,1.0,1.0,1.0
Gemini,triggers,validated_paths1_thr0.8,SpotifyCares,Premium,2,33,0,0,1.0,1.0,1.0,1.0,1.0
Gemini,triggers,validated_paths1_thr0.8,SpotifyCares,Provide OS version,2,33,0,0,1.0,1.0,1.0,1.0,1.0
Gemini,triggers,validated_paths1_thr0.8,SpotifyCares,Provide URL,13,15,0,0,1.0,1.0,1.0,1.0,1.0
Gemini,triggers,validated_paths1_thr0.8,SpotifyCares,Provide device model,4,29,2,0,0.6666666666666666,1.0,0.8,0.7897188828807974,0.967741935483871
Gemini,triggers,validated_paths1_thr0.8,SpotifyCares,Provide email address,0,35,0,0,0.0,0.0,0.0,0.0,0.5
Gemini,triggers,validated_paths1_thr0.8,SpotifyCares,Provide error message,3,30,0,2,1.0,0.6,0.7499999999999999,0.75,0.8
Gemini,triggers,validated_paths1_thr0.8,SpotifyCares,Provide spotify version,2,33,0,0,1.0,1.0,1.0,1.0,1.0
Gemini,triggers,validated_paths1_thr0.8,SpotifyCares,Provide username,0,35,0,0,0.0,0.0,0.0,0.0,0.5
Gemini,triggers,validated_paths1_thr0.8,SpotifyCares,Refer to specialist team,0,28,0,0,0.0,0.0,0.0,0.0,0.5
Gemini,triggers,validated_paths1_thr0.8,SpotifyCares,Reinstall the app,1,34,0,0,1.0,1.0,1.0,1.0,1.0
Gemini,triggers,validated_paths1_thr0.8,SpotifyCares,Request DM,7,21,0,0,1.0,1.0,1.0,1.0,1.0
Gemini,triggers,validated_paths1_thr0.8,SpotifyCares,Request OS version,3,25,0,0,1.0,1.0,1.0,1.0,1.0
Gemini,triggers,validated_paths1_thr0.8,SpotifyCares,Request Spotify version,4,24,0,0,1.0,1.0,1.0,1.0,1.0
Gemini,triggers,validated_paths1_thr0.8,SpotifyCares,Request device restart,3,25,0,0,1.0,1.0,1.0,1.0,1.0
Gemini,triggers,validated_paths1_thr0.8,SpotifyCares,Request device version,4,24,0,0,1.0,1.0,1.0,1.0,1.0
Gemini,triggers,validated_paths1_thr0.8,SpotifyCares,Request email address,6,22,0,0,1.0,1.0,1.0,1.0,1.0
Gemini,triggers,validated_paths1_thr0.8,SpotifyCares,Request error message,3,25,0,0,1.0,1.0,1.0,1.0,1.0
Gemini,triggers,validated_paths1_thr0.8,SpotifyCares,Request exact issue description,1,27,0,0,1.0,1.0,1.0,1.0,1.0
Gemini,triggers,validated_paths1_thr0.8,SpotifyCares,Request login,3,25,0,0,1.0,1.0,1.0,1.0,1.0
Gemini,triggers,validated_paths1_thr0.8,SpotifyCares,Request logout,3,25,0,0,1.0,1.0,1.0,1.0,1.0
Gemini,triggers,validated_paths1_thr0.8,SpotifyCares,Request reinstall the app,2,26,0,0,1.0,1.0,1.0,1.0,1.0
Gemini,triggers,validated_paths1_thr0.8,SpotifyCares,Request username,5,23,0,0,1.0,1.0,1.0,1.0,1.0
Gemini,triggers,validated_paths1_thr0.8,SpotifyCares,Restart device,2,32,1,0,0.6666666666666666,1.0,0.8,0.8040302522073697,0.9848484848484849
Gemini,triggers,validated_paths1_thr0.8,SpotifyCares,Song/Artist,4,29,1,1,0.8,0.8,0.8000000000000002,0.7666666666666667,0.8833333333333333
Gemini,triggers,validated_paths1_thr0.8,SpotifyCares,Student Subscription,2,33,0,0,1.0,1.0,1.0,1.0,1.0
Gemini,triggers,validated_paths3_thr0.8,AmazonHelp,Account,2,17,1,0,0.6666666666666666,1.0,0.8,0.7934920476158722,0.9722222222222222
Gemini,triggers,validated_paths3_thr0.8,AmazonHelp,Alexa,2,18,0,0,1.0,1.0,1.0,1.0,1.0
Gemini,triggers,validated_paths3_thr0.8,AmazonHelp,Apologize,8,11,0,0,1.0,1.0,1.0,1.0,1.0
Gemini,triggers,validated_paths3_thr0.8,AmazonHelp,Bad Support,2,16,1,1,0.6666666666666666,0.6666666666666666,0.6666666666666666,0.6078431372549019,0.803921568627451
Gemini,triggers,validated_paths3_thr0.8,AmazonHelp,Delivery,6,12,1,1,0.8571428571428571,0.8571428571428571,0.8571428571428571,0.7802197802197802,0.8901098901098901
Gemini,triggers,validated_paths3_thr0.8,AmazonHelp,Echo,3,17,0,0,1.0,1.0,1.0,1.0,1.0
Gemini,triggers,validated_paths3_thr0.8,AmazonHelp,Investigate Issue,8,9,2,0,0.8,1.0,0.888888888888889,0.8090398349558905,0.9090909090909092
Gemini,triggers,validated_paths3_thr0.8,AmazonHelp,Kindle,0,20,0,0,0.0,0.0,0.0,0.0,0.5
Gemini,triggers,validated_paths3_thr0.8,AmazonHelp,Order Cancellation,1,19,0,0,1.0,1.0,1.0,1.0,1.0
Gemini,triggers,validated_paths3_thr0.8,AmazonHelp,Packaging,1,19,0,0,1.0,1.0,1.0,1.0,1.0
Gemini,triggers,validated_paths3_thr0.8,AmazonHelp,Prime,7,13,0,0,1.0,1.0,1.0,1.0,1.0
Gemini,triggers,validated_paths3_thr0.8,AmazonHelp,Provide URL,13,6,0,0,1.0,1.0,1.0,1.0,1.0
Gemini,triggers,validated_paths3_thr0.8,AmazonHelp,Provide delivery date,2,17,0,0,1.0,1.0,1.0,1.0,1.0
Gemini,triggers,validated_paths3_thr0.8,AmazonHelp,Refer to specialist team,2,17,0,0,1.0,1.0,1.0,1.0,1.0
Gemini,triggers,validated_paths3_thr0.8,AmazonHelp,Refund,0,20,0,0,0.0,0.0,0.0,0.0,0.5
Gemini,triggers,validated_paths3_thr0.8,AmazonHelp,Replacement,0,20,0,0,0.0,0.0,0.0,0.0,0.5
Gemini,triggers,validated_paths3_thr0.8,AmazonHelp,Request to call by phone,3,16,0,0,1.0,1.0,1.0,1.0,1.0
Gemini,triggers,validated_paths3_thr0.8,AmazonHelp,Request to not send personal details,1,18,0,0,1.0,1.0,1.0,1.0,1.0
Gemini,triggers,validated_paths3_thr0.8,AmazonHelp,Request to reach out by chat,2,17,0,0,1.0,1.0,1.0,1.0,1.0
Gemini,triggers,validated_paths3_thr0.8,AmazonHelp,Return,2,18,0,0,1.0,1.0,1.0,1.0,1.0
Gemini,triggers,validated_paths3_thr0.8,AppleSupport,Battery,6,24,1,0,0.8571428571428571,1.0,0.923076923076923,0.9071147352221454,0.98
Gemini,triggers,validated_paths3_thr0.8,AppleSupport,Investigate issue,15,7,4,1,0.7894736842105263,0.9375,0.8571428571428572,0.6175089349062046,0.7869318181818181
Gemini,triggers,validated_paths3_thr0.8,AppleSupport,Mac,3,27,1,0,0.75,1.0,0.8571428571428571,0.8504200642707612,0.9821428571428572
Gemini,triggers,validated_paths3_thr0.8,AppleSupport,Provide URL,16,11,0,0,1.0,1.0,1.0,1.0,1.0
Gemini,triggers,validated_paths3_thr0.8,AppleSupport,Provide device model,6,21,4,0,0.6,1.0,0.7499999999999999,0.7099295739719539,0.9199999999999999
Gemini,triggers,validated_paths3_thr0.8,AppleSupport,Provide system version,10,17,4,0,0.7142857142857143,1.0,0.8333333333333333,0.7604152106033959,0.9047619047619048
Gemini,triggers,validated_paths3_thr0.8,AppleSupport,Recommend backing up,0,27,0,0,0.0,0.0,0.0,0.0,0.5
Gemini,triggers,validated_paths3_thr0.8,AppleSupport,Recommend updating,0,27,0,0,0.0,0.0,0.0,0.0,0.5
Gemini,triggers,validated_paths3_thr0.8,AppleSupport,Refer to specialist team,0,27,0,0,0.0,0.0,0.0,0.0,0.5
Gemini,triggers,validated_paths3_thr0.8,AppleSupport,Refund,2,29,0,0,1.0,1.0,1.0,1.0,1.0
Gemini,triggers,validated_paths3_thr0.8,AppleSupport,Request DM,12,15,0,0,1.0,1.0,1.0,1.0,1.0
Gemini,triggers,validated_paths3_thr0.8,AppleSupport,Request country,0,27,0,0,0.0,0.0,0.0,0.0,0.5
Gemini,triggers,validated_paths3_thr0.8,AppleSupport,Request device model,3,24,0,0,1.0,1.0,1.0,1.0,1.0
Gemini,triggers,validated_paths3_thr0.8,AppleSupport,Request device restart,1,26,0,0,1.0,1.0,1.0,1.0,1.0
Gemini,triggers,validated_paths3_thr0.8,AppleSupport,Request iOS version,8,19,0,0,1.0,1.0,1.0,1.0,1.0
Gemini,triggers,validated_paths3_thr0.8,AppleSupport,Restart device,3,27,1,0,0.75,1.0,0.8571428571428571,0.8504200642707612,0.9821428571428572
Gemini,triggers,validated_paths3_thr0.8,AppleSupport,Software/App,4,21,0,6,1.0,0.4,0.5714285714285715,0.5577733510227171,0.7
Gemini,triggers,validated_paths3_thr0.8,AppleSupport,TV,0,31,0,0,0.0,0.0,0.0,0.0,0.5
Gemini,triggers,validated_paths3_thr0.8,AppleSupport,Unresponsive/Freezing Device,5,24,2,0,0.7142857142857143,1.0,0.8333333333333333,0.8119979429411501,0.9615384615384616
Gemini,triggers,validated_paths3_thr0.8,AppleSupport,Update,14,17,0,0,1.0,1.0,1.0,1.0,1.0
Gemini,triggers,validated_paths3_thr0.8,AppleSupport,iPad,0,31,0,0,0.0,0.0,0.0,0.0,0.5
Gemini,triggers,validated_paths3_thr0.8,AppleSupport,iPhone,5,20,1,5,0.8333333333333334,0.5,0.625,0.5352643613280605,0.7261904761904762
Gemini,triggers,validated_paths3_thr0.8,SpotifyCares,Account,5,29,0,1,1.0,0.8333333333333334,0.9090909090909091,0.8975274678557507,0.9166666666666667
Gemini,triggers,validated_paths3_thr0.8,SpotifyCares,Advertisement,2,33,0,0,1.0,1.0,1.0,1.0,1.0
Gemini,triggers,validated_paths3_thr0.8,SpotifyCares,App,5,24,2,4,0.7142857142857143,0.5555555555555556,0.6250000000000001,0.5229763603684908,0.7393162393162394
Gemini,triggers,validated_paths3_thr0.8,SpotifyCares,Billing/Payment,7,28,0,0,1.0,1.0,1.0,1.0,1.0
Gemini,triggers,validated_paths3_thr0.8,SpotifyCares,Family Subscription,1,34,0,0,1.0,1.0,1.0,1.0,1.0
Gemini,triggers,validated_paths3_thr0.8,SpotifyCares,Hulu,1,34,0,0,1.0,1.0,1.0,1.0,1.0
Gemini,triggers,validated_paths3_thr0.8,SpotifyCares,Login,4,29,2,0,0.6666666666666666,1.0,0.8,0.7897188828807974,0.967741935483871
Gemini,triggers,validated_paths3_thr0.8,SpotifyCares,Logout,2,31,2,0,0.5,1.0,0.6666666666666666,0.6853444168423419,0.9696969696969697
Gemini,triggers,validated_paths3_thr0.8,SpotifyCares,Offer further help,4,23,1,0,0.8,1.0,0.888888888888889,0.8755950357709131,0.9791666666666667
Gemini,triggers,validated_paths3_thr0.8,SpotifyCares,Playlist,2,33,0,0,1.0,1.0,1.0,1.0,1.0
Gemini,triggers,validated_paths3_thr0.8,SpotifyCares,Premium,2,33,0,0,1.0,1.0,1.0,1.0,1.0
Gemini,triggers,validated_paths3_thr0.8,SpotifyCares,Provide OS version,2,33,0,0,1.0,1.0,1.0,1.0,1.0
Gemini,triggers,validated_paths3_thr0.8,SpotifyCares,Provide URL,13,15,0,0,1.0,1.0,1.0,1.0,1.0
Gemini,triggers,validated_paths3_thr0.8,SpotifyCares,Provide device model,4,29,2,0,0.6666666666666666,1.0,0.8,0.7897188828807974,0.967741935483871
Gemini,triggers,validated_paths3_thr0.8,SpotifyCares,Provide email address,0,35,0,0,0.0,0.0,0.0,0.0,0.5
Gemini,triggers,validated_paths3_thr0.8,SpotifyCares,Provide error message,3,30,0,2,1.0,0.6,0.7499999999999999,0.75,0.8
Gemini,triggers,validated_paths3_thr0.8,SpotifyCares,Provide spotify version,2,33,0,0,1.0,1.0,1.0,1.0,1.0
Gemini,triggers,validated_paths3_thr0.8,SpotifyCares,Provide username,0,35,0,0,0.0,0.0,0.0,0.0,0.5
Gemini,triggers,validated_paths3_thr0.8,SpotifyCares,Refer to specialist team,0,28,0,0,0.0,0.0,0.0,0.0,0.5
Gemini,triggers,validated_paths3_thr0.8,SpotifyCares,Reinstall the app,1,34,0,0,1.0,1.0,1.0,1.0,1.0
Gemini,triggers,validated_paths3_thr0.8,SpotifyCares,Request DM,7,21,0,0,1.0,1.0,1.0,1.0,1.0
Gemini,triggers,validated_paths3_thr0.8,SpotifyCares,Request OS version,3,25,0,0,1.0,1.0,1.0,1.0,1.0
Gemini,triggers,validated_paths3_thr0.8,SpotifyCares,Request Spotify version,4,24,0,0,1.0,1.0,1.0,1.0,1.0
Gemini,triggers,validated_paths3_thr0.8,SpotifyCares,Request device restart,3,25,0,0,1.0,1.0,1.0,1.0,1.0
Gemini,triggers,validated_paths3_thr0.8,SpotifyCares,Request device version,4,24,0,0,1.0,1.0,1.0,1.0,1.0
Gemini,triggers,validated_paths3_thr0.8,SpotifyCares,Request email address,6,22,0,0,1.0,1.0,1.0,1.0,1.0
Gemini,triggers,validated_paths3_thr0.8,SpotifyCares,Request error message,3,25,0,0,1.0,1.0,1.0,1.0,1.0
Gemini,triggers,validated_paths3_thr0.8,SpotifyCares,Request exact issue description,1,27,0,0,1.0,1.0,1.0,1.0,1.0
Gemini,triggers,validated_paths3_thr0.8,SpotifyCares,Request login,3,25,0,0,1.0,1.0,1.0,1.0,1.0
Gemini,triggers,validated_paths3_thr0.8,SpotifyCares,Request logout,3,25,0,0,1.0,1.0,1.0,1.0,1.0
Gemini,triggers,validated_paths3_thr0.8,SpotifyCares,Request reinstall the app,2,26,0,0,1.0,1.0,1.0,1.0,1.0
Gemini,triggers,validated_paths3_thr0.8,SpotifyCares,Request username,5,23,0,0,1.0,1.0,1.0,1.0,1.0
Gemini,triggers,validated_paths3_thr0.8,SpotifyCares,Restart device,2,32,1,0,0.6666666666666666,1.0,0.8,0.8040302522073697,0.9848484848484849
Gemini,triggers,validated_paths3_thr0.8,SpotifyCares,Song/Artist,4,29,1,1,0.8,0.8,0.8000000000000002,0.7666666666666667,0.8833333333333333
Gemini,triggers,validated_paths3_thr0.8,SpotifyCares,Student Subscription,2,33,0,0,1.0,1.0,1.0,1.0,1.0
Gemini,triggers,validated_paths5_thr0.8,AmazonHelp,Account,2,17,1,0,0.6666666666666666,1.0,0.8,0.7934920476158722,0.9722222222222222
Gemini,triggers,validated_paths5_thr0.8,AmazonHelp,Alexa,2,18,0,0,1.0,1.0,1.0,1.0,1.0
Gemini,triggers,validated_paths5_thr0.8,AmazonHelp,Apologize,8,11,0,0,1.0,1.0,1.0,1.0,1.0
Gemini,triggers,validated_paths5_thr0.8,AmazonHelp,Bad Support,2,16,1,1,0.6666666666666666,0.6666666666666666,0.6666666666666666,0.6078431372549019,0.803921568627451
Gemini,triggers,validated_paths5_thr0.8,AmazonHelp,Delivery,6,12,1,1,0.8571428571428571,0.8571428571428571,0.8571428571428571,0.7802197802197802,0.8901098901098901
Gemini,triggers,validated_paths5_thr0.8,AmazonHelp,Echo,3,17,0,0,1.0,1.0,1.0,1.0,1.0
Gemini,triggers,validated_paths5_thr0.8,AmazonHelp,Investigate Issue,8,9,2,0,0.8,1.0,0.888888888888889,0.8090398349558905,0.9090909090909092
Gemini,triggers,validated_paths5_thr0.8,AmazonHelp,Kindle,0,20,0,0,0.0,0.0,0.0,0.0,0.5
Gemini,triggers,validated_paths5_thr0.8,AmazonHelp,Order Cancellation,1,19,0,0,1.0,1.0,1.0,1.0,1.0
Gemini,triggers,validated_paths5_thr0.8,AmazonHelp,Packaging,1,19,0,0,1.0,1.0,1.0,1.0,1.0
Gemini,triggers,validated_paths5_thr0.8,AmazonHelp,Prime,7,13,0,0,1.0,1.0,1.0,1.0,1.0
Gemini,triggers,validated_paths5_thr0.8,AmazonHelp,Provide URL,13,6,0,0,1.0,1.0,1.0,1.0,1.0
Gemini,triggers,validated_paths5_thr0.8,AmazonHelp,Provide delivery date,2,17,0,0,1.0,1.0,1.0,1.0,1.0
Gemini,triggers,validated_paths5_thr0.8,AmazonHelp,Refer to specialist team,2,17,0,0,1.0,1.0,1.0,1.0,1.0
Gemini,triggers,validated_paths5_thr0.8,AmazonHelp,Refund,0,20,0,0,0.0,0.0,0.0,0.0,0.5
Gemini,triggers,validated_paths5_thr0.8,AmazonHelp,Replacement,0,20,0,0,0.0,0.0,0.0,0.0,0.5
Gemini,triggers,validated_paths5_thr0.8,AmazonHelp,Request to call by phone,3,16,0,0,1.0,1.0,1.0,1.0,1.0
Gemini,triggers,validated_paths5_thr0.8,AmazonHelp,Request to not send personal details,1,18,0,0,1.0,1.0,1.0,1.0,1.0
Gemini,triggers,validated_paths5_thr0.8,AmazonHelp,Request to reach out by chat,2,17,0,0,1.0,1.0,1.0,1.0,1.0
Gemini,triggers,validated_paths5_thr0.8,AmazonHelp,Return,2,18,0,0,1.0,1.0,1.0,1.0,1.0
Gemini,triggers,validated_paths5_thr0.8,AppleSupport,Battery,6,24,1,0,0.8571428571428571,1.0,0.923076923076923,0.9071147352221454,0.98
Gemini,triggers,validated_paths5_thr0.8,AppleSupport,Investigate issue,15,7,4,1,0.7894736842105263,0.9375,0.8571428571428572,0.6175089349062046,0.7869318181818181
Gemini,triggers,validated_paths5_thr0.8,AppleSupport,Mac,3,27,1,0,0.75,1.0,0.8571428571428571,0.8504200642707612,0.9821428571428572
Gemini,triggers,validated_paths5_thr0.8,AppleSupport,Provide URL,16,11,0,0,1.0,1.0,1.0,1.0,1.0
Gemini,triggers,validated_paths5_thr0.8,AppleSupport,Provide device model,6,21,4,0,0.6,1.0,0.7499999999999999,0.7099295739719539,0.9199999999999999
Gemini,triggers,validated_paths5_thr0.8,AppleSupport,Provide system version,10,17,4,0,0.7142857142857143,1.0,0.8333333333333333,0.7604152106033959,0.9047619047619048
Gemini,triggers,validated_paths5_thr0.8,AppleSupport,Recommend backing up,0,27,0,0,0.0,0.0,0.0,0.0,0.5
Gemini,triggers,validated_paths5_thr0.8,AppleSupport,Recommend updating,0,27,0,0,0.0,0.0,0.0,0.0,0.5
Gemini,triggers,validated_paths5_thr0.8,AppleSupport,Refer to specialist team,0,27,0,0,0.0,0.0,0.0,0.0,0.5
Gemini,triggers,validated_paths5_thr0.8,AppleSupport,Refund,2,29,0,0,1.0,1.0,1.0,1.0,1.0
Gemini,triggers,validated_paths5_thr0.8,AppleSupport,Request DM,12,14,1,0,0.9230769230769231,1.0,0.9600000000000001,0.9281909617845143,0.9666666666666667
Gemini,triggers,validated_paths5_thr0.8,AppleSupport,Request country,0,27,0,0,0.0,0.0,0.0,0.0,0.5
Gemini,triggers,validated_paths5_thr0.8,AppleSupport,Request device model,3,24,0,0,1.0,1.0,1.0,1.0,1.0
Gemini,triggers,validated_paths5_thr0.8,AppleSupport,Request device restart,1,26,0,0,1.0,1.0,1.0,1.0,1.0
Gemini,triggers,validated_paths5_thr0.8,AppleSupport,Request iOS version,8,19,0,0,1.0,1.0,1.0,1.0,1.0
Gemini,triggers,validated_paths5_thr0.8,AppleSupport,Restart device,3,27,1,0,0.75,1.0,0.8571428571428571,0.8504200642707612,0.9821428571428572
Gemini,triggers,validated_paths5_thr0.8,AppleSupport,Software/App,4,21,0,6,1.0,0.4,0.5714285714285715,0.5577733510227171,0.7
Gemini,triggers,validated_paths5_thr0.8,AppleSupport,TV,0,31,0,0,0.0,0.0,0.0,0.0,0.5
Gemini,triggers,validated_paths5_thr0.8,AppleSupport,Unresponsive/Freezing Device,5,24,2,0,0.7142857142857143,1.0,0.8333333333333333,0.8119979429411501,0.9615384615384616
Gemini,triggers,validated_paths5_thr0.8,AppleSupport,Update,14,17,0,0,1.0,1.0,1.0,1.0,1.0
Gemini,triggers,validated_paths5_thr0.8,AppleSupport,iPad,0,31,0,0,0.0,0.0,0.0,0.0,0.5
Gemini,triggers,validated_paths5_thr0.8,AppleSupport,iPhone,5,20,1,5,0.8333333333333334,0.5,0.625,0.5352643613280605,0.7261904761904762
Gemini,triggers,validated_paths5_thr0.8,SpotifyCares,Account,5,29,0,1,1.0,0.8333333333333334,0.9090909090909091,0.8975274678557507,0.9166666666666667
Gemini,triggers,validated_paths5_thr0.8,SpotifyCares,Advertisement,2,33,0,0,1.0,1.0,1.0,1.0,1.0
Gemini,triggers,validated_paths5_thr0.8,SpotifyCares,App,5,24,2,4,0.7142857142857143,0.5555555555555556,0.6250000000000001,0.5229763603684908,0.7393162393162394
Gemini,triggers,validated_paths5_thr0.8,SpotifyCares,Billing/Payment,7,28,0,0,1.0,1.0,1.0,1.0,1.0
Gemini,triggers,validated_paths5_thr0.8,SpotifyCares,Family Subscription,1,34,0,0,1.0,1.0,1.0,1.0,1.0
Gemini,triggers,validated_paths5_thr0.8,SpotifyCares,Hulu,1,34,0,0,1.0,1.0,1.0,1.0,1.0
Gemini,triggers,validated_paths5_thr0.8,SpotifyCares,Login,4,29,2,0,0.6666666666666666,1.0,0.8,0.7897188828807974,0.967741935483871
Gemini,triggers,validated_paths5_thr0.8,SpotifyCares,Logout,2,31,2,0,0.5,1.0,0.6666666666666666,0.6853444168423419,0.9696969696969697
Gemini,triggers,validated_paths5_thr0.8,SpotifyCares,Offer further help,4,23,1,0,0.8,1.0,0.888888888888889,0.8755950357709131,0.9791666666666667
Gemini,triggers,validated_paths5_thr0.8,SpotifyCares,Playlist,2,33,0,0,1.0,1.0,1.0,1.0,1.0
Gemini,triggers,validated_paths5_thr0.8,SpotifyCares,Premium,2,33,0,0,1.0,1.0,1.0,1.0,1.0
Gemini,triggers,validated_paths5_thr0.8,SpotifyCares,Provide OS version,2,33,0,0,1.0,1.0,1.0,1.0,1.0
Gemini,triggers,validated_paths5_thr0.8,SpotifyCares,Provide URL,13,15,0,0,1.0,1.0,1.0,1.0,1.0
Gemini,triggers,validated_paths5_thr0.8,SpotifyCares,Provide device model,4,29,2,0,0.6666666666666666,1.0,0.8,0.7897188828807974,0.967741935483871
Gemini,triggers,validated_paths5_thr0.8,SpotifyCares,Provide email address,0,35,0,0,0.0,0.0,0.0,0.0,0.5
Gemini,triggers,validated_paths5_thr0.8,SpotifyCares,Provide error message,3,30,0,2,1.0,0.6,0.7499999999999999,0.75,0.8
Gemini,triggers,validated_paths5_thr0.8,SpotifyCares,Provide spotify version,2,33,0,0,1.0,1.0,1.0,1.0,1.0
Gemini,triggers,validated_paths5_thr0.8,SpotifyCares,Provide username,0,35,0,0,0.0,0.0,0.0,0.0,0.5
Gemini,triggers,validated_paths5_thr0.8,SpotifyCares,Refer to specialist team,0,28,0,0,0.0,0.0,0.0,0.0,0.5
Gemini,triggers,validated_paths5_thr0.8,SpotifyCares,Reinstall the app,1,34,0,0,1.0,1.0,1.0,1.0,1.0
Gemini,triggers,validated_paths5_thr0.8,SpotifyCares,Request DM,7,21,0,0,1.0,1.0,1.0,1.0,1.0
Gemini,triggers,validated_paths5_thr0.8,SpotifyCares,Request OS version,3,25,0,0,1.0,1.0,1.0,1.0,1.0
Gemini,triggers,validated_paths5_thr0.8,SpotifyCares,Request Spotify version,4,24,0,0,1.0,1.0,1.0,1.0,1.0
Gemini,triggers,validated_paths5_thr0.8,SpotifyCares,Request device restart,3,25,0,0,1.0,1.0,1.0,1.0,1.0
Gemini,triggers,validated_paths5_thr0.8,SpotifyCares,Request device version,4,24,0,0,1.0,1.0,1.0,1.0,1.0
Gemini,triggers,validated_paths5_thr0.8,SpotifyCares,Request email address,6,22,0,0,1.0,1.0,1.0,1.0,1.0
Gemini,triggers,validated_paths5_thr0.8,SpotifyCares,Request error message,3,25,0,0,1.0,1.0,1.0,1.0,1.0
Gemini,triggers,validated_paths5_thr0.8,SpotifyCares,Request exact issue description,1,27,0,0,1.0,1.0,1.0,1.0,1.0
Gemini,triggers,validated_paths5_thr0.8,SpotifyCares,Request login,3,25,0,0,1.0,1.0,1.0,1.0,1.0
Gemini,triggers,validated_paths5_thr0.8,SpotifyCares,Request logout,3,25,0,0,1.0,1.0,1.0,1.0,1.0
Gemini,triggers,validated_paths5_thr0.8,SpotifyCares,Request reinstall the app,2,26,0,0,1.0,1.0,1.0,1.0,1.0
Gemini,triggers,validated_paths5_thr0.8,SpotifyCares,Request username,5,23,0,0,1.0,1.0,1.0,1.0,1.0
Gemini,triggers,validated_paths5_thr0.8,SpotifyCares,Restart device,2,32,1,0,0.6666666666666666,1.0,0.8,0.8040302522073697,0.9848484848484849
Gemini,triggers,validated_paths5_thr0.8,SpotifyCares,Song/Artist,4,29,1,1,0.8,0.8,0.8000000000000002,0.7666666666666667,0.8833333333333333
Gemini,triggers,validated_paths5_thr0.8,SpotifyCares,Student Subscription,2,33,0,0,1.0,1.0,1.0,1.0,1.0
